target_vol,max_lev,vol_floor,cagr_pct,equity_dd_pct,sharpe,profit_factor,recovery_factor,trades,net_profit,years
0.1,8.0,0.01,3.2488,2.2672,1.0852,1.3993,2.1179,206,488.61,1.492
0.1,8.0,0.02,2.6695,2.3156,0.9282,1.3313,1.7036,206,400.93,1.492
0.1,8.0,0.03,2.5919000000000003,2.2283,0.9746,1.3813,1.7157,206,389.2,1.492
0.1,8.0,0.04,2.5765,2.3177,1.0939,1.4097,1.6416,206,386.87,1.492
0.1,8.0,0.05,2.6733,2.1127,1.2504,1.4665,1.8718,206,401.51,1.492
0.1,8.0,0.06,2.7897000000000003,1.8453,1.4218,1.5243,2.2386,206,419.11,1.492
0.1,8.0,0.07,2.8566000000000003,1.6275,1.5621,1.5756,2.5993,206,429.23,1.492
0.1,8.0,0.08,2.8683,1.4208,1.659,1.6088,2.9937,206,431.0,1.492
0.1,16.0,0.08,2.8683,1.4208,1.659,1.6088,2.9937,206,431.0,1.492
0.1,16.0,0.01,3.2615,2.2672,1.0841,1.4008,2.095,206,490.54,1.492
0.1,16.0,0.02,2.6695,2.3156,0.9282,1.3313,1.7036,206,400.93,1.492
0.1,16.0,0.03,2.5919000000000003,2.2283,0.9746,1.3813,1.7157,206,389.2,1.492
0.1,16.0,0.04,2.5765,2.3177,1.0939,1.4097,1.6416,206,386.87,1.492
0.1,16.0,0.05,2.6733,2.1127,1.2504,1.4665,1.8718,206,401.51,1.492
0.1,16.0,0.06,2.7897000000000003,1.8453,1.4218,1.5243,2.2386,206,419.11,1.492
0.1,16.0,0.07,2.8566000000000003,1.6275,1.5621,1.5756,2.5993,206,429.23,1.492
0.1,24.0,0.03,2.5919000000000003,2.2283,0.9746,1.3813,1.7157,206,389.2,1.492
0.1,24.0,0.04,2.5765,2.3177,1.0939,1.4097,1.6416,206,386.87,1.492
0.1,24.0,0.05,2.6733,2.1127,1.2504,1.4665,1.8718,206,401.51,1.492
0.1,24.0,0.06,2.7897000000000003,1.8453,1.4218,1.5243,2.2386,206,419.11,1.492
0.1,24.0,0.07,2.8566000000000003,1.6275,1.5621,1.5756,2.5993,206,429.23,1.492
0.1,24.0,0.08,2.8683,1.4208,1.659,1.6088,2.9937,206,431.0,1.492
0.1,24.0,0.01,3.2615,2.2672,1.0841,1.4008,2.095,206,490.54,1.492
0.1,24.0,0.02,2.6695,2.3156,0.9282,1.3313,1.7036,206,400.93,1.492
0.1,32.0,0.01,3.2615,2.2672,1.0841,1.4008,2.095,206,490.54,1.492
0.1,32.0,0.02,2.6695,2.3156,0.9282,1.3313,1.7036,206,400.93,1.492
0.1,32.0,0.03,2.5919000000000003,2.2283,0.9746,1.3813,1.7157,206,389.2,1.492
0.1,32.0,0.04,2.5765,2.3177,1.0939,1.4097,1.6416,206,386.87,1.492
0.1,32.0,0.05,2.6733,2.1127,1.2504,1.4665,1.8718,206,401.51,1.492
0.1,32.0,0.06,2.7897000000000003,1.8453,1.4218,1.5243,2.2386,206,419.11,1.492
0.1,32.0,0.07,2.8566000000000003,1.6275,1.5621,1.5756,2.5993,206,429.23,1.492
0.1,32.0,0.08,2.8683,1.4208,1.659,1.6088,2.9937,206,431.0,1.492
0.1,40.0,0.05,2.6733,2.1127,1.2504,1.4665,1.8718,206,401.51,1.492
0.1,40.0,0.06,2.7897000000000003,1.8453,1.4218,1.5243,2.2386,206,419.11,1.492
0.1,40.0,0.07,2.8566000000000003,1.6275,1.5621,1.5756,2.5993,206,429.23,1.492
0.1,40.0,0.08,2.8683,1.4208,1.659,1.6088,2.9937,206,431.0,1.492
0.1,40.0,0.01,3.2615,2.2672,1.0841,1.4008,2.095,206,490.54,1.492
0.1,40.0,0.02,2.6695,2.3156,0.9282,1.3313,1.7036,206,400.93,1.492
0.1,40.0,0.03,2.5919000000000003,2.2283,0.9746,1.3813,1.7157,206,389.2,1.492
0.1,40.0,0.04,2.5765,2.3177,1.0939,1.4097,1.6416,206,386.87,1.492
0.1,48.0,0.01,3.2615,2.2672,1.0841,1.4008,2.095,206,490.54,1.492
0.1,48.0,0.02,2.6695,2.3156,0.9282,1.3313,1.7036,206,400.93,1.492
0.1,48.0,0.03,2.5919000000000003,2.2283,0.9746,1.3813,1.7157,206,389.2,1.492
0.1,48.0,0.04,2.5765,2.3177,1.0939,1.4097,1.6416,206,386.87,1.492
0.1,48.0,0.05,2.6733,2.1127,1.2504,1.4665,1.8718,206,401.51,1.492
0.1,48.0,0.06,2.7897000000000003,1.8453,1.4218,1.5243,2.2386,206,419.11,1.492
0.1,48.0,0.07,2.8566000000000003,1.6275,1.5621,1.5756,2.5993,206,429.23,1.492
0.1,48.0,0.08,2.8683,1.4208,1.659,1.6088,2.9937,206,431.0,1.492
0.1,56.0,0.07,2.8566000000000003,1.6275,1.5621,1.5756,2.5993,206,429.23,1.492
0.1,56.0,0.08,2.8683,1.4208,1.659,1.6088,2.9937,206,431.0,1.492
0.1,56.0,0.01,3.2615,2.2672,1.0841,1.4008,2.095,206,490.54,1.492
0.1,56.0,0.02,2.6695,2.3156,0.9282,1.3313,1.7036,206,400.93,1.492
0.1,56.0,0.03,2.5919000000000003,2.2283,0.9746,1.3813,1.7157,206,389.2,1.492
0.1,56.0,0.04,2.5765,2.3177,1.0939,1.4097,1.6416,206,386.87,1.492
0.1,56.0,0.05,2.6733,2.1127,1.2504,1.4665,1.8718,206,401.51,1.492
0.1,56.0,0.06,2.7897000000000003,1.8453,1.4218,1.5243,2.2386,206,419.11,1.492
0.1,64.0,0.03,2.5919000000000003,2.2283,0.9746,1.3813,1.7157,206,389.2,1.492
0.1,64.0,0.04,2.5765,2.3177,1.0939,1.4097,1.6416,206,386.87,1.492
0.1,64.0,0.05,2.6733,2.1127,1.2504,1.4665,1.8718,206,401.51,1.492
0.1,64.0,0.06,2.7897000000000003,1.8453,1.4218,1.5243,2.2386,206,419.11,1.492
0.1,64.0,0.07,2.8566000000000003,1.6275,1.5621,1.5756,2.5993,206,429.23,1.492
0.1,64.0,0.08,2.8683,1.4208,1.659,1.6088,2.9937,206,431.0,1.492
0.1,64.0,0.01,3.2615,2.2672,1.0841,1.4008,2.095,206,490.54,1.492
0.1,64.0,0.02,2.6695,2.3156,0.9282,1.3313,1.7036,206,400.93,1.492
0.1,72.0,0.01,3.2615,2.2672,1.0841,1.4008,2.095,206,490.54,1.492
0.1,72.0,0.02,2.6695,2.3156,0.9282,1.3313,1.7036,206,400.93,1.492
0.1,72.0,0.03,2.5919000000000003,2.2283,0.9746,1.3813,1.7157,206,389.2,1.492
0.1,72.0,0.04,2.5765,2.3177,1.0939,1.4097,1.6416,206,386.87,1.492
0.1,72.0,0.05,2.6733,2.1127,1.2504,1.4665,1.8718,206,401.51,1.492
0.1,72.0,0.06,2.7897000000000003,1.8453,1.4218,1.5243,2.2386,206,419.11,1.492
0.1,72.0,0.07,2.8566000000000003,1.6275,1.5621,1.5756,2.5993,206,429.23,1.492
0.1,72.0,0.08,2.8683,1.4208,1.659,1.6088,2.9937,206,431.0,1.492
0.1,80.0,0.05,2.6733,2.1127,1.2504,1.4665,1.8718,206,401.51,1.492
0.1,80.0,0.06,2.7897000000000003,1.8453,1.4218,1.5243,2.2386,206,419.11,1.492
0.1,80.0,0.07,2.8566000000000003,1.6275,1.5621,1.5756,2.5993,206,429.23,1.492
0.1,80.0,0.01,3.2615,2.2672,1.0841,1.4008,2.095,206,490.54,1.492
0.1,80.0,0.02,2.6695,2.3156,0.9282,1.3313,1.7036,206,400.93,1.492
0.1,80.0,0.03,2.5919000000000003,2.2283,0.9746,1.3813,1.7157,206,389.2,1.492
0.1,80.0,0.04,2.5765,2.3177,1.0939,1.4097,1.6416,206,386.87,1.492
0.1,80.0,0.08,2.8683,1.4208,1.659,1.6088,2.9937,206,431.0,1.492
0.15,8.0,0.01,2.7292,3.1877,0.7442,1.2623,1.2606,206,409.96,1.492
0.15,8.0,0.02,2.9169,3.0382,0.7997,1.2841,1.4149,206,438.35,1.492
0.15,8.0,0.03,2.6502000000000003,2.6233,0.7875,1.2962,1.4916,206,398.01,1.492
0.15,8.0,0.04,2.4953,2.7285,0.8219,1.3254,1.3468,206,374.61,1.492
0.15,8.0,0.05,2.1574,3.0309,0.7773,1.2962,1.0496,206,323.62,1.492
0.15,8.0,0.06,2.6368,2.4291,1.0797,1.4086,1.6033,206,395.98,1.492
0.15,8.0,0.07,2.8483,2.1622,1.2868,1.4897,1.9481,206,427.97,1.492
0.15,8.0,0.08,2.8319,1.895,1.4049,1.5232,2.2113,206,425.48,1.492
0.15,16.0,0.07,2.8483,2.1622,1.2868,1.4897,1.9481,206,427.97,1.492
0.15,16.0,0.08,2.8319,1.895,1.4049,1.5232,2.2113,206,425.48,1.492
0.15,16.0,0.01,2.8069,3.2792,0.7452,1.2672,1.259,206,421.7,1.492
0.15,16.0,0.02,2.9169,3.0382,0.7997,1.2841,1.4149,206,438.35,1.492
0.15,16.0,0.03,2.6502000000000003,2.6233,0.7875,1.2962,1.4916,206,398.01,1.492
0.15,16.0,0.04,2.4953,2.7285,0.8219,1.3254,1.3468,206,374.61,1.492
0.15,16.0,0.05,2.1574,3.0309,0.7773,1.2962,1.0496,206,323.62,1.492
0.15,16.0,0.06,2.6368,2.4291,1.0797,1.4086,1.6033,206,395.98,1.492
0.15,24.0,0.03,2.6502000000000003,2.6233,0.7875,1.2962,1.4916,206,398.01,1.492
0.15,24.0,0.04,2.4953,2.7285,0.8219,1.3254,1.3468,206,374.61,1.492
0.15,24.0,0.05,2.1574,3.0309,0.7773,1.2962,1.0496,206,323.62,1.492
0.15,24.0,0.06,2.6368,2.4291,1.0797,1.4086,1.6033,206,395.98,1.492
0.15,24.0,0.07,2.8483,2.1622,1.2868,1.4897,1.9481,206,427.97,1.492
0.15,24.0,0.08,2.8319,1.895,1.4049,1.5232,2.2113,206,425.48,1.492
0.15,24.0,0.01,2.8069,3.2792,0.7452,1.2672,1.259,206,421.7,1.492
0.15,24.0,0.02,2.9169,3.0382,0.7997,1.2841,1.4149,206,438.35,1.492
0.15,32.0,0.01,2.8069,3.2792,0.7452,1.2672,1.259,206,421.7,1.492
0.15,32.0,0.02,2.9169,3.0382,0.7997,1.2841,1.4149,206,438.35,1.492
0.15,32.0,0.03,2.6502000000000003,2.6233,0.7875,1.2962,1.4916,206,398.01,1.492
0.15,32.0,0.04,2.4953,2.7285,0.8219,1.3254,1.3468,206,374.61,1.492
0.15,32.0,0.05,2.1574,3.0309,0.7773,1.2962,1.0496,206,323.62,1.492
0.15,32.0,0.06,2.6368,2.4291,1.0797,1.4086,1.6033,206,395.98,1.492
0.15,32.0,0.07,2.8483,2.1622,1.2868,1.4897,1.9481,206,427.97,1.492
0.15,32.0,0.08,2.8319,1.895,1.4049,1.5232,2.2113,206,425.48,1.492
0.15,40.0,0.05,2.1574,3.0309,0.7773,1.2962,1.0496,206,323.62,1.492
0.15,40.0,0.06,2.6368,2.4291,1.0797,1.4086,1.6033,206,395.98,1.492
0.15,40.0,0.07,2.8483,2.1622,1.2868,1.4897,1.9481,206,427.97,1.492
0.15,40.0,0.08,2.8319,1.895,1.4049,1.5232,2.2113,206,425.48,1.492
0.15,40.0,0.01,2.8069,3.2792,0.7452,1.2672,1.259,206,421.7,1.492
0.15,40.0,0.02,2.9169,3.0382,0.7997,1.2841,1.4149,206,438.35,1.492
0.15,40.0,0.03,2.6502000000000003,2.6233,0.7875,1.2962,1.4916,206,398.01,1.492
0.15,40.0,0.04,2.4953,2.7285,0.8219,1.3254,1.3468,206,374.61,1.492
0.15,48.0,0.01,2.8069,3.2792,0.7452,1.2672,1.259,206,421.7,1.492
0.15,48.0,0.02,2.9169,3.0382,0.7997,1.2841,1.4149,206,438.35,1.492
0.15,48.0,0.03,2.6502000000000003,2.6233,0.7875,1.2962,1.4916,206,398.01,1.492
0.15,48.0,0.04,2.4953,2.7285,0.8219,1.3254,1.3468,206,374.61,1.492
0.15,48.0,0.05,2.1574,3.0309,0.7773,1.2962,1.0496,206,323.62,1.492
0.15,48.0,0.06,2.6368,2.4291,1.0797,1.4086,1.6033,206,395.98,1.492
0.15,48.0,0.07,2.8483,2.1622,1.2868,1.4897,1.9481,206,427.97,1.492
0.15,48.0,0.08,2.8319,1.895,1.4049,1.5232,2.2113,206,425.48,1.492
0.15,56.0,0.07,2.8483,2.1622,1.2868,1.4897,1.9481,206,427.97,1.492
0.15,56.0,0.08,2.8319,1.895,1.4049,1.5232,2.2113,206,425.48,1.492
0.15,56.0,0.01,2.8069,3.2792,0.7452,1.2672,1.259,206,421.7,1.492
0.15,56.0,0.02,2.9169,3.0382,0.7997,1.2841,1.4149,206,438.35,1.492
0.15,56.0,0.03,2.6502000000000003,2.6233,0.7875,1.2962,1.4916,206,398.01,1.492
0.15,56.0,0.04,2.4953,2.7285,0.8219,1.3254,1.3468,206,374.61,1.492
0.15,56.0,0.05,2.1574,3.0309,0.7773,1.2962,1.0496,206,323.62,1.492
0.15,56.0,0.06,2.6368,2.4291,1.0797,1.4086,1.6033,206,395.98,1.492
0.15,64.0,0.02,2.9169,3.0382,0.7997,1.2841,1.4149,206,438.35,1.492
0.15,64.0,0.03,2.6502000000000003,2.6233,0.7875,1.2962,1.4916,206,398.01,1.492
0.15,64.0,0.04,2.4953,2.7285,0.8219,1.3254,1.3468,206,374.61,1.492
0.15,64.0,0.05,2.1574,3.0309,0.7773,1.2962,1.0496,206,323.62,1.492
0.15,64.0,0.06,2.6368,2.4291,1.0797,1.4086,1.6033,206,395.98,1.492
0.15,64.0,0.07,2.8483,2.1622,1.2868,1.4897,1.9481,206,427.97,1.492
0.15,64.0,0.08,2.8319,1.895,1.4049,1.5232,2.2113,206,425.48,1.492
0.15,64.0,0.01,2.8069,3.2792,0.7452,1.2672,1.259,206,421.7,1.492
0.15,72.0,0.01,2.8069,3.2792,0.7452,1.2672,1.259,206,421.7,1.492
0.15,72.0,0.02,2.9169,3.0382,0.7997,1.2841,1.4149,206,438.35,1.492
0.15,72.0,0.03,2.6502000000000003,2.6233,0.7875,1.2962,1.4916,206,398.01,1.492
0.15,72.0,0.04,2.4953,2.7285,0.8219,1.3254,1.3468,206,374.61,1.492
0.15,72.0,0.05,2.1574,3.0309,0.7773,1.2962,1.0496,206,323.62,1.492
0.15,72.0,0.06,2.6368,2.4291,1.0797,1.4086,1.6033,206,395.98,1.492
0.15,72.0,0.07,2.8483,2.1622,1.2868,1.4897,1.9481,206,427.97,1.492
0.15,72.0,0.08,2.8319,1.895,1.4049,1.5232,2.2113,206,425.48,1.492
0.15,80.0,0.04,2.4953,2.7285,0.8219,1.3254,1.3468,206,374.61,1.492
0.15,80.0,0.05,2.1574,3.0309,0.7773,1.2962,1.0496,206,323.62,1.492
0.15,80.0,0.06,2.6368,2.4291,1.0797,1.4086,1.6033,206,395.98,1.492
0.15,80.0,0.07,2.8483,2.1622,1.2868,1.4897,1.9481,206,427.97,1.492
0.15,80.0,0.01,2.8069,3.2792,0.7452,1.2672,1.259,206,421.7,1.492
0.15,80.0,0.02,2.9169,3.0382,0.7997,1.2841,1.4149,206,438.35,1.492
0.15,80.0,0.03,2.6502000000000003,2.6233,0.7875,1.2962,1.4916,206,398.01,1.492
0.15,80.0,0.08,2.8319,1.895,1.4049,1.5232,2.2113,206,425.48,1.492
0.2,8.0,0.01,3.0097,3.2618,0.7228,1.2576,1.3595,206,452.39,1.492
0.2,8.0,0.02,3.0097,3.2618,0.7228,1.2576,1.3595,206,452.39,1.492
0.2,8.0,0.03,2.8752,2.9226,0.7115,1.2573,1.4175,206,432.04,1.492
0.2,8.0,0.04,2.6479,3.1228,0.6899,1.275,1.2463,206,397.66,1.492
0.2,8.0,0.05,2.4286,3.1862,0.7273,1.2895,1.1224,206,364.54,1.492
0.2,8.0,0.06,2.2843999999999998,3.3115,0.7539,1.2971,1.0168,206,342.77,1.492
0.2,8.0,0.07,2.3876999999999997,2.8755,0.8723,1.3315,1.2258,206,358.36,1.492
0.2,8.0,0.08,2.6532,2.4291,1.0858,1.4112,1.6134,206,398.47,1.492
0.2,16.0,0.07,2.3876999999999997,2.8755,0.8723,1.3315,1.2258,206,358.36,1.492
0.2,16.0,0.08,2.6532,2.4291,1.0858,1.4112,1.6134,206,398.47,1.492
0.2,16.0,0.01,2.7845999999999997,3.6858,0.6146,1.2278,1.0696,206,418.33,1.492
0.2,16.0,0.02,3.2188000000000003,3.5124,0.7326,1.2695,1.316,206,484.07,1.492
0.2,16.0,0.03,2.8752,2.9226,0.7115,1.2573,1.4175,206,432.04,1.492
0.2,16.0,0.04,2.6479,3.1228,0.6899,1.275,1.2463,206,397.66,1.492
0.2,16.0,0.05,2.4286,3.1862,0.7273,1.2895,1.1224,206,364.54,1.492
0.2,16.0,0.06,2.2843999999999998,3.3115,0.7539,1.2971,1.0168,206,342.77,1.492
0.2,24.0,0.02,3.2188000000000003,3.5124,0.7326,1.2695,1.316,206,484.07,1.492
0.2,24.0,0.03,2.8752,2.9226,0.7115,1.2573,1.4175,206,432.04,1.492
0.2,24.0,0.04,2.6479,3.1228,0.6899,1.275,1.2463,206,397.66,1.492
0.2,24.0,0.05,2.4286,3.1862,0.7273,1.2895,1.1224,206,364.54,1.492
0.2,24.0,0.06,2.2843999999999998,3.3115,0.7539,1.2971,1.0168,206,342.77,1.492
0.2,24.0,0.07,2.3876999999999997,2.8755,0.8723,1.3315,1.2258,206,358.36,1.492
0.2,24.0,0.08,2.6532,2.4291,1.0858,1.4112,1.6134,206,398.47,1.492
0.2,24.0,0.01,2.9116,3.6858,0.6462,1.2392,1.1187,206,437.54,1.492
0.2,32.0,0.01,2.9116,3.6858,0.6462,1.2392,1.1187,206,437.54,1.492
0.2,32.0,0.02,3.2188000000000003,3.5124,0.7326,1.2695,1.316,206,484.07,1.492
0.2,32.0,0.03,2.8752,2.9226,0.7115,1.2573,1.4175,206,432.04,1.492
0.2,32.0,0.04,2.6479,3.1228,0.6899,1.275,1.2463,206,397.66,1.492
0.2,32.0,0.05,2.4286,3.1862,0.7273,1.2895,1.1224,206,364.54,1.492
0.2,32.0,0.06,2.2843999999999998,3.3115,0.7539,1.2971,1.0168,206,342.77,1.492
0.2,32.0,0.07,2.3876999999999997,2.8755,0.8723,1.3315,1.2258,206,358.36,1.492
0.2,32.0,0.08,2.6532,2.4291,1.0858,1.4112,1.6134,206,398.47,1.492
0.2,40.0,0.04,2.6479,3.1228,0.6899,1.275,1.2463,206,397.66,1.492
0.2,40.0,0.05,2.4286,3.1862,0.7273,1.2895,1.1224,206,364.54,1.492
0.2,40.0,0.06,2.2843999999999998,3.3115,0.7539,1.2971,1.0168,206,342.77,1.492
0.2,40.0,0.07,2.3876999999999997,2.8755,0.8723,1.3315,1.2258,206,358.36,1.492
0.2,40.0,0.08,2.6532,2.4291,1.0858,1.4112,1.6134,206,398.47,1.492
0.2,40.0,0.01,2.9116,3.6858,0.6462,1.2392,1.1187,206,437.54,1.492
0.2,40.0,0.02,3.2188000000000003,3.5124,0.7326,1.2695,1.316,206,484.07,1.492
0.2,40.0,0.03,2.8752,2.9226,0.7115,1.2573,1.4175,206,432.04,1.492
0.2,48.0,0.01,2.9116,3.6858,0.6462,1.2392,1.1187,206,437.54,1.492
0.2,48.0,0.02,3.2188000000000003,3.5124,0.7326,1.2695,1.316,206,484.07,1.492
0.2,48.0,0.03,2.8752,2.9226,0.7115,1.2573,1.4175,206,432.04,1.492
0.2,48.0,0.04,2.6479,3.1228,0.6899,1.275,1.2463,206,397.66,1.492
0.2,48.0,0.05,2.4286,3.1862,0.7273,1.2895,1.1224,206,364.54,1.492
0.2,48.0,0.06,2.2843999999999998,3.3115,0.7539,1.2971,1.0168,206,342.77,1.492
0.2,48.0,0.07,2.3876999999999997,2.8755,0.8723,1.3315,1.2258,206,358.36,1.492
0.2,48.0,0.08,2.6532,2.4291,1.0858,1.4112,1.6134,206,398.47,1.492
0.2,56.0,0.06,2.2843999999999998,3.3115,0.7539,1.2971,1.0168,206,342.77,1.492
0.2,56.0,0.07,2.3876999999999997,2.8755,0.8723,1.3315,1.2258,206,358.36,1.492
0.2,56.0,0.08,2.6532,2.4291,1.0858,1.4112,1.6134,206,398.47,1.492
0.2,56.0,0.01,2.9116,3.6858,0.6462,1.2392,1.1187,206,437.54,1.492
0.2,56.0,0.02,3.2188000000000003,3.5124,0.7326,1.2695,1.316,206,484.07,1.492
0.2,56.0,0.03,2.8752,2.9226,0.7115,1.2573,1.4175,206,432.04,1.492
0.2,56.0,0.04,2.6479,3.1228,0.6899,1.275,1.2463,206,397.66,1.492
0.2,56.0,0.05,2.4286,3.1862,0.7273,1.2895,1.1224,206,364.54,1.492
0.2,64.0,0.02,3.2188000000000003,3.5124,0.7326,1.2695,1.316,206,484.07,1.492
0.2,64.0,0.03,2.8752,2.9226,0.7115,1.2573,1.4175,206,432.04,1.492
0.2,64.0,0.04,2.6479,3.1228,0.6899,1.275,1.2463,206,397.66,1.492
0.2,64.0,0.05,2.4286,3.1862,0.7273,1.2895,1.1224,206,364.54,1.492
0.2,64.0,0.06,2.2843999999999998,3.3115,0.7539,1.2971,1.0168,206,342.77,1.492
0.2,64.0,0.07,2.3876999999999997,2.8755,0.8723,1.3315,1.2258,206,358.36,1.492
0.2,64.0,0.08,2.6532,2.4291,1.0858,1.4112,1.6134,206,398.47,1.492
0.2,64.0,0.01,2.9116,3.6858,0.6462,1.2392,1.1187,206,437.54,1.492
0.2,72.0,0.01,2.9116,3.6858,0.6462,1.2392,1.1187,206,437.54,1.492
0.2,72.0,0.02,3.2188000000000003,3.5124,0.7326,1.2695,1.316,206,484.07,1.492
0.2,72.0,0.03,2.8752,2.9226,0.7115,1.2573,1.4175,206,432.04,1.492
0.2,72.0,0.04,2.6479,3.1228,0.6899,1.275,1.2463,206,397.66,1.492
0.2,72.0,0.05,2.4286,3.1862,0.7273,1.2895,1.1224,206,364.54,1.492
0.2,72.0,0.06,2.2843999999999998,3.3115,0.7539,1.2971,1.0168,206,342.77,1.492
0.2,72.0,0.07,2.3876999999999997,2.8755,0.8723,1.3315,1.2258,206,358.36,1.492
0.2,72.0,0.08,2.6532,2.4291,1.0858,1.4112,1.6134,206,398.47,1.492
0.2,80.0,0.04,2.6479,3.1228,0.6899,1.275,1.2463,206,397.66,1.492
0.2,80.0,0.05,2.4286,3.1862,0.7273,1.2895,1.1224,206,364.54,1.492
0.2,80.0,0.06,2.2843999999999998,3.3115,0.7539,1.2971,1.0168,206,342.77,1.492
0.2,80.0,0.07,2.3876999999999997,2.8755,0.8723,1.3315,1.2258,206,358.36,1.492
0.2,80.0,0.01,2.9116,3.6858,0.6462,1.2392,1.1187,206,437.54,1.492
0.2,80.0,0.02,3.2188000000000003,3.5124,0.7326,1.2695,1.316,206,484.07,1.492
0.2,80.0,0.03,2.8752,2.9226,0.7115,1.2573,1.4175,206,432.04,1.492
0.2,80.0,0.08,2.6532,2.4291,1.0858,1.4112,1.6134,206,398.47,1.492
0.25,8.0,0.01,2.9914,3.691,0.6477,1.2316,1.1941,206,449.62,1.492
0.25,8.0,0.02,2.9914,3.691,0.6477,1.2316,1.1941,206,449.62,1.492
0.25,8.0,0.03,2.9914,3.691,0.6477,1.2316,1.1941,206,449.62,1.492
0.25,8.0,0.04,2.5174,3.5416,0.5608,1.2114,1.046,206,377.95,1.492
0.25,8.0,0.05,2.6505,3.5871,0.6652,1.2662,1.0861,206,398.06,1.492
0.25,8.0,0.06,2.3635,3.8616,0.6568,1.265,0.9004,206,354.7,1.492
0.25,8.0,0.07,2.1537,3.6943,0.6572,1.2609,0.8589,206,323.05,1.492
0.25,8.0,0.08,2.4072,3.0797,0.8304,1.3241,1.1524,206,361.3,1.492
0.25,16.0,0.06,2.3635,3.8616,0.6568,1.265,0.9004,206,354.7,1.492
0.25,16.0,0.07,2.1537,3.6943,0.6572,1.2609,0.8589,206,323.05,1.492
0.25,16.0,0.08,2.4072,3.0797,0.8304,1.3241,1.1524,206,361.3,1.492
0.25,16.0,0.01,3.1824,4.1739,0.6123,1.2319,1.0762,206,478.55,1.492
0.25,16.0,0.02,3.2066,4.1697,0.6455,1.2364,1.127,206,482.22,1.492
0.25,16.0,0.03,3.013,3.7217,0.6449,1.2284,1.1923,206,452.89,1.492
0.25,16.0,0.04,2.5174,3.5416,0.5608,1.2114,1.046,206,377.95,1.492
0.25,16.0,0.05,2.6505,3.5871,0.6652,1.2662,1.0861,206,398.06,1.492
0.25,24.0,0.02,3.2066,4.1697,0.6455,1.2364,1.127,206,482.22,1.492
0.25,24.0,0.03,3.013,3.7217,0.6449,1.2284,1.1923,206,452.89,1.492
0.25,24.0,0.04,2.5174,3.5416,0.5608,1.2114,1.046,206,377.95,1.492
0.25,24.0,0.05,2.6505,3.5871,0.6652,1.2662,1.0861,206,398.06,1.492
0.25,24.0,0.06,2.3635,3.8616,0.6568,1.265,0.9004,206,354.7,1.492
0.25,24.0,0.07,2.1537,3.6943,0.6572,1.2609,0.8589,206,323.05,1.492
0.25,24.0,0.08,2.4072,3.0797,0.8304,1.3241,1.1524,206,361.3,1.492
0.25,24.0,0.01,3.2975999999999996,4.1739,0.6384,1.2408,1.1394,206,496.01,1.492
0.25,32.0,0.08,2.4072,3.0797,0.8304,1.3241,1.1524,206,361.3,1.492
0.25,32.0,0.01,3.2975999999999996,4.1739,0.6384,1.2408,1.1394,206,496.01,1.492
0.25,32.0,0.02,3.2066,4.1697,0.6455,1.2364,1.127,206,482.22,1.492
0.25,32.0,0.03,3.013,3.7217,0.6449,1.2284,1.1923,206,452.89,1.492
0.25,32.0,0.04,2.5174,3.5416,0.5608,1.2114,1.046,206,377.95,1.492
0.25,32.0,0.05,2.6505,3.5871,0.6652,1.2662,1.0861,206,398.06,1.492
0.25,32.0,0.06,2.3635,3.8616,0.6568,1.265,0.9004,206,354.7,1.492
0.25,32.0,0.07,2.1537,3.6943,0.6572,1.2609,0.8589,206,323.05,1.492
0.25,40.0,0.04,2.5174,3.5416,0.5608,1.2114,1.046,206,377.95,1.492
0.25,40.0,0.05,2.6505,3.5871,0.6652,1.2662,1.0861,206,398.06,1.492
0.25,40.0,0.06,2.3635,3.8616,0.6568,1.265,0.9004,206,354.7,1.492
0.25,40.0,0.07,2.1537,3.6943,0.6572,1.2609,0.8589,206,323.05,1.492
0.25,40.0,0.08,2.4072,3.0797,0.8304,1.3241,1.1524,206,361.3,1.492
0.25,40.0,0.01,3.2975999999999996,4.1739,0.6384,1.2408,1.1394,206,496.01,1.492
0.25,40.0,0.02,3.2066,4.1697,0.6455,1.2364,1.127,206,482.22,1.492
0.25,40.0,0.03,3.013,3.7217,0.6449,1.2284,1.1923,206,452.89,1.492
0.25,48.0,0.01,3.2975999999999996,4.1739,0.6384,1.2408,1.1394,206,496.01,1.492
0.25,48.0,0.02,3.2066,4.1697,0.6455,1.2364,1.127,206,482.22,1.492
0.25,48.0,0.03,3.013,3.7217,0.6449,1.2284,1.1923,206,452.89,1.492
0.25,48.0,0.04,2.5174,3.5416,0.5608,1.2114,1.046,206,377.95,1.492
0.25,48.0,0.05,2.6505,3.5871,0.6652,1.2662,1.0861,206,398.06,1.492
0.25,48.0,0.06,2.3635,3.8616,0.6568,1.265,0.9004,206,354.7,1.492
0.25,48.0,0.07,2.1537,3.6943,0.6572,1.2609,0.8589,206,323.05,1.492
0.25,48.0,0.08,2.4072,3.0797,0.8304,1.3241,1.1524,206,361.3,1.492
0.25,56.0,0.06,2.3635,3.8616,0.6568,1.265,0.9004,206,354.7,1.492
0.25,56.0,0.07,2.1537,3.6943,0.6572,1.2609,0.8589,206,323.05,1.492
0.25,56.0,0.08,2.4072,3.0797,0.8304,1.3241,1.1524,206,361.3,1.492
0.25,56.0,0.01,3.2975999999999996,4.1739,0.6384,1.2408,1.1394,206,496.01,1.492
0.25,56.0,0.02,3.2066,4.1697,0.6455,1.2364,1.127,206,482.22,1.492
0.25,56.0,0.03,3.013,3.7217,0.6449,1.2284,1.1923,206,452.89,1.492
0.25,56.0,0.04,2.5174,3.5416,0.5608,1.2114,1.046,206,377.95,1.492
0.25,56.0,0.05,2.6505,3.5871,0.6652,1.2662,1.0861,206,398.06,1.492
0.25,64.0,0.01,3.2975999999999996,4.1739,0.6384,1.2408,1.1394,206,496.01,1.492
0.25,64.0,0.03,3.013,3.7217,0.6449,1.2284,1.1923,206,452.89,1.492
0.25,64.0,0.04,2.5174,3.5416,0.5608,1.2114,1.046,206,377.95,1.492
0.25,64.0,0.05,2.6505,3.5871,0.6652,1.2662,1.0861,206,398.06,1.492
0.25,64.0,0.06,2.3635,3.8616,0.6568,1.265,0.9004,206,354.7,1.492
0.25,64.0,0.07,2.1537,3.6943,0.6572,1.2609,0.8589,206,323.05,1.492
0.25,64.0,0.08,2.4072,3.0797,0.8304,1.3241,1.1524,206,361.3,1.492
0.25,72.0,0.01,3.2975999999999996,4.1739,0.6384,1.2408,1.1394,206,496.01,1.492
0.25,72.0,0.02,3.2066,4.1697,0.6455,1.2364,1.127,206,482.22,1.492
0.25,72.0,0.03,3.013,3.7217,0.6449,1.2284,1.1923,206,452.89,1.492
0.25,72.0,0.04,2.5174,3.5416,0.5608,1.2114,1.046,206,377.95,1.492
0.25,72.0,0.05,2.6505,3.5871,0.6652,1.2662,1.0861,206,398.06,1.492
0.25,72.0,0.06,2.3635,3.8616,0.6568,1.265,0.9004,206,354.7,1.492
0.25,72.0,0.07,2.1537,3.6943,0.6572,1.2609,0.8589,206,323.05,1.492
0.25,72.0,0.08,2.4072,3.0797,0.8304,1.3241,1.1524,206,361.3,1.492
0.25,80.0,0.03,3.013,3.7217,0.6449,1.2284,1.1923,206,452.89,1.492
0.25,80.0,0.04,2.5174,3.5416,0.5608,1.2114,1.046,206,377.95,1.492
0.25,80.0,0.05,2.6505,3.5871,0.6652,1.2662,1.0861,206,398.06,1.492
0.25,80.0,0.06,2.3635,3.8616,0.6568,1.265,0.9004,206,354.7,1.492
0.25,80.0,0.07,2.1537,3.6943,0.6572,1.2609,0.8589,206,323.05,1.492
0.25,80.0,0.01,3.2975999999999996,4.1739,0.6384,1.2408,1.1394,206,496.01,1.492
0.25,80.0,0.02,3.2066,4.1697,0.6455,1.2364,1.127,206,482.22,1.492
0.25,80.0,0.08,2.4072,3.0797,0.8304,1.3241,1.1524,206,361.3,1.492
0.3,8.0,0.01,3.2575,3.8995,0.6492,1.2379,1.2316,206,489.94,1.492
0.3,8.0,0.02,3.2575,3.8995,0.6492,1.2379,1.2316,206,489.94,1.492
0.3,8.0,0.03,3.2575,3.8995,0.6492,1.2379,1.2316,206,489.94,1.492
0.3,8.0,0.04,3.0524,3.8709,0.6165,1.2279,1.1625,206,458.86,1.492
0.3,8.0,0.05,2.618,3.9723,0.541,1.2133,0.9665,206,393.15,1.492
0.3,8.0,0.06,2.5272,4.1308,0.6089,1.2455,0.899,206,379.43,1.492
0.3,8.0,0.07,1.9897999999999998,4.4344,0.5173,1.205,0.6597,206,298.35,1.492
0.3,8.0,0.08,2.4474,3.8323,0.7074,1.2895,0.9403,206,367.37,1.492
0.3,16.0,0.06,2.5272,4.1308,0.6089,1.2455,0.899,206,379.43,1.492
0.3,16.0,0.07,1.9897999999999998,4.4344,0.5173,1.205,0.6597,206,298.35,1.492
0.3,16.0,0.08,2.4474,3.8323,0.7074,1.2895,0.9403,206,367.37,1.492
0.3,16.0,0.01,3.2788,4.439,0.5857,1.2174,1.0333,206,493.17,1.492
0.3,16.0,0.02,3.2811,4.3723,0.5934,1.2176,1.034,206,493.51,1.492
0.3,16.0,0.03,3.3259,4.1781,0.6314,1.2238,1.1602,206,500.3,1.492
0.3,16.0,0.04,3.0524,3.8709,0.6165,1.2279,1.1625,206,458.86,1.492
0.3,16.0,0.05,2.618,3.9723,0.541,1.2133,0.9665,206,393.15,1.492
0.3,24.0,0.01,3.3862000000000005,4.6164,0.5893,1.2263,1.0598,206,509.45,1.492
0.3,24.0,0.02,3.2811,4.3723,0.5934,1.2176,1.034,206,493.51,1.492
0.3,24.0,0.03,3.3259,4.1781,0.6314,1.2238,1.1602,206,500.3,1.492
0.3,24.0,0.04,3.0524,3.8709,0.6165,1.2279,1.1625,206,458.86,1.492
0.3,24.0,0.05,2.618,3.9723,0.541,1.2133,0.9665,206,393.15,1.492
0.3,24.0,0.06,2.5272,4.1308,0.6089,1.2455,0.899,206,379.43,1.492
0.3,24.0,0.07,1.9897999999999998,4.4344,0.5173,1.205,0.6597,206,298.35,1.492
0.3,24.0,0.08,2.4474,3.8323,0.7074,1.2895,0.9403,206,367.37,1.492
0.3,32.0,0.08,2.4474,3.8323,0.7074,1.2895,0.9403,206,367.37,1.492
0.3,32.0,0.01,3.3862000000000005,4.6164,0.5893,1.2263,1.0598,206,509.45,1.492
0.3,32.0,0.02,3.2811,4.3723,0.5934,1.2176,1.034,206,493.51,1.492
0.3,32.0,0.03,3.3259,4.1781,0.6314,1.2238,1.1602,206,500.3,1.492
0.3,32.0,0.04,3.0524,3.8709,0.6165,1.2279,1.1625,206,458.86,1.492
0.3,32.0,0.05,2.618,3.9723,0.541,1.2133,0.9665,206,393.15,1.492
0.3,32.0,0.06,2.5272,4.1308,0.6089,1.2455,0.899,206,379.43,1.492
0.3,32.0,0.07,1.9897999999999998,4.4344,0.5173,1.205,0.6597,206,298.35,1.492
0.3,40.0,0.03,3.3259,4.1781,0.6314,1.2238,1.1602,206,500.3,1.492
0.3,40.0,0.04,3.0524,3.8709,0.6165,1.2279,1.1625,206,458.86,1.492
0.3,40.0,0.05,2.618,3.9723,0.541,1.2133,0.9665,206,393.15,1.492
0.3,40.0,0.06,2.5272,4.1308,0.6089,1.2455,0.899,206,379.43,1.492
0.3,40.0,0.07,1.9897999999999998,4.4344,0.5173,1.205,0.6597,206,298.35,1.492
0.3,40.0,0.08,2.4474,3.8323,0.7074,1.2895,0.9403,206,367.37,1.492
0.3,40.0,0.01,3.3862000000000005,4.6164,0.5893,1.2263,1.0598,206,509.45,1.492
0.3,40.0,0.02,3.2811,4.3723,0.5934,1.2176,1.034,206,493.51,1.492
0.3,48.0,0.01,3.3862000000000005,4.6164,0.5893,1.2263,1.0598,206,509.45,1.492
0.3,48.0,0.02,3.2811,4.3723,0.5934,1.2176,1.034,206,493.51,1.492
0.3,48.0,0.03,3.3259,4.1781,0.6314,1.2238,1.1602,206,500.3,1.492
0.3,48.0,0.04,3.0524,3.8709,0.6165,1.2279,1.1625,206,458.86,1.492
0.3,48.0,0.05,2.618,3.9723,0.541,1.2133,0.9665,206,393.15,1.492
0.3,48.0,0.06,2.5272,4.1308,0.6089,1.2455,0.899,206,379.43,1.492
0.3,48.0,0.07,1.9897999999999998,4.4344,0.5173,1.205,0.6597,206,298.35,1.492
0.3,48.0,0.08,2.4474,3.8323,0.7074,1.2895,0.9403,206,367.37,1.492
0.3,56.0,0.05,2.618,3.9723,0.541,1.2133,0.9665,206,393.15,1.492
0.3,56.0,0.06,2.5272,4.1308,0.6089,1.2455,0.899,206,379.43,1.492
0.3,56.0,0.07,1.9897999999999998,4.4344,0.5173,1.205,0.6597,206,298.35,1.492
0.3,56.0,0.08,2.4474,3.8323,0.7074,1.2895,0.9403,206,367.37,1.492
0.3,56.0,0.01,3.3862000000000005,4.6164,0.5893,1.2263,1.0598,206,509.45,1.492
0.3,56.0,0.02,3.2811,4.3723,0.5934,1.2176,1.034,206,493.51,1.492
0.3,56.0,0.03,3.3259,4.1781,0.6314,1.2238,1.1602,206,500.3,1.492
0.3,56.0,0.04,3.0524,3.8709,0.6165,1.2279,1.1625,206,458.86,1.492
0.3,64.0,0.01,3.3862000000000005,4.6164,0.5893,1.2263,1.0598,206,509.45,1.492
0.3,64.0,0.02,3.2811,4.3723,0.5934,1.2176,1.034,206,493.51,1.492
0.3,64.0,0.03,3.3259,4.1781,0.6314,1.2238,1.1602,206,500.3,1.492
0.3,64.0,0.04,3.0524,3.8709,0.6165,1.2279,1.1625,206,458.86,1.492
0.3,64.0,0.05,2.618,3.9723,0.541,1.2133,0.9665,206,393.15,1.492
0.3,64.0,0.06,2.5272,4.1308,0.6089,1.2455,0.899,206,379.43,1.492
0.3,64.0,0.07,1.9897999999999998,4.4344,0.5173,1.205,0.6597,206,298.35,1.492
0.3,64.0,0.08,2.4474,3.8323,0.7074,1.2895,0.9403,206,367.37,1.492
0.3,72.0,0.07,1.9897999999999998,4.4344,0.5173,1.205,0.6597,206,298.35,1.492
0.3,72.0,0.01,3.3862000000000005,4.6164,0.5893,1.2263,1.0598,206,509.45,1.492
0.3,72.0,0.02,3.2811,4.3723,0.5934,1.2176,1.034,206,493.51,1.492
0.3,72.0,0.03,3.3259,4.1781,0.6314,1.2238,1.1602,206,500.3,1.492
0.3,72.0,0.04,3.0524,3.8709,0.6165,1.2279,1.1625,206,458.86,1.492
0.3,72.0,0.05,2.618,3.9723,0.541,1.2133,0.9665,206,393.15,1.492
0.3,72.0,0.06,2.5272,4.1308,0.6089,1.2455,0.899,206,379.43,1.492
0.3,72.0,0.08,2.4474,3.8323,0.7074,1.2895,0.9403,206,367.37,1.492
0.3,80.0,0.03,3.3259,4.1781,0.6314,1.2238,1.1602,206,500.3,1.492
0.3,80.0,0.04,3.0524,3.8709,0.6165,1.2279,1.1625,206,458.86,1.492
0.3,80.0,0.05,2.618,3.9723,0.541,1.2133,0.9665,206,393.15,1.492
0.3,80.0,0.06,2.5272,4.1308,0.6089,1.2455,0.899,206,379.43,1.492
0.3,80.0,0.07,1.9897999999999998,4.4344,0.5173,1.205,0.6597,206,298.35,1.492
0.3,80.0,0.01,3.3862000000000005,4.6164,0.5893,1.2263,1.0598,206,509.45,1.492
0.3,80.0,0.02,3.2811,4.3723,0.5934,1.2176,1.034,206,493.51,1.492
0.3,80.0,0.08,2.4474,3.8323,0.7074,1.2895,0.9403,206,367.37,1.492
0.35,8.0,0.01,3.1659,4.075,0.5864,1.2189,1.1451,206,476.05,1.492
0.35,8.0,0.02,3.1659,4.075,0.5864,1.2189,1.1451,206,476.05,1.492
0.35,8.0,0.03,3.1659,4.075,0.5864,1.2189,1.1451,206,476.05,1.492
0.35,8.0,0.04,3.1659,4.075,0.5864,1.2189,1.1451,206,476.05,1.492
0.35,8.0,0.05,2.7407999999999997,4.2541,0.518,1.197,0.9452,206,411.71,1.492
0.35,8.0,0.06,2.3055,4.5219,0.4758,1.1857,0.7465,206,345.95,1.492
0.35,8.0,0.07,2.2709,4.601,0.5295,1.2132,0.7248,206,340.73,1.492
0.35,8.0,0.08,2.4007,4.4878,0.6023,1.2429,0.7877,206,360.33,1.492
0.35,16.0,0.05,2.7407999999999997,4.2541,0.518,1.197,0.9452,206,411.71,1.492
0.35,16.0,0.06,2.3055,4.5219,0.4758,1.1857,0.7465,206,345.95,1.492
0.35,16.0,0.07,2.2709,4.601,0.5295,1.2132,0.7248,206,340.73,1.492
0.35,16.0,0.08,2.4007,4.4878,0.6023,1.2429,0.7877,206,360.33,1.492
0.35,16.0,0.01,4.0447,4.7309,0.672,1.2494,1.2381,206,609.49,1.492
0.35,16.0,0.02,4.0447,4.7309,0.672,1.2494,1.2381,206,609.49,1.492
0.35,16.0,0.03,3.8307,4.5213,0.6625,1.2408,1.1691,206,576.94,1.492
0.35,16.0,0.04,3.2960000000000003,4.1173,0.5919,1.217,1.1565,206,495.77,1.492
0.35,24.0,0.01,3.2348000000000003,5.4315,0.5034,1.1974,0.8638,206,486.49,1.492
0.35,24.0,0.02,4.0935,4.9431,0.6633,1.2528,1.1947,206,616.92,1.492
0.35,24.0,0.03,3.8307,4.5213,0.6625,1.2408,1.1691,206,576.94,1.492
0.35,24.0,0.04,3.2960000000000003,4.1173,0.5919,1.217,1.1565,206,495.77,1.492
0.35,24.0,0.05,2.7407999999999997,4.2541,0.518,1.197,0.9452,206,411.71,1.492
0.35,24.0,0.06,2.3055,4.5219,0.4758,1.1857,0.7465,206,345.95,1.492
0.35,24.0,0.07,2.2709,4.601,0.5295,1.2132,0.7248,206,340.73,1.492
0.35,24.0,0.08,2.4007,4.4878,0.6023,1.2429,0.7877,206,360.33,1.492
0.35,32.0,0.07,2.2709,4.601,0.5295,1.2132,0.7248,206,340.73,1.492
0.35,32.0,0.08,2.4007,4.4878,0.6023,1.2429,0.7877,206,360.33,1.492
0.35,32.0,0.01,3.7148,5.4315,0.5771,1.2289,0.9931,206,559.33,1.492
0.35,32.0,0.02,4.0935,4.9431,0.6633,1.2528,1.1947,206,616.92,1.492
0.35,32.0,0.03,3.8307,4.5213,0.6625,1.2408,1.1691,206,576.94,1.492
0.35,32.0,0.04,3.2960000000000003,4.1173,0.5919,1.217,1.1565,206,495.77,1.492
0.35,32.0,0.05,2.7407999999999997,4.2541,0.518,1.197,0.9452,206,411.71,1.492
0.35,32.0,0.06,2.3055,4.5219,0.4758,1.1857,0.7465,206,345.95,1.492
0.35,40.0,0.03,3.8307,4.5213,0.6625,1.2408,1.1691,206,576.94,1.492
0.35,40.0,0.04,3.2960000000000003,4.1173,0.5919,1.217,1.1565,206,495.77,1.492
0.35,40.0,0.05,2.7407999999999997,4.2541,0.518,1.197,0.9452,206,411.71,1.492
0.35,40.0,0.06,2.3055,4.5219,0.4758,1.1857,0.7465,206,345.95,1.492
0.35,40.0,0.07,2.2709,4.601,0.5295,1.2132,0.7248,206,340.73,1.492
0.35,40.0,0.08,2.4007,4.4878,0.6023,1.2429,0.7877,206,360.33,1.492
0.35,40.0,0.01,3.7148,5.4315,0.5771,1.2289,0.9931,206,559.33,1.492
0.35,40.0,0.02,4.0935,4.9431,0.6633,1.2528,1.1947,206,616.92,1.492
0.35,48.0,0.01,3.7148,5.4315,0.5771,1.2289,0.9931,206,559.33,1.492
0.35,48.0,0.02,4.0935,4.9431,0.6633,1.2528,1.1947,206,616.92,1.492
0.35,48.0,0.03,3.8307,4.5213,0.6625,1.2408,1.1691,206,576.94,1.492
0.35,48.0,0.04,3.2960000000000003,4.1173,0.5919,1.217,1.1565,206,495.77,1.492
0.35,48.0,0.05,2.7407999999999997,4.2541,0.518,1.197,0.9452,206,411.71,1.492
0.35,48.0,0.06,2.3055,4.5219,0.4758,1.1857,0.7465,206,345.95,1.492
0.35,48.0,0.07,2.2709,4.601,0.5295,1.2132,0.7248,206,340.73,1.492
0.35,48.0,0.08,2.4007,4.4878,0.6023,1.2429,0.7877,206,360.33,1.492
0.35,56.0,0.05,2.7407999999999997,4.2541,0.518,1.197,0.9452,206,411.71,1.492
0.35,56.0,0.06,2.3055,4.5219,0.4758,1.1857,0.7465,206,345.95,1.492
0.35,56.0,0.07,2.2709,4.601,0.5295,1.2132,0.7248,206,340.73,1.492
0.35,56.0,0.08,2.4007,4.4878,0.6023,1.2429,0.7877,206,360.33,1.492
0.35,56.0,0.01,3.7148,5.4315,0.5771,1.2289,0.9931,206,559.33,1.492
0.35,56.0,0.02,4.0935,4.9431,0.6633,1.2528,1.1947,206,616.92,1.492
0.35,56.0,0.03,3.8307,4.5213,0.6625,1.2408,1.1691,206,576.94,1.492
0.35,56.0,0.04,3.2960000000000003,4.1173,0.5919,1.217,1.1565,206,495.77,1.492
0.35,64.0,0.01,3.7148,5.4315,0.5771,1.2289,0.9931,206,559.33,1.492
0.35,64.0,0.02,4.0935,4.9431,0.6633,1.2528,1.1947,206,616.92,1.492
0.35,64.0,0.03,3.8307,4.5213,0.6625,1.2408,1.1691,206,576.94,1.492
0.35,64.0,0.04,3.2960000000000003,4.1173,0.5919,1.217,1.1565,206,495.77,1.492
0.35,64.0,0.05,2.7407999999999997,4.2541,0.518,1.197,0.9452,206,411.71,1.492
0.35,64.0,0.06,2.3055,4.5219,0.4758,1.1857,0.7465,206,345.95,1.492
0.35,64.0,0.07,2.2709,4.601,0.5295,1.2132,0.7248,206,340.73,1.492
0.35,64.0,0.08,2.4007,4.4878,0.6023,1.2429,0.7877,206,360.33,1.492
0.35,72.0,0.07,2.2709,4.601,0.5295,1.2132,0.7248,206,340.73,1.492
0.35,72.0,0.01,3.7148,5.4315,0.5771,1.2289,0.9931,206,559.33,1.492
0.35,72.0,0.02,4.0935,4.9431,0.6633,1.2528,1.1947,206,616.92,1.492
0.35,72.0,0.03,3.8307,4.5213,0.6625,1.2408,1.1691,206,576.94,1.492
0.35,72.0,0.04,3.2960000000000003,4.1173,0.5919,1.217,1.1565,206,495.77,1.492
0.35,72.0,0.05,2.7407999999999997,4.2541,0.518,1.197,0.9452,206,411.71,1.492
0.35,72.0,0.06,2.3055,4.5219,0.4758,1.1857,0.7465,206,345.95,1.492
0.35,72.0,0.08,2.4007,4.4878,0.6023,1.2429,0.7877,206,360.33,1.492
0.35,80.0,0.02,4.0935,4.9431,0.6633,1.2528,1.1947,206,616.92,1.492
0.35,80.0,0.03,3.8307,4.5213,0.6625,1.2408,1.1691,206,576.94,1.492
0.35,80.0,0.04,3.2960000000000003,4.1173,0.5919,1.217,1.1565,206,495.77,1.492
0.35,80.0,0.05,2.7407999999999997,4.2541,0.518,1.197,0.9452,206,411.71,1.492
0.35,80.0,0.06,2.3055,4.5219,0.4758,1.1857,0.7465,206,345.95,1.492
0.35,80.0,0.07,2.2709,4.601,0.5295,1.2132,0.7248,206,340.73,1.492
0.35,80.0,0.01,3.7148,5.4315,0.5771,1.2289,0.9931,206,559.33,1.492
0.35,80.0,0.08,2.4007,4.4878,0.6023,1.2429,0.7877,206,360.33,1.492
0.4,8.0,0.01,3.3274,4.4357,0.5834,1.2209,1.1058,206,500.54,1.492
0.4,8.0,0.02,3.3274,4.4357,0.5834,1.2209,1.1058,206,500.54,1.492
0.4,8.0,0.03,3.3274,4.4357,0.5834,1.2209,1.1058,206,500.54,1.492
0.4,8.0,0.04,3.3274,4.4357,0.5834,1.2209,1.1058,206,500.54,1.492
0.4,8.0,0.05,3.3274,4.4357,0.5834,1.2209,1.1058,206,500.54,1.492
0.4,8.0,0.06,3.2649999999999997,4.601,0.5994,1.2397,1.0395,206,491.08,1.492
0.4,8.0,0.07,2.5308,4.9247,0.5205,1.2078,0.7546,206,379.97,1.492
0.4,8.0,0.08,2.4152,4.9673,0.5456,1.2213,0.7142,206,362.51,1.492
0.4,16.0,0.05,3.3274,4.4357,0.5834,1.2209,1.1058,206,500.54,1.492
0.4,16.0,0.06,3.2649999999999997,4.601,0.5994,1.2397,1.0395,206,491.08,1.492
0.4,16.0,0.07,2.5308,4.9247,0.5205,1.2078,0.7546,206,379.97,1.492
0.4,16.0,0.08,2.4152,4.9673,0.5456,1.2213,0.7142,206,362.51,1.492
0.4,16.0,0.01,4.3372,5.0544,0.6777,1.2515,1.1612,206,654.02,1.492
0.4,16.0,0.02,4.3372,5.0544,0.6777,1.2515,1.1612,206,654.02,1.492
0.4,16.0,0.03,3.8479,5.176,0.6145,1.2217,1.04,206,579.56,1.492
0.4,16.0,0.04,3.8617,4.5085,0.6424,1.2321,1.2522,206,581.66,1.492
0.4,24.0,0.01,4.15,5.6464,0.5896,1.2385,1.0345,206,625.51,1.492
0.4,24.0,0.02,3.8759,5.6632,0.5805,1.2226,0.9954,206,583.82,1.492
0.4,24.0,0.03,3.8479,5.176,0.6145,1.2217,1.04,206,579.56,1.492
0.4,24.0,0.04,3.8617,4.5085,0.6424,1.2321,1.2522,206,581.66,1.492
0.4,24.0,0.05,3.3274,4.4357,0.5834,1.2209,1.1058,206,500.54,1.492
0.4,24.0,0.06,3.2649999999999997,4.601,0.5994,1.2397,1.0395,206,491.08,1.492
0.4,24.0,0.07,2.5308,4.9247,0.5205,1.2078,0.7546,206,379.97,1.492
0.4,24.0,0.08,2.4152,4.9673,0.5456,1.2213,0.7142,206,362.51,1.492
0.4,32.0,0.07,2.5308,4.9247,0.5205,1.2078,0.7546,206,379.97,1.492
0.4,32.0,0.08,2.4152,4.9673,0.5456,1.2213,0.7142,206,362.51,1.492
0.4,32.0,0.01,4.0896,5.6464,0.5811,1.2342,1.0193,206,616.32,1.492
0.4,32.0,0.02,3.8759,5.6632,0.5805,1.2226,0.9954,206,583.82,1.492
0.4,32.0,0.03,3.8479,5.176,0.6145,1.2217,1.04,206,579.56,1.492
0.4,32.0,0.04,3.8617,4.5085,0.6424,1.2321,1.2522,206,581.66,1.492
0.4,32.0,0.05,3.3274,4.4357,0.5834,1.2209,1.1058,206,500.54,1.492
0.4,32.0,0.06,3.2649999999999997,4.601,0.5994,1.2397,1.0395,206,491.08,1.492
0.4,40.0,0.02,3.8759,5.6632,0.5805,1.2226,0.9954,206,583.82,1.492
0.4,40.0,0.03,3.8479,5.176,0.6145,1.2217,1.04,206,579.56,1.492
0.4,40.0,0.04,3.8617,4.5085,0.6424,1.2321,1.2522,206,581.66,1.492
0.4,40.0,0.05,3.3274,4.4357,0.5834,1.2209,1.1058,206,500.54,1.492
0.4,40.0,0.06,3.2649999999999997,4.601,0.5994,1.2397,1.0395,206,491.08,1.492
0.4,40.0,0.07,2.5308,4.9247,0.5205,1.2078,0.7546,206,379.97,1.492
0.4,40.0,0.08,2.4152,4.9673,0.5456,1.2213,0.7142,206,362.51,1.492
0.4,40.0,0.01,4.0896,5.6464,0.5811,1.2342,1.0193,206,616.32,1.492
0.4,48.0,0.01,4.0896,5.6464,0.5811,1.2342,1.0193,206,616.32,1.492
0.4,48.0,0.02,3.8759,5.6632,0.5805,1.2226,0.9954,206,583.82,1.492
0.4,48.0,0.03,3.8479,5.176,0.6145,1.2217,1.04,206,579.56,1.492
0.4,48.0,0.04,3.8617,4.5085,0.6424,1.2321,1.2522,206,581.66,1.492
0.4,48.0,0.05,3.3274,4.4357,0.5834,1.2209,1.1058,206,500.54,1.492
0.4,48.0,0.06,3.2649999999999997,4.601,0.5994,1.2397,1.0395,206,491.08,1.492
0.4,48.0,0.07,2.5308,4.9247,0.5205,1.2078,0.7546,206,379.97,1.492
0.4,48.0,0.08,2.4152,4.9673,0.5456,1.2213,0.7142,206,362.51,1.492
0.4,56.0,0.04,3.8617,4.5085,0.6424,1.2321,1.2522,206,581.66,1.492
0.4,56.0,0.05,3.3274,4.4357,0.5834,1.2209,1.1058,206,500.54,1.492
0.4,56.0,0.06,3.2649999999999997,4.601,0.5994,1.2397,1.0395,206,491.08,1.492
0.4,56.0,0.07,2.5308,4.9247,0.5205,1.2078,0.7546,206,379.97,1.492
0.4,56.0,0.08,2.4152,4.9673,0.5456,1.2213,0.7142,206,362.51,1.492
0.4,56.0,0.01,4.0896,5.6464,0.5811,1.2342,1.0193,206,616.32,1.492
0.4,56.0,0.02,3.8759,5.6632,0.5805,1.2226,0.9954,206,583.82,1.492
0.4,56.0,0.03,3.8479,5.176,0.6145,1.2217,1.04,206,579.56,1.492
0.4,64.0,0.01,4.0896,5.6464,0.5811,1.2342,1.0193,206,616.32,1.492
0.4,64.0,0.02,3.8759,5.6632,0.5805,1.2226,0.9954,206,583.82,1.492
0.4,64.0,0.03,3.8479,5.176,0.6145,1.2217,1.04,206,579.56,1.492
0.4,64.0,0.04,3.8617,4.5085,0.6424,1.2321,1.2522,206,581.66,1.492
0.4,64.0,0.05,3.3274,4.4357,0.5834,1.2209,1.1058,206,500.54,1.492
0.4,64.0,0.06,3.2649999999999997,4.601,0.5994,1.2397,1.0395,206,491.08,1.492
0.4,64.0,0.07,2.5308,4.9247,0.5205,1.2078,0.7546,206,379.97,1.492
0.4,64.0,0.08,2.4152,4.9673,0.5456,1.2213,0.7142,206,362.51,1.492
0.4,72.0,0.06,3.2649999999999997,4.601,0.5994,1.2397,1.0395,206,491.08,1.492
0.4,72.0,0.07,2.5308,4.9247,0.5205,1.2078,0.7546,206,379.97,1.492
0.4,72.0,0.01,4.0896,5.6464,0.5811,1.2342,1.0193,206,616.32,1.492
0.4,72.0,0.02,3.8759,5.6632,0.5805,1.2226,0.9954,206,583.82,1.492
0.4,72.0,0.03,3.8479,5.176,0.6145,1.2217,1.04,206,579.56,1.492
0.4,72.0,0.04,3.8617,4.5085,0.6424,1.2321,1.2522,206,581.66,1.492
0.4,72.0,0.05,3.3274,4.4357,0.5834,1.2209,1.1058,206,500.54,1.492
0.4,72.0,0.08,2.4152,4.9673,0.5456,1.2213,0.7142,206,362.51,1.492
0.4,80.0,0.02,3.8759,5.6632,0.5805,1.2226,0.9954,206,583.82,1.492
0.4,80.0,0.03,3.8479,5.176,0.6145,1.2217,1.04,206,579.56,1.492
0.4,80.0,0.04,3.8617,4.5085,0.6424,1.2321,1.2522,206,581.66,1.492
0.4,80.0,0.05,3.3274,4.4357,0.5834,1.2209,1.1058,206,500.54,1.492
0.4,80.0,0.06,3.2649999999999997,4.601,0.5994,1.2397,1.0395,206,491.08,1.492
0.4,80.0,0.07,2.5308,4.9247,0.5205,1.2078,0.7546,206,379.97,1.492
0.4,80.0,0.01,4.0896,5.6464,0.5811,1.2342,1.0193,206,616.32,1.492
0.4,80.0,0.08,2.4152,4.9673,0.5456,1.2213,0.7142,206,362.51,1.492
0.45,8.0,0.01,3.5345,4.6658,0.589,1.2296,1.1132,206,531.96,1.492
0.45,8.0,0.02,3.5345,4.6658,0.589,1.2296,1.1132,206,531.96,1.492
0.45,8.0,0.03,3.5345,4.6658,0.589,1.2296,1.1132,206,531.96,1.492
0.45,8.0,0.04,3.5345,4.6658,0.589,1.2296,1.1132,206,531.96,1.492
0.45,8.0,0.05,3.5345,4.6658,0.589,1.2296,1.1132,206,531.96,1.492
0.45,8.0,0.06,3.5436,4.9122,0.5889,1.2384,1.0555,206,533.33,1.492
0.45,8.0,0.07,3.0784,5.0315,0.5709,1.2271,0.8969,206,462.8,1.492
0.45,8.0,0.08,2.9122,5.0522,0.5978,1.2461,0.8466,206,437.63,1.492
0.45,16.0,0.04,4.0776,5.1981,0.6261,1.2235,1.1539,206,614.5,1.492
0.45,16.0,0.05,3.5181999999999998,4.7777,0.5643,1.2082,1.085,206,529.48,1.492
0.45,16.0,0.06,3.5436,4.9122,0.5889,1.2384,1.0555,206,533.33,1.492
0.45,16.0,0.07,3.0784,5.0315,0.5709,1.2271,0.8969,206,462.8,1.492
0.45,16.0,0.08,2.9122,5.0522,0.5978,1.2461,0.8466,206,437.63,1.492
0.45,16.0,0.01,3.8986,5.646,0.5782,1.2104,1.0031,206,587.26,1.492
0.45,16.0,0.02,3.8986,5.646,0.5782,1.2104,1.0031,206,587.26,1.492
0.45,16.0,0.03,4.1851,5.424,0.6219,1.2268,1.1274,206,630.85,1.492
0.45,24.0,0.01,4.2745,6.0923,0.5757,1.2289,1.0164,206,644.47,1.492
0.45,24.0,0.02,4.0663,5.9572,0.5571,1.217,0.99,206,612.77,1.492
0.45,24.0,0.03,4.1851,5.424,0.6219,1.2268,1.1274,206,630.85,1.492
0.45,24.0,0.04,4.0776,5.1981,0.6261,1.2235,1.1539,206,614.5,1.492
0.45,24.0,0.05,3.5181999999999998,4.7777,0.5643,1.2082,1.085,206,529.48,1.492
0.45,24.0,0.06,3.5436,4.9122,0.5889,1.2384,1.0555,206,533.33,1.492
0.45,24.0,0.07,3.0784,5.0315,0.5709,1.2271,0.8969,206,462.8,1.492
0.45,24.0,0.08,2.9122,5.0522,0.5978,1.2461,0.8466,206,437.63,1.492
0.45,32.0,0.06,3.5436,4.9122,0.5889,1.2384,1.0555,206,533.33,1.492
0.45,32.0,0.07,3.0784,5.0315,0.5709,1.2271,0.8969,206,462.8,1.492
0.45,32.0,0.08,2.9122,5.0522,0.5978,1.2461,0.8466,206,437.63,1.492
0.45,32.0,0.01,4.5282,6.0809,0.5906,1.2438,1.0754,206,683.13,1.492
0.45,32.0,0.02,4.0663,5.9572,0.5571,1.217,0.99,206,612.77,1.492
0.45,32.0,0.03,4.1851,5.424,0.6219,1.2268,1.1274,206,630.85,1.492
0.45,32.0,0.04,4.0776,5.1981,0.6261,1.2235,1.1539,206,614.5,1.492
0.45,32.0,0.05,3.5181999999999998,4.7777,0.5643,1.2082,1.085,206,529.48,1.492
0.45,40.0,0.02,4.0663,5.9572,0.5571,1.217,0.99,206,612.77,1.492
0.45,40.0,0.03,4.1851,5.424,0.6219,1.2268,1.1274,206,630.85,1.492
0.45,40.0,0.04,4.0776,5.1981,0.6261,1.2235,1.1539,206,614.5,1.492
0.45,40.0,0.05,3.5181999999999998,4.7777,0.5643,1.2082,1.085,206,529.48,1.492
0.45,40.0,0.06,3.5436,4.9122,0.5889,1.2384,1.0555,206,533.33,1.492
0.45,40.0,0.07,3.0784,5.0315,0.5709,1.2271,0.8969,206,462.8,1.492
0.45,40.0,0.08,2.9122,5.0522,0.5978,1.2461,0.8466,206,437.63,1.492
0.45,40.0,0.01,4.5282,6.0809,0.5906,1.2438,1.0754,206,683.13,1.492
0.45,48.0,0.08,2.9122,5.0522,0.5978,1.2461,0.8466,206,437.63,1.492
0.45,48.0,0.01,4.5282,6.0809,0.5906,1.2438,1.0754,206,683.13,1.492
0.45,48.0,0.02,4.0663,5.9572,0.5571,1.217,0.99,206,612.77,1.492
0.45,48.0,0.03,4.1851,5.424,0.6219,1.2268,1.1274,206,630.85,1.492
0.45,48.0,0.04,4.0776,5.1981,0.6261,1.2235,1.1539,206,614.5,1.492
0.45,48.0,0.05,3.5181999999999998,4.7777,0.5643,1.2082,1.085,206,529.48,1.492
0.45,48.0,0.06,3.5436,4.9122,0.5889,1.2384,1.0555,206,533.33,1.492
0.45,48.0,0.07,3.0784,5.0315,0.5709,1.2271,0.8969,206,462.8,1.492
0.45,56.0,0.04,4.0776,5.1981,0.6261,1.2235,1.1539,206,614.5,1.492
0.45,56.0,0.05,3.5181999999999998,4.7777,0.5643,1.2082,1.085,206,529.48,1.492
0.45,56.0,0.06,3.5436,4.9122,0.5889,1.2384,1.0555,206,533.33,1.492
0.45,56.0,0.07,3.0784,5.0315,0.5709,1.2271,0.8969,206,462.8,1.492
0.45,56.0,0.08,2.9122,5.0522,0.5978,1.2461,0.8466,206,437.63,1.492
0.45,56.0,0.01,4.5282,6.0809,0.5906,1.2438,1.0754,206,683.13,1.492
0.45,56.0,0.02,4.0663,5.9572,0.5571,1.217,0.99,206,612.77,1.492
0.45,56.0,0.03,4.1851,5.424,0.6219,1.2268,1.1274,206,630.85,1.492
0.45,64.0,0.01,4.5282,6.0809,0.5906,1.2438,1.0754,206,683.13,1.492
0.45,64.0,0.02,4.0663,5.9572,0.5571,1.217,0.99,206,612.77,1.492
0.45,64.0,0.03,4.1851,5.424,0.6219,1.2268,1.1274,206,630.85,1.492
0.45,64.0,0.04,4.0776,5.1981,0.6261,1.2235,1.1539,206,614.5,1.492
0.45,64.0,0.05,3.5181999999999998,4.7777,0.5643,1.2082,1.085,206,529.48,1.492
0.45,64.0,0.06,3.5436,4.9122,0.5889,1.2384,1.0555,206,533.33,1.492
0.45,64.0,0.07,3.0784,5.0315,0.5709,1.2271,0.8969,206,462.8,1.492
0.45,64.0,0.08,2.9122,5.0522,0.5978,1.2461,0.8466,206,437.63,1.492
0.45,72.0,0.06,3.5436,4.9122,0.5889,1.2384,1.0555,206,533.33,1.492
0.45,72.0,0.07,3.0784,5.0315,0.5709,1.2271,0.8969,206,462.8,1.492
0.45,72.0,0.01,4.5282,6.0809,0.5906,1.2438,1.0754,206,683.13,1.492
0.45,72.0,0.02,4.0663,5.9572,0.5571,1.217,0.99,206,612.77,1.492
0.45,72.0,0.03,4.1851,5.424,0.6219,1.2268,1.1274,206,630.85,1.492
0.45,72.0,0.04,4.0776,5.1981,0.6261,1.2235,1.1539,206,614.5,1.492
0.45,72.0,0.05,3.5181999999999998,4.7777,0.5643,1.2082,1.085,206,529.48,1.492
0.45,72.0,0.08,2.9122,5.0522,0.5978,1.2461,0.8466,206,437.63,1.492
0.45,80.0,0.01,4.5282,6.0809,0.5906,1.2438,1.0754,206,683.13,1.492
0.45,80.0,0.02,4.0663,5.9572,0.5571,1.217,0.99,206,612.77,1.492
0.45,80.0,0.03,4.1851,5.424,0.6219,1.2268,1.1274,206,630.85,1.492
0.45,80.0,0.04,4.0776,5.1981,0.6261,1.2235,1.1539,206,614.5,1.492
0.45,80.0,0.05,3.5181999999999998,4.7777,0.5643,1.2082,1.085,206,529.48,1.492
0.45,80.0,0.06,3.5436,4.9122,0.5889,1.2384,1.0555,206,533.33,1.492
0.45,80.0,0.07,3.0784,5.0315,0.5709,1.2271,0.8969,206,462.8,1.492
0.45,80.0,0.08,2.9122,5.0522,0.5978,1.2461,0.8466,206,437.63,1.492
0.5,8.0,0.08,3.094,5.4161,0.569,1.2259,0.837,206,465.16,1.492
0.5,8.0,0.01,3.4229000000000003,5.2162,0.5382,1.2135,0.9616,206,515.02,1.492
0.5,8.0,0.02,3.4229000000000003,5.2162,0.5382,1.2135,0.9616,206,515.02,1.492
0.5,8.0,0.03,3.4229000000000003,5.2162,0.5382,1.2135,0.9616,206,515.02,1.492
0.5,8.0,0.04,3.4229000000000003,5.2162,0.5382,1.2135,0.9616,206,515.02,1.492
0.5,8.0,0.05,3.4229000000000003,5.2162,0.5382,1.2135,0.9616,206,515.02,1.492
0.5,8.0,0.06,3.4229000000000003,5.2162,0.5382,1.2135,0.9616,206,515.02,1.492
0.5,8.0,0.07,2.8527,5.4365,0.4805,1.1903,0.7671,206,428.64,1.492
0.5,16.0,0.04,4.6337,5.513,0.6717,1.2416,1.236,206,699.23,1.492
0.5,16.0,0.05,4.0676,4.9886,0.6164,1.2264,1.2014,206,612.97,1.492
0.5,16.0,0.06,3.4278999999999997,5.2155,0.5314,1.206,0.963,206,515.78,1.492
0.5,16.0,0.07,2.8527,5.4365,0.4805,1.1903,0.7671,206,428.64,1.492
0.5,16.0,0.08,3.094,5.4161,0.569,1.2259,0.837,206,465.16,1.492
0.5,16.0,0.01,4.1949,5.6692,0.5887,1.2147,1.0711,206,632.35,1.492
0.5,16.0,0.02,4.1949,5.6692,0.5887,1.2147,1.0711,206,632.35,1.492
0.5,16.0,0.03,4.1949,5.6692,0.5887,1.2147,1.0711,206,632.35,1.492
0.5,24.0,0.01,4.5537,6.0789,0.588,1.2301,1.0859,206,687.02,1.492
0.5,24.0,0.02,4.5537,6.0789,0.588,1.2301,1.0859,206,687.02,1.492
0.5,24.0,0.03,4.0631,5.8564,0.5676,1.2072,1.0021,206,612.28,1.492
0.5,24.0,0.04,4.6337,5.513,0.6717,1.2416,1.236,206,699.23,1.492
0.5,24.0,0.05,4.0676,4.9886,0.6164,1.2264,1.2014,206,612.97,1.492
0.5,24.0,0.06,3.4278999999999997,5.2155,0.5314,1.206,0.963,206,515.78,1.492
0.5,24.0,0.07,2.8527,5.4365,0.4805,1.1903,0.7671,206,428.64,1.492
0.5,24.0,0.08,3.094,5.4161,0.569,1.2259,0.837,206,465.16,1.492
0.5,32.0,0.06,3.4278999999999997,5.2155,0.5314,1.206,0.963,206,515.78,1.492
0.5,32.0,0.07,2.8527,5.4365,0.4805,1.1903,0.7671,206,428.64,1.492
0.5,32.0,0.08,3.094,5.4161,0.569,1.2259,0.837,206,465.16,1.492
0.5,32.0,0.01,4.9731,6.3877,0.6048,1.2539,1.1219,206,751.06,1.492
0.5,32.0,0.02,4.5373,6.2483,0.579,1.2296,1.0513,206,684.53,1.492
0.5,32.0,0.03,4.0631,5.8564,0.5676,1.2072,1.0021,206,612.28,1.492
0.5,32.0,0.04,4.6337,5.513,0.6717,1.2416,1.236,206,699.23,1.492
0.5,32.0,0.05,4.0676,4.9886,0.6164,1.2264,1.2014,206,612.97,1.492
0.5,40.0,0.01,4.9731,6.3877,0.6048,1.2539,1.1219,206,751.06,1.492
0.5,40.0,0.02,4.5373,6.2483,0.579,1.2296,1.0513,206,684.53,1.492
0.5,40.0,0.03,4.0631,5.8564,0.5676,1.2072,1.0021,206,612.28,1.492
0.5,40.0,0.04,4.6337,5.513,0.6717,1.2416,1.236,206,699.23,1.492
0.5,40.0,0.05,4.0676,4.9886,0.6164,1.2264,1.2014,206,612.97,1.492
0.5,40.0,0.06,3.4278999999999997,5.2155,0.5314,1.206,0.963,206,515.78,1.492
0.5,40.0,0.07,2.8527,5.4365,0.4805,1.1903,0.7671,206,428.64,1.492
0.5,40.0,0.08,3.094,5.4161,0.569,1.2259,0.837,206,465.16,1.492
0.5,48.0,0.08,3.094,5.4161,0.569,1.2259,0.837,206,465.16,1.492
0.5,48.0,0.01,4.9731,6.3877,0.6048,1.2539,1.1219,206,751.06,1.492
0.5,48.0,0.02,4.5373,6.2483,0.579,1.2296,1.0513,206,684.53,1.492
0.5,48.0,0.03,4.0631,5.8564,0.5676,1.2072,1.0021,206,612.28,1.492
0.5,48.0,0.04,4.6337,5.513,0.6717,1.2416,1.236,206,699.23,1.492
0.5,48.0,0.05,4.0676,4.9886,0.6164,1.2264,1.2014,206,612.97,1.492
0.5,48.0,0.06,3.4278999999999997,5.2155,0.5314,1.206,0.963,206,515.78,1.492
0.5,48.0,0.07,2.8527,5.4365,0.4805,1.1903,0.7671,206,428.64,1.492
0.5,56.0,0.03,4.0631,5.8564,0.5676,1.2072,1.0021,206,612.28,1.492
0.5,56.0,0.04,4.6337,5.513,0.6717,1.2416,1.236,206,699.23,1.492
0.5,56.0,0.05,4.0676,4.9886,0.6164,1.2264,1.2014,206,612.97,1.492
0.5,56.0,0.06,3.4278999999999997,5.2155,0.5314,1.206,0.963,206,515.78,1.492
0.5,56.0,0.07,2.8527,5.4365,0.4805,1.1903,0.7671,206,428.64,1.492
0.5,56.0,0.08,3.094,5.4161,0.569,1.2259,0.837,206,465.16,1.492
0.5,56.0,0.01,4.9731,6.3877,0.6048,1.2539,1.1219,206,751.06,1.492
0.5,56.0,0.02,4.5373,6.2483,0.579,1.2296,1.0513,206,684.53,1.492
0.5,64.0,0.01,4.9731,6.3877,0.6048,1.2539,1.1219,206,751.06,1.492
0.5,64.0,0.02,4.5373,6.2483,0.579,1.2296,1.0513,206,684.53,1.492
0.5,64.0,0.03,4.0631,5.8564,0.5676,1.2072,1.0021,206,612.28,1.492
0.5,64.0,0.04,4.6337,5.513,0.6717,1.2416,1.236,206,699.23,1.492
0.5,64.0,0.05,4.0676,4.9886,0.6164,1.2264,1.2014,206,612.97,1.492
0.5,64.0,0.06,3.4278999999999997,5.2155,0.5314,1.206,0.963,206,515.78,1.492
0.5,64.0,0.07,2.8527,5.4365,0.4805,1.1903,0.7671,206,428.64,1.492
0.5,64.0,0.08,3.094,5.4161,0.569,1.2259,0.837,206,465.16,1.492
0.5,72.0,0.05,4.0676,4.9886,0.6164,1.2264,1.2014,206,612.97,1.492
0.5,72.0,0.06,3.4278999999999997,5.2155,0.5314,1.206,0.963,206,515.78,1.492
0.5,72.0,0.07,2.8527,5.4365,0.4805,1.1903,0.7671,206,428.64,1.492
0.5,72.0,0.01,4.9731,6.3877,0.6048,1.2539,1.1219,206,751.06,1.492
0.5,72.0,0.02,4.5373,6.2483,0.579,1.2296,1.0513,206,684.53,1.492
0.5,72.0,0.03,4.0631,5.8564,0.5676,1.2072,1.0021,206,612.28,1.492
0.5,72.0,0.04,4.6337,5.513,0.6717,1.2416,1.236,206,699.23,1.492
0.5,72.0,0.08,3.094,5.4161,0.569,1.2259,0.837,206,465.16,1.492
0.5,80.0,0.01,4.9731,6.3877,0.6048,1.2539,1.1219,206,751.06,1.492
0.5,80.0,0.02,4.5373,6.2483,0.579,1.2296,1.0513,206,684.53,1.492
0.5,80.0,0.03,4.0631,5.8564,0.5676,1.2072,1.0021,206,612.28,1.492
0.5,80.0,0.04,4.6337,5.513,0.6717,1.2416,1.236,206,699.23,1.492
0.5,80.0,0.05,4.0676,4.9886,0.6164,1.2264,1.2014,206,612.97,1.492
0.5,80.0,0.06,3.4278999999999997,5.2155,0.5314,1.206,0.963,206,515.78,1.492
0.5,80.0,0.07,2.8527,5.4365,0.4805,1.1903,0.7671,206,428.64,1.492
0.5,80.0,0.08,3.094,5.4161,0.569,1.2259,0.837,206,465.16,1.492
