timestamp_utc,spread_10y2y,unemp_rising,spread_threshold,macro_ok
2020-09-23T00:00:00Z,0.540000,0,0.5000,0
2020-09-24T00:00:00Z,0.530000,0,0.5000,0
2020-09-25T00:00:00Z,0.540000,0,0.5000,0
2020-09-28T00:00:00Z,0.530000,0,0.5000,0
2020-09-29T00:00:00Z,0.550000,0,0.5000,0
2020-09-30T00:00:00Z,0.560000,0,0.5000,0
2020-10-01T00:00:00Z,0.540000,0,0.5000,0
2020-10-02T00:00:00Z,0.570000,0,0.5000,0
2020-10-05T00:00:00Z,0.640000,0,0.5000,0
2020-10-06T00:00:00Z,0.620000,0,0.5000,0
2020-10-07T00:00:00Z,0.650000,0,0.5000,0
2020-10-08T00:00:00Z,0.650000,0,0.5000,0
2020-10-09T00:00:00Z,0.630000,0,0.5000,0
2020-10-13T00:00:00Z,0.580000,0,0.5000,0
2020-10-14T00:00:00Z,0.590000,0,0.5000,0
2020-10-15T00:00:00Z,0.600000,0,0.5000,0
2020-10-16T00:00:00Z,0.620000,0,0.5000,0
2020-10-19T00:00:00Z,0.620000,0,0.5000,0
2020-10-20T00:00:00Z,0.670000,0,0.5000,0
2020-10-21T00:00:00Z,0.690000,0,0.5000,0
2020-10-22T00:00:00Z,0.710000,0,0.5000,0
2020-10-23T00:00:00Z,0.670000,0,0.5000,0
2020-10-26T00:00:00Z,0.650000,0,0.5000,0
2020-10-27T00:00:00Z,0.630000,0,0.5000,0
2020-10-28T00:00:00Z,0.630000,0,0.5000,0
2020-10-29T00:00:00Z,0.690000,0,0.5000,0
2020-10-30T00:00:00Z,0.740000,0,0.5000,0
2020-11-02T00:00:00Z,0.710000,0,0.5000,0
2020-11-03T00:00:00Z,0.730000,0,0.5000,0
2020-11-04T00:00:00Z,0.640000,0,0.5000,0
2020-11-05T00:00:00Z,0.650000,0,0.5000,0
2020-11-06T00:00:00Z,0.670000,0,0.5000,0
2020-11-09T00:00:00Z,0.790000,0,0.5000,0
2020-11-10T00:00:00Z,0.790000,0,0.5000,0
2020-11-12T00:00:00Z,0.710000,0,0.5000,0
2020-11-13T00:00:00Z,0.720000,0,0.5000,0
2020-11-16T00:00:00Z,0.720000,0,0.5000,0
2020-11-17T00:00:00Z,0.690000,0,0.5000,0
2020-11-18T00:00:00Z,0.720000,0,0.5000,0
2020-11-19T00:00:00Z,0.680000,0,0.5000,0
2020-11-20T00:00:00Z,0.670000,0,0.5000,0
2020-11-23T00:00:00Z,0.700000,0,0.5000,0
2020-11-24T00:00:00Z,0.720000,0,0.5000,0
2020-11-25T00:00:00Z,0.710000,0,0.5000,0
2020-11-27T00:00:00Z,0.680000,0,0.5000,0
2020-11-30T00:00:00Z,0.680000,0,0.5000,0
2020-12-01T00:00:00Z,0.750000,0,0.5000,0
2020-12-02T00:00:00Z,0.790000,0,0.5000,0
2020-12-03T00:00:00Z,0.760000,0,0.5000,0
2020-12-04T00:00:00Z,0.810000,0,0.5000,0
2020-12-07T00:00:00Z,0.800000,0,0.5000,0
2020-12-08T00:00:00Z,0.780000,0,0.5000,0
2020-12-09T00:00:00Z,0.790000,0,0.5000,0
2020-12-10T00:00:00Z,0.780000,0,0.5000,0
2020-12-11T00:00:00Z,0.790000,0,0.5000,0
2020-12-14T00:00:00Z,0.770000,0,0.5000,0
2020-12-15T00:00:00Z,0.810000,0,0.5000,0
2020-12-16T00:00:00Z,0.790000,0,0.5000,0
2020-12-18T00:00:00Z,0.810000,0,0.5000,0
2020-12-18T00:00:00Z,0.820000,0,0.5000,0
2020-12-21T00:00:00Z,0.820000,0,0.5000,0
2020-12-22T00:00:00Z,0.800000,0,0.5000,0
2020-12-23T00:00:00Z,0.830000,0,0.5000,0
2020-12-24T00:00:00Z,0.810000,0,0.5000,0
2020-12-28T00:00:00Z,0.810000,0,0.5000,0
2020-12-29T00:00:00Z,0.820000,0,0.5000,0
2020-12-30T00:00:00Z,0.810000,0,0.5000,0
2020-12-31T00:00:00Z,0.800000,0,0.5000,0
2021-01-04T00:00:00Z,0.820000,0,0.5000,0
2021-01-05T00:00:00Z,0.830000,0,0.5000,0
2021-01-06T00:00:00Z,0.900000,0,0.5000,0
2021-01-07T00:00:00Z,0.940000,0,0.5000,0
2021-01-08T00:00:00Z,0.990000,0,0.5000,0
2021-01-11T00:00:00Z,1.010000,0,0.5000,0
2021-01-12T00:00:00Z,1.010000,0,0.5000,0
2021-01-13T00:00:00Z,0.960000,0,0.5000,0
2021-01-14T00:00:00Z,0.990000,0,0.5000,0
2021-01-15T00:00:00Z,0.980000,0,0.5000,0
2021-01-19T00:00:00Z,0.960000,0,0.5000,0
2021-01-21T00:00:00Z,0.970000,0,0.5000,0
2021-01-21T00:00:00Z,0.990000,0,0.5000,0
2021-01-22T00:00:00Z,0.970000,0,0.5000,0
2021-01-25T00:00:00Z,0.920000,0,0.5000,0
2021-01-26T00:00:00Z,0.940000,0,0.5000,0
2021-01-27T00:00:00Z,0.920000,0,0.5000,0
2021-01-28T00:00:00Z,0.950000,0,0.5000,0
2021-01-29T00:00:00Z,1.000000,0,0.5000,0
2021-02-01T00:00:00Z,0.980000,0,0.5000,0
2021-02-02T00:00:00Z,1.010000,0,0.5000,0
2021-02-03T00:00:00Z,1.040000,0,0.5000,0
2021-02-04T00:00:00Z,1.040000,0,0.5000,0
2021-02-05T00:00:00Z,1.100000,0,0.5000,0
2021-02-08T00:00:00Z,1.080000,0,0.5000,0
2021-02-09T00:00:00Z,1.070000,0,0.5000,0
2021-02-10T00:00:00Z,1.040000,0,0.5000,0
2021-02-11T00:00:00Z,1.050000,0,0.5000,0
2021-02-12T00:00:00Z,1.090000,0,0.5000,0
2021-02-16T00:00:00Z,1.170000,0,0.5000,0
2021-02-17T00:00:00Z,1.180000,0,0.5000,0
2021-02-18T00:00:00Z,1.180000,0,0.5000,0
2021-02-19T00:00:00Z,1.230000,0,0.5000,0
2021-02-22T00:00:00Z,1.260000,0,0.5000,0
2021-02-23T00:00:00Z,1.260000,0,0.5000,0
2021-02-24T00:00:00Z,1.260000,0,0.5000,0
2021-02-25T00:00:00Z,1.370000,0,0.5000,0
2021-02-26T00:00:00Z,1.300000,0,0.5000,0
2021-03-01T00:00:00Z,1.320000,0,0.5000,0
2021-03-02T00:00:00Z,1.290000,0,0.5000,0
2021-03-03T00:00:00Z,1.330000,0,0.5000,0
2021-03-04T00:00:00Z,1.400000,0,0.5000,0
2021-03-05T00:00:00Z,1.420000,0,0.5000,0
2021-03-08T00:00:00Z,1.420000,0,0.5000,0
2021-03-09T00:00:00Z,1.380000,0,0.5000,0
2021-03-10T00:00:00Z,1.370000,0,0.5000,0
2021-03-11T00:00:00Z,1.400000,0,0.5000,0
2021-03-12T00:00:00Z,1.500000,0,0.5000,0
2021-03-15T00:00:00Z,1.480000,0,0.5000,0
2021-03-16T00:00:00Z,1.470000,0,0.5000,0
2021-03-17T00:00:00Z,1.500000,0,0.5000,0
2021-03-18T00:00:00Z,1.550000,0,0.5000,0
2021-03-19T00:00:00Z,1.580000,0,0.5000,0
2021-03-22T00:00:00Z,1.540000,0,0.5000,0
2021-03-23T00:00:00Z,1.480000,0,0.5000,0
2021-03-24T00:00:00Z,1.480000,0,0.5000,0
2021-03-25T00:00:00Z,1.490000,0,0.5000,0
2021-03-26T00:00:00Z,1.530000,0,0.5000,0
2021-03-29T00:00:00Z,1.590000,0,0.5000,0
2021-03-30T00:00:00Z,1.570000,0,0.5000,0
2021-03-31T00:00:00Z,1.580000,0,0.5000,0
2021-04-01T00:00:00Z,1.520000,0,0.5000,0
2021-04-02T00:00:00Z,1.530000,0,0.5000,0
2021-04-05T00:00:00Z,1.560000,0,0.5000,0
2021-04-06T00:00:00Z,1.510000,0,0.5000,0
2021-04-07T00:00:00Z,1.520000,0,0.5000,0
2021-04-08T00:00:00Z,1.500000,0,0.5000,0
2021-04-09T00:00:00Z,1.510000,0,0.5000,0
2021-04-12T00:00:00Z,1.510000,0,0.5000,0
2021-04-13T00:00:00Z,1.480000,0,0.5000,0
2021-04-14T00:00:00Z,1.480000,0,0.5000,0
2021-04-15T00:00:00Z,1.400000,0,0.5000,0
2021-04-16T00:00:00Z,1.430000,0,0.5000,0
2021-04-19T00:00:00Z,1.450000,0,0.5000,0
2021-04-20T00:00:00Z,1.430000,0,0.5000,0
2021-04-21T00:00:00Z,1.420000,0,0.5000,0
2021-04-22T00:00:00Z,1.410000,0,0.5000,0
2021-04-23T00:00:00Z,1.420000,0,0.5000,0
2021-04-26T00:00:00Z,1.400000,0,0.5000,0
2021-04-27T00:00:00Z,1.460000,0,0.5000,0
2021-04-28T00:00:00Z,1.460000,0,0.5000,0
2021-04-29T00:00:00Z,1.490000,0,0.5000,0
2021-04-30T00:00:00Z,1.490000,0,0.5000,0
2021-05-03T00:00:00Z,1.470000,0,0.5000,0
2021-05-04T00:00:00Z,1.450000,0,0.5000,0
2021-05-05T00:00:00Z,1.430000,0,0.5000,0
2021-05-06T00:00:00Z,1.420000,0,0.5000,0
2021-05-07T00:00:00Z,1.460000,0,0.5000,0
2021-05-10T00:00:00Z,1.470000,0,0.5000,0
2021-05-11T00:00:00Z,1.480000,0,0.5000,0
2021-05-12T00:00:00Z,1.530000,0,0.5000,0
2021-05-13T00:00:00Z,1.500000,0,0.5000,0
2021-05-14T00:00:00Z,1.470000,0,0.5000,0
2021-05-17T00:00:00Z,1.480000,0,0.5000,0
2021-05-18T00:00:00Z,1.480000,0,0.5000,0
2021-05-19T00:00:00Z,1.520000,0,0.5000,0
2021-05-20T00:00:00Z,1.480000,0,0.5000,0
2021-05-21T00:00:00Z,1.460000,0,0.5000,0
2021-05-24T00:00:00Z,1.460000,0,0.5000,0
2021-05-25T00:00:00Z,1.410000,0,0.5000,0
2021-05-26T00:00:00Z,1.440000,0,0.5000,0
2021-05-27T00:00:00Z,1.470000,0,0.5000,0
2021-05-28T00:00:00Z,1.440000,0,0.5000,0
2021-06-01T00:00:00Z,1.460000,0,0.5000,0
2021-06-02T00:00:00Z,1.460000,0,0.5000,0
2021-06-03T00:00:00Z,1.470000,0,0.5000,0
2021-06-04T00:00:00Z,1.420000,0,0.5000,0
2021-06-07T00:00:00Z,1.410000,0,0.5000,0
2021-06-08T00:00:00Z,1.390000,0,0.5000,0
2021-06-09T00:00:00Z,1.340000,0,0.5000,0
2021-06-10T00:00:00Z,1.310000,0,0.5000,0
2021-06-11T00:00:00Z,1.310000,0,0.5000,0
2021-06-14T00:00:00Z,1.350000,0,0.5000,0
2021-06-15T00:00:00Z,1.350000,0,0.5000,0
2021-06-16T00:00:00Z,1.360000,0,0.5000,0
2021-06-17T00:00:00Z,1.290000,0,0.5000,0
2021-06-18T00:00:00Z,1.190000,0,0.5000,0
2021-06-21T00:00:00Z,1.230000,0,0.5000,0
2021-06-22T00:00:00Z,1.230000,0,0.5000,0
2021-06-23T00:00:00Z,1.240000,0,0.5000,0
2021-06-24T00:00:00Z,1.230000,0,0.5000,0
2021-06-25T00:00:00Z,1.260000,0,0.5000,0
2021-06-28T00:00:00Z,1.240000,0,0.5000,0
2021-06-29T00:00:00Z,1.220000,0,0.5000,0
2021-06-30T00:00:00Z,1.200000,0,0.5000,0
2021-07-01T00:00:00Z,1.230000,0,0.5000,0
2021-07-02T00:00:00Z,1.200000,0,0.5000,0
2021-07-06T00:00:00Z,1.150000,0,0.5000,0
2021-07-07T00:00:00Z,1.110000,0,0.5000,0
2021-07-08T00:00:00Z,1.110000,0,0.5000,0
2021-07-09T00:00:00Z,1.140000,0,0.5000,0
2021-07-12T00:00:00Z,1.150000,0,0.5000,0
2021-07-13T00:00:00Z,1.160000,0,0.5000,0
2021-07-14T00:00:00Z,1.140000,0,0.5000,0
2021-07-15T00:00:00Z,1.080000,0,0.5000,0
2021-07-16T00:00:00Z,1.060000,0,0.5000,0
2021-07-19T00:00:00Z,0.980000,0,0.5000,0
2021-07-20T00:00:00Z,1.030000,0,0.5000,0
2021-07-21T00:00:00Z,1.080000,0,0.5000,0
2021-07-22T00:00:00Z,1.070000,0,0.5000,0
2021-07-23T00:00:00Z,1.080000,0,0.5000,0
2021-07-26T00:00:00Z,1.070000,0,0.5000,0
2021-07-27T00:00:00Z,1.050000,0,0.5000,0
2021-07-28T00:00:00Z,1.060000,0,0.5000,0
2021-07-29T00:00:00Z,1.080000,0,0.5000,0
2021-07-30T00:00:00Z,1.050000,0,0.5000,0
2021-08-02T00:00:00Z,1.030000,0,0.5000,0
2021-08-03T00:00:00Z,1.020000,0,0.5000,0
2021-08-04T00:00:00Z,1.020000,0,0.5000,0
2021-08-05T00:00:00Z,1.020000,0,0.5000,0
2021-08-06T00:00:00Z,1.100000,0,0.5000,0
2021-08-09T00:00:00Z,1.100000,0,0.5000,0
2021-08-10T00:00:00Z,1.120000,0,0.5000,0
2021-08-11T00:00:00Z,1.120000,0,0.5000,0
2021-08-12T00:00:00Z,1.130000,0,0.5000,0
2021-08-13T00:00:00Z,1.060000,0,0.5000,0
2021-08-16T00:00:00Z,1.050000,0,0.5000,0
2021-08-17T00:00:00Z,1.030000,0,0.5000,0
2021-08-18T00:00:00Z,1.040000,0,0.5000,0
2021-08-19T00:00:00Z,1.020000,0,0.5000,0
2021-08-20T00:00:00Z,1.030000,0,0.5000,0
2021-08-23T00:00:00Z,1.020000,0,0.5000,0
2021-08-24T00:00:00Z,1.050000,0,0.5000,0
2021-08-25T00:00:00Z,1.120000,0,0.5000,0
2021-08-26T00:00:00Z,1.090000,0,0.5000,0
2021-08-27T00:00:00Z,1.090000,0,0.5000,0
2021-08-30T00:00:00Z,1.090000,0,0.5000,0
2021-08-31T00:00:00Z,1.100000,0,0.5000,0
2021-09-01T00:00:00Z,1.110000,0,0.5000,0
2021-09-02T00:00:00Z,1.090000,0,0.5000,0
2021-09-03T00:00:00Z,1.120000,0,0.5000,0
2021-09-07T00:00:00Z,1.160000,0,0.5000,0
2021-09-08T00:00:00Z,1.130000,0,0.5000,0
2021-09-09T00:00:00Z,1.070000,0,0.5000,0
2021-09-10T00:00:00Z,1.120000,0,0.5000,0
2021-09-13T00:00:00Z,1.120000,0,0.5000,0
2021-09-14T00:00:00Z,1.070000,0,0.5000,0
2021-09-15T00:00:00Z,1.100000,0,0.5000,0
2021-09-16T00:00:00Z,1.110000,0,0.5000,0
2021-09-17T00:00:00Z,1.140000,0,0.5000,0
2021-09-20T00:00:00Z,1.080000,0,0.5000,0
2021-09-21T00:00:00Z,1.110000,0,0.5000,0
2021-09-22T00:00:00Z,1.070000,0,0.5000,0
2021-09-23T00:00:00Z,1.140000,0,0.5000,0
2021-09-24T00:00:00Z,1.180000,0,0.5000,0
2021-09-27T00:00:00Z,1.170000,0,0.5000,0
2021-09-28T00:00:00Z,1.230000,0,0.5000,0
2021-09-29T00:00:00Z,1.250000,0,0.5000,0
2021-09-30T00:00:00Z,1.240000,0,0.5000,0
2021-10-01T00:00:00Z,1.210000,0,0.5000,0
2021-10-04T00:00:00Z,1.220000,0,0.5000,0
2021-10-05T00:00:00Z,1.260000,0,0.5000,0
2021-10-06T00:00:00Z,1.230000,0,0.5000,0
2021-10-07T00:00:00Z,1.260000,0,0.5000,0
2021-10-08T00:00:00Z,1.290000,0,0.5000,0
2021-10-12T00:00:00Z,1.240000,0,0.5000,0
2021-10-13T00:00:00Z,1.190000,0,0.5000,0
2021-10-14T00:00:00Z,1.160000,0,0.5000,0
2021-10-15T00:00:00Z,1.180000,0,0.5000,0
2021-10-18T00:00:00Z,1.150000,0,0.5000,0
2021-10-19T00:00:00Z,1.240000,0,0.5000,0
2021-10-20T00:00:00Z,1.250000,0,0.5000,0
2021-10-21T00:00:00Z,1.230000,0,0.5000,0
2021-10-22T00:00:00Z,1.180000,0,0.5000,0
2021-10-25T00:00:00Z,1.170000,0,0.5000,0
2021-10-26T00:00:00Z,1.160000,0,0.5000,0
2021-10-27T00:00:00Z,1.040000,0,0.5000,0
2021-10-28T00:00:00Z,1.070000,0,0.5000,0
2021-10-29T00:00:00Z,1.070000,0,0.5000,0
2021-11-01T00:00:00Z,1.080000,0,0.5000,0
2021-11-02T00:00:00Z,1.100000,0,0.5000,0
2021-11-03T00:00:00Z,1.130000,0,0.5000,0
2021-11-04T00:00:00Z,1.120000,0,0.5000,0
2021-11-05T00:00:00Z,1.060000,0,0.5000,0
2021-11-08T00:00:00Z,1.060000,0,0.5000,0
2021-11-09T00:00:00Z,1.050000,0,0.5000,0
2021-11-10T00:00:00Z,1.050000,0,0.5000,0
2021-11-12T00:00:00Z,1.050000,0,0.5000,0
2021-11-15T00:00:00Z,1.100000,0,0.5000,0
2021-11-16T00:00:00Z,1.090000,0,0.5000,0
2021-11-17T00:00:00Z,1.080000,0,0.5000,0
2021-11-18T00:00:00Z,1.070000,0,0.5000,0
2021-11-19T00:00:00Z,1.020000,0,0.5000,0
2021-11-22T00:00:00Z,1.000000,0,0.5000,0
2021-11-23T00:00:00Z,1.070000,0,0.5000,0
2021-11-24T00:00:00Z,1.000000,0,0.5000,0
2021-11-26T00:00:00Z,0.980000,0,0.5000,0
2021-11-29T00:00:00Z,1.010000,0,0.5000,0
2021-11-30T00:00:00Z,0.910000,0,0.5000,0
2021-12-01T00:00:00Z,0.870000,0,0.5000,0
2021-12-02T00:00:00Z,0.810000,0,0.5000,0
2021-12-03T00:00:00Z,0.750000,0,0.5000,0
2021-12-06T00:00:00Z,0.780000,0,0.5000,0
2021-12-07T00:00:00Z,0.780000,0,0.5000,0
2021-12-08T00:00:00Z,0.840000,0,0.5000,0
2021-12-09T00:00:00Z,0.790000,0,0.5000,0
2021-12-10T00:00:00Z,0.810000,0,0.5000,0
2021-12-13T00:00:00Z,0.760000,0,0.5000,0
2021-12-14T00:00:00Z,0.770000,0,0.5000,0
2021-12-15T00:00:00Z,0.780000,0,0.5000,0
2021-12-16T00:00:00Z,0.800000,0,0.5000,0
2021-12-17T00:00:00Z,0.750000,0,0.5000,0
2021-12-20T00:00:00Z,0.780000,0,0.5000,0
2021-12-21T00:00:00Z,0.780000,0,0.5000,0
2021-12-22T00:00:00Z,0.780000,0,0.5000,0
2021-12-23T00:00:00Z,0.790000,0,0.5000,0
2021-12-27T00:00:00Z,0.720000,0,0.5000,0
2021-12-28T00:00:00Z,0.750000,0,0.5000,0
2021-12-29T00:00:00Z,0.800000,0,0.5000,0
2021-12-30T00:00:00Z,0.790000,0,0.5000,0
2022-01-03T00:00:00Z,0.790000,0,0.5000,0
2022-01-03T00:00:00Z,0.850000,0,0.5000,0
2022-01-04T00:00:00Z,0.890000,0,0.5000,0
2022-01-05T00:00:00Z,0.880000,0,0.5000,0
2022-01-06T00:00:00Z,0.850000,0,0.5000,0
2022-01-07T00:00:00Z,0.890000,0,0.5000,0
2022-01-10T00:00:00Z,0.860000,0,0.5000,0
2022-01-11T00:00:00Z,0.850000,0,0.5000,0
2022-01-12T00:00:00Z,0.820000,0,0.5000,0
2022-01-13T00:00:00Z,0.790000,0,0.5000,0
2022-01-14T00:00:00Z,0.790000,0,0.5000,0
2022-01-18T00:00:00Z,0.810000,0,0.5000,0
2022-01-19T00:00:00Z,0.790000,0,0.5000,0
2022-01-20T00:00:00Z,0.750000,0,0.5000,0
2022-01-21T00:00:00Z,0.740000,0,0.5000,0
2022-01-24T00:00:00Z,0.760000,0,0.5000,0
2022-01-25T00:00:00Z,0.760000,0,0.5000,0
2022-01-26T00:00:00Z,0.720000,0,0.5000,0
2022-01-27T00:00:00Z,0.630000,0,0.5000,0
2022-01-28T00:00:00Z,0.630000,0,0.5000,0
2022-01-31T00:00:00Z,0.610000,0,0.5000,0
2022-02-01T00:00:00Z,0.630000,0,0.5000,0
2022-02-02T00:00:00Z,0.620000,0,0.5000,0
2022-02-03T00:00:00Z,0.630000,0,0.5000,0
2022-02-04T00:00:00Z,0.620000,0,0.5000,0
2022-02-07T00:00:00Z,0.620000,0,0.5000,0
2022-02-08T00:00:00Z,0.610000,0,0.5000,0
2022-02-09T00:00:00Z,0.580000,0,0.5000,0
2022-02-10T00:00:00Z,0.420000,0,0.5000,1
2022-02-11T00:00:00Z,0.420000,0,0.5000,1
2022-02-14T00:00:00Z,0.400000,0,0.5000,1
2022-02-15T00:00:00Z,0.470000,0,0.5000,1
2022-02-16T00:00:00Z,0.510000,0,0.5000,0
2022-02-17T00:00:00Z,0.480000,0,0.5000,1
2022-02-18T00:00:00Z,0.450000,0,0.5000,1
2022-02-23T00:00:00Z,0.380000,0,0.5000,1
2022-02-23T00:00:00Z,0.410000,0,0.5000,1
2022-02-24T00:00:00Z,0.420000,0,0.5000,1
2022-02-25T00:00:00Z,0.420000,0,0.5000,1
2022-02-28T00:00:00Z,0.390000,0,0.5000,1
2022-03-01T00:00:00Z,0.410000,0,0.5000,1
2022-03-02T00:00:00Z,0.360000,0,0.5000,1
2022-03-03T00:00:00Z,0.330000,0,0.5000,1
2022-03-04T00:00:00Z,0.240000,0,0.5000,1
2022-03-07T00:00:00Z,0.230000,0,0.5000,1
2022-03-08T00:00:00Z,0.230000,0,0.5000,1
2022-03-09T00:00:00Z,0.260000,0,0.5000,1
2022-03-10T00:00:00Z,0.260000,0,0.5000,1
2022-03-11T00:00:00Z,0.250000,0,0.5000,1
2022-03-14T00:00:00Z,0.270000,0,0.5000,1
2022-03-15T00:00:00Z,0.300000,0,0.5000,1
2022-03-16T00:00:00Z,0.240000,0,0.5000,1
2022-03-17T00:00:00Z,0.260000,0,0.5000,1
2022-03-18T00:00:00Z,0.170000,0,0.5000,1
2022-03-21T00:00:00Z,0.180000,0,0.5000,1
2022-03-22T00:00:00Z,0.200000,0,0.5000,1
2022-03-23T00:00:00Z,0.190000,0,0.5000,1
2022-03-24T00:00:00Z,0.210000,0,0.5000,1
2022-03-25T00:00:00Z,0.180000,0,0.5000,1
2022-03-28T00:00:00Z,0.110000,0,0.5000,1
2022-03-29T00:00:00Z,0.060000,0,0.5000,1
2022-03-30T00:00:00Z,0.040000,0,0.5000,1
2022-03-31T00:00:00Z,0.040000,0,0.5000,1
2022-04-01T00:00:00Z,-0.060000,0,0.5000,1
2022-04-04T00:00:00Z,-0.010000,0,0.5000,1
2022-04-05T00:00:00Z,0.030000,0,0.5000,1
2022-04-06T00:00:00Z,0.110000,0,0.5000,1
2022-04-07T00:00:00Z,0.190000,0,0.5000,1
2022-04-08T00:00:00Z,0.190000,0,0.5000,1
2022-04-11T00:00:00Z,0.290000,0,0.5000,1
2022-04-12T00:00:00Z,0.330000,0,0.5000,1
2022-04-13T00:00:00Z,0.330000,0,0.5000,1
2022-04-14T00:00:00Z,0.360000,0,0.5000,1
2022-04-18T00:00:00Z,0.390000,0,0.5000,1
2022-04-19T00:00:00Z,0.320000,0,0.5000,1
2022-04-20T00:00:00Z,0.250000,0,0.5000,1
2022-04-21T00:00:00Z,0.220000,0,0.5000,1
2022-04-22T00:00:00Z,0.180000,0,0.5000,1
2022-04-25T00:00:00Z,0.180000,0,0.5000,1
2022-04-26T00:00:00Z,0.230000,0,0.5000,1
2022-04-27T00:00:00Z,0.240000,0,0.5000,1
2022-04-28T00:00:00Z,0.220000,0,0.5000,1
2022-04-29T00:00:00Z,0.190000,0,0.5000,1
2022-05-02T00:00:00Z,0.260000,0,0.5000,1
2022-05-03T00:00:00Z,0.190000,0,0.5000,1
2022-05-04T00:00:00Z,0.270000,0,0.5000,1
2022-05-05T00:00:00Z,0.340000,0,0.5000,1
2022-05-06T00:00:00Z,0.400000,0,0.5000,1
2022-05-09T00:00:00Z,0.440000,0,0.5000,1
2022-05-10T00:00:00Z,0.370000,0,0.5000,1
2022-05-11T00:00:00Z,0.250000,0,0.5000,1
2022-05-12T00:00:00Z,0.280000,0,0.5000,1
2022-05-13T00:00:00Z,0.320000,0,0.5000,1
2022-05-16T00:00:00Z,0.300000,0,0.5000,1
2022-05-17T00:00:00Z,0.270000,0,0.5000,1
2022-05-18T00:00:00Z,0.200000,0,0.5000,1
2022-05-19T00:00:00Z,0.210000,0,0.5000,1
2022-05-20T00:00:00Z,0.180000,0,0.5000,1
2022-05-23T00:00:00Z,0.210000,0,0.5000,1
2022-05-24T00:00:00Z,0.260000,0,0.5000,1
2022-05-25T00:00:00Z,0.270000,0,0.5000,1
2022-05-26T00:00:00Z,0.290000,0,0.5000,1
2022-05-27T00:00:00Z,0.270000,0,0.5000,1
2022-05-31T00:00:00Z,0.320000,0,0.5000,1
2022-06-01T00:00:00Z,0.280000,0,0.5000,1
2022-06-02T00:00:00Z,0.270000,0,0.5000,1
2022-06-03T00:00:00Z,0.300000,0,0.5000,1
2022-06-06T00:00:00Z,0.310000,0,0.5000,1
2022-06-07T00:00:00Z,0.230000,0,0.5000,1
2022-06-08T00:00:00Z,0.250000,0,0.5000,1
2022-06-09T00:00:00Z,0.210000,0,0.5000,1
2022-06-10T00:00:00Z,0.090000,0,0.5000,1
2022-06-13T00:00:00Z,0.030000,0,0.5000,1
2022-06-14T00:00:00Z,0.040000,0,0.5000,1
2022-06-15T00:00:00Z,0.130000,0,0.5000,1
2022-06-16T00:00:00Z,0.140000,0,0.5000,1
2022-06-17T00:00:00Z,0.080000,0,0.5000,1
2022-06-21T00:00:00Z,0.100000,0,0.5000,1
2022-06-22T00:00:00Z,0.100000,0,0.5000,1
2022-06-23T00:00:00Z,0.080000,0,0.5000,1
2022-06-24T00:00:00Z,0.090000,0,0.5000,1
2022-06-27T00:00:00Z,0.120000,0,0.5000,1
2022-06-28T00:00:00Z,0.100000,0,0.5000,1
2022-06-29T00:00:00Z,0.040000,0,0.5000,1
2022-06-30T00:00:00Z,0.060000,0,0.5000,1
2022-07-01T00:00:00Z,0.040000,0,0.5000,1
2022-07-05T00:00:00Z,0.000000,0,0.5000,1
2022-07-06T00:00:00Z,-0.040000,0,0.5000,1
2022-07-07T00:00:00Z,-0.020000,0,0.5000,1
2022-07-08T00:00:00Z,-0.030000,0,0.5000,1
2022-07-11T00:00:00Z,-0.080000,0,0.5000,1
2022-07-12T00:00:00Z,-0.070000,0,0.5000,1
2022-07-13T00:00:00Z,-0.220000,0,0.5000,1
2022-07-14T00:00:00Z,-0.190000,0,0.5000,1
2022-07-15T00:00:00Z,-0.200000,0,0.5000,1
2022-07-18T00:00:00Z,-0.190000,0,0.5000,1
2022-07-19T00:00:00Z,-0.220000,0,0.5000,1
2022-07-20T00:00:00Z,-0.210000,0,0.5000,1
2022-07-21T00:00:00Z,-0.190000,0,0.5000,1
2022-07-22T00:00:00Z,-0.210000,0,0.5000,1
2022-07-25T00:00:00Z,-0.190000,0,0.5000,1
2022-07-26T00:00:00Z,-0.210000,0,0.5000,1
2022-07-27T00:00:00Z,-0.180000,0,0.5000,1
2022-07-28T00:00:00Z,-0.170000,0,0.5000,1
2022-07-29T00:00:00Z,-0.220000,0,0.5000,1
2022-08-01T00:00:00Z,-0.300000,0,0.5000,1
2022-08-02T00:00:00Z,-0.310000,0,0.5000,1
2022-08-03T00:00:00Z,-0.370000,0,0.5000,1
2022-08-04T00:00:00Z,-0.350000,0,0.5000,1
2022-08-05T00:00:00Z,-0.410000,0,0.5000,1
2022-08-08T00:00:00Z,-0.440000,0,0.5000,1
2022-08-09T00:00:00Z,-0.480000,0,0.5000,1
2022-08-10T00:00:00Z,-0.450000,0,0.5000,1
2022-08-11T00:00:00Z,-0.360000,0,0.5000,1
2022-08-12T00:00:00Z,-0.410000,0,0.5000,1
2022-08-15T00:00:00Z,-0.410000,0,0.5000,1
2022-08-16T00:00:00Z,-0.430000,0,0.5000,1
2022-08-17T00:00:00Z,-0.390000,0,0.5000,1
2022-08-18T00:00:00Z,-0.340000,0,0.5000,1
2022-08-19T00:00:00Z,-0.270000,0,0.5000,1
2022-08-22T00:00:00Z,-0.290000,0,0.5000,1
2022-08-23T00:00:00Z,-0.240000,0,0.5000,1
2022-08-24T00:00:00Z,-0.250000,0,0.5000,1
2022-08-25T00:00:00Z,-0.320000,0,0.5000,1
2022-08-26T00:00:00Z,-0.330000,0,0.5000,1
2022-08-29T00:00:00Z,-0.300000,0,0.5000,1
2022-08-30T00:00:00Z,-0.350000,0,0.5000,1
2022-08-31T00:00:00Z,-0.300000,0,0.5000,1
2022-09-01T00:00:00Z,-0.250000,0,0.5000,1
2022-09-02T00:00:00Z,-0.200000,1,0.5000,0
2022-09-06T00:00:00Z,-0.170000,1,0.5000,0
2022-09-07T00:00:00Z,-0.180000,1,0.5000,0
2022-09-08T00:00:00Z,-0.190000,1,0.5000,0
2022-09-09T00:00:00Z,-0.230000,1,0.5000,0
2022-09-12T00:00:00Z,-0.210000,1,0.5000,0
2022-09-13T00:00:00Z,-0.330000,1,0.5000,0
2022-09-14T00:00:00Z,-0.370000,1,0.5000,0
2022-09-15T00:00:00Z,-0.420000,1,0.5000,0
2022-09-16T00:00:00Z,-0.400000,1,0.5000,0
2022-09-19T00:00:00Z,-0.460000,1,0.5000,0
2022-09-20T00:00:00Z,-0.390000,1,0.5000,0
2022-09-21T00:00:00Z,-0.510000,1,0.5000,0
2022-09-22T00:00:00Z,-0.410000,1,0.5000,0
2022-09-23T00:00:00Z,-0.510000,1,0.5000,0
2022-09-26T00:00:00Z,-0.390000,1,0.5000,0
2022-09-27T00:00:00Z,-0.330000,1,0.5000,0
2022-09-28T00:00:00Z,-0.350000,1,0.5000,0
2022-09-29T00:00:00Z,-0.400000,1,0.5000,0
2022-09-30T00:00:00Z,-0.390000,1,0.5000,0
2022-10-03T00:00:00Z,-0.450000,1,0.5000,0
2022-10-04T00:00:00Z,-0.480000,1,0.5000,0
2022-10-05T00:00:00Z,-0.390000,1,0.5000,0
2022-10-06T00:00:00Z,-0.400000,1,0.5000,0
2022-10-07T00:00:00Z,-0.410000,0,0.5000,1
2022-10-11T00:00:00Z,-0.370000,0,0.5000,1
2022-10-12T00:00:00Z,-0.370000,0,0.5000,1
2022-10-13T00:00:00Z,-0.500000,0,0.5000,1
2022-10-14T00:00:00Z,-0.480000,0,0.5000,1
2022-10-17T00:00:00Z,-0.430000,0,0.5000,1
2022-10-18T00:00:00Z,-0.420000,0,0.5000,1
2022-10-20T00:00:00Z,-0.410000,0,0.5000,1
2022-10-20T00:00:00Z,-0.380000,0,0.5000,1
2022-10-21T00:00:00Z,-0.280000,0,0.5000,1
2022-10-24T00:00:00Z,-0.250000,0,0.5000,1
2022-10-25T00:00:00Z,-0.320000,0,0.5000,1
2022-10-26T00:00:00Z,-0.350000,0,0.5000,1
2022-10-27T00:00:00Z,-0.340000,0,0.5000,1
2022-10-28T00:00:00Z,-0.390000,0,0.5000,1
2022-10-31T00:00:00Z,-0.410000,0,0.5000,1
2022-11-01T00:00:00Z,-0.470000,0,0.5000,1
2022-11-02T00:00:00Z,-0.510000,0,0.5000,1
2022-11-03T00:00:00Z,-0.570000,0,0.5000,1
2022-11-04T00:00:00Z,-0.490000,1,0.5000,0
2022-11-07T00:00:00Z,-0.500000,1,0.5000,0
2022-11-08T00:00:00Z,-0.530000,1,0.5000,0
2022-11-09T00:00:00Z,-0.490000,1,0.5000,0
2022-11-10T00:00:00Z,-0.520000,1,0.5000,0
2022-11-14T00:00:00Z,-0.520000,1,0.5000,0
2022-11-15T00:00:00Z,-0.570000,1,0.5000,0
2022-11-16T00:00:00Z,-0.680000,1,0.5000,0
2022-11-17T00:00:00Z,-0.660000,1,0.5000,0
2022-11-18T00:00:00Z,-0.690000,1,0.5000,0
2022-11-21T00:00:00Z,-0.650000,1,0.5000,0
2022-11-22T00:00:00Z,-0.710000,1,0.5000,0
2022-11-23T00:00:00Z,-0.750000,1,0.5000,0
2022-11-25T00:00:00Z,-0.740000,1,0.5000,0
2022-11-28T00:00:00Z,-0.770000,1,0.5000,0
2022-11-29T00:00:00Z,-0.730000,1,0.5000,0
2022-11-30T00:00:00Z,-0.700000,1,0.5000,0
2022-12-01T00:00:00Z,-0.720000,1,0.5000,0
2022-12-02T00:00:00Z,-0.770000,0,0.5000,1
2022-12-05T00:00:00Z,-0.810000,0,0.5000,1
2022-12-06T00:00:00Z,-0.830000,0,0.5000,1
2022-12-07T00:00:00Z,-0.840000,0,0.5000,1
2022-12-08T00:00:00Z,-0.830000,0,0.5000,1
2022-12-09T00:00:00Z,-0.760000,0,0.5000,1
2022-12-12T00:00:00Z,-0.780000,0,0.5000,1
2022-12-13T00:00:00Z,-0.710000,0,0.5000,1
2022-12-14T00:00:00Z,-0.740000,0,0.5000,1
2022-12-15T00:00:00Z,-0.790000,0,0.5000,1
2022-12-16T00:00:00Z,-0.690000,0,0.5000,1
2022-12-19T00:00:00Z,-0.680000,0,0.5000,1
2022-12-20T00:00:00Z,-0.560000,0,0.5000,1
2022-12-21T00:00:00Z,-0.530000,0,0.5000,1
2022-12-22T00:00:00Z,-0.570000,0,0.5000,1
2022-12-23T00:00:00Z,-0.560000,0,0.5000,1
2022-12-27T00:00:00Z,-0.480000,0,0.5000,1
2022-12-28T00:00:00Z,-0.430000,0,0.5000,1
2022-12-29T00:00:00Z,-0.510000,0,0.5000,1
2022-12-30T00:00:00Z,-0.530000,0,0.5000,1
2023-01-03T00:00:00Z,-0.610000,0,0.5000,1
2023-01-04T00:00:00Z,-0.670000,0,0.5000,1
2023-01-05T00:00:00Z,-0.740000,0,0.5000,1
2023-01-06T00:00:00Z,-0.690000,0,0.5000,1
2023-01-09T00:00:00Z,-0.660000,0,0.5000,1
2023-01-10T00:00:00Z,-0.630000,0,0.5000,1
2023-01-11T00:00:00Z,-0.660000,0,0.5000,1
2023-01-12T00:00:00Z,-0.690000,0,0.5000,1
2023-01-13T00:00:00Z,-0.730000,0,0.5000,1
2023-01-17T00:00:00Z,-0.650000,0,0.5000,1
2023-01-18T00:00:00Z,-0.690000,0,0.5000,1
2023-01-19T00:00:00Z,-0.700000,0,0.5000,1
2023-01-20T00:00:00Z,-0.660000,0,0.5000,1
2023-01-23T00:00:00Z,-0.690000,0,0.5000,1
2023-01-24T00:00:00Z,-0.660000,0,0.5000,1
2023-01-25T00:00:00Z,-0.650000,0,0.5000,1
2023-01-26T00:00:00Z,-0.680000,0,0.5000,1
2023-01-27T00:00:00Z,-0.670000,0,0.5000,1
2023-01-30T00:00:00Z,-0.700000,0,0.5000,1
2023-01-31T00:00:00Z,-0.690000,0,0.5000,1
2023-02-01T00:00:00Z,-0.700000,0,0.5000,1
2023-02-02T00:00:00Z,-0.690000,0,0.5000,1
2023-02-03T00:00:00Z,-0.770000,0,0.5000,1
2023-02-06T00:00:00Z,-0.810000,0,0.5000,1
2023-02-07T00:00:00Z,-0.800000,0,0.5000,1
2023-02-08T00:00:00Z,-0.820000,0,0.5000,1
2023-02-09T00:00:00Z,-0.810000,0,0.5000,1
2023-02-10T00:00:00Z,-0.760000,0,0.5000,1
2023-02-13T00:00:00Z,-0.800000,0,0.5000,1
2023-02-14T00:00:00Z,-0.830000,0,0.5000,1
2023-02-15T00:00:00Z,-0.810000,0,0.5000,1
2023-02-16T00:00:00Z,-0.760000,0,0.5000,1
2023-02-17T00:00:00Z,-0.780000,0,0.5000,1
2023-02-21T00:00:00Z,-0.720000,0,0.5000,1
2023-02-22T00:00:00Z,-0.730000,0,0.5000,1
2023-02-23T00:00:00Z,-0.780000,0,0.5000,1
2023-02-24T00:00:00Z,-0.830000,0,0.5000,1
2023-02-27T00:00:00Z,-0.860000,0,0.5000,1
2023-02-28T00:00:00Z,-0.890000,0,0.5000,1
2023-03-01T00:00:00Z,-0.880000,0,0.5000,1
2023-03-02T00:00:00Z,-0.810000,0,0.5000,1
2023-03-03T00:00:00Z,-0.890000,0,0.5000,1
2023-03-06T00:00:00Z,-0.910000,0,0.5000,1
2023-03-07T00:00:00Z,-1.030000,0,0.5000,1
2023-03-08T00:00:00Z,-1.070000,0,0.5000,1
2023-03-09T00:00:00Z,-0.970000,0,0.5000,1
2023-03-10T00:00:00Z,-0.900000,0,0.5000,1
2023-03-13T00:00:00Z,-0.480000,0,0.5000,1
2023-03-14T00:00:00Z,-0.560000,0,0.5000,1
2023-03-15T00:00:00Z,-0.420000,0,0.5000,1
2023-03-16T00:00:00Z,-0.580000,0,0.5000,1
2023-03-17T00:00:00Z,-0.420000,0,0.5000,1
2023-03-20T00:00:00Z,-0.450000,0,0.5000,1
2023-03-21T00:00:00Z,-0.580000,0,0.5000,1
2023-03-22T00:00:00Z,-0.480000,0,0.5000,1
2023-03-23T00:00:00Z,-0.380000,0,0.5000,1
2023-03-24T00:00:00Z,-0.380000,0,0.5000,1
2023-03-27T00:00:00Z,-0.410000,0,0.5000,1
2023-03-28T00:00:00Z,-0.470000,0,0.5000,1
2023-03-29T00:00:00Z,-0.510000,0,0.5000,1
2023-03-30T00:00:00Z,-0.550000,0,0.5000,1
2023-03-31T00:00:00Z,-0.580000,0,0.5000,1
2023-04-03T00:00:00Z,-0.540000,0,0.5000,1
2023-04-04T00:00:00Z,-0.490000,0,0.5000,1
2023-04-06T00:00:00Z,-0.490000,0,0.5000,1
2023-04-06T00:00:00Z,-0.520000,0,0.5000,1
2023-04-07T00:00:00Z,-0.580000,0,0.5000,1
2023-04-10T00:00:00Z,-0.590000,0,0.5000,1
2023-04-11T00:00:00Z,-0.600000,0,0.5000,1
2023-04-12T00:00:00Z,-0.540000,0,0.5000,1
2023-04-13T00:00:00Z,-0.510000,0,0.5000,1
2023-04-14T00:00:00Z,-0.560000,0,0.5000,1
2023-04-17T00:00:00Z,-0.580000,0,0.5000,1
2023-04-18T00:00:00Z,-0.610000,0,0.5000,1
2023-04-19T00:00:00Z,-0.640000,0,0.5000,1
2023-04-20T00:00:00Z,-0.600000,0,0.5000,1
2023-04-21T00:00:00Z,-0.600000,0,0.5000,1
2023-04-24T00:00:00Z,-0.600000,0,0.5000,1
2023-04-25T00:00:00Z,-0.460000,0,0.5000,1
2023-04-26T00:00:00Z,-0.470000,0,0.5000,1
2023-04-27T00:00:00Z,-0.540000,0,0.5000,1
2023-04-28T00:00:00Z,-0.600000,0,0.5000,1
2023-05-01T00:00:00Z,-0.550000,0,0.5000,1
2023-05-02T00:00:00Z,-0.530000,0,0.5000,1
2023-05-03T00:00:00Z,-0.510000,0,0.5000,1
2023-05-04T00:00:00Z,-0.380000,0,0.5000,1
2023-05-05T00:00:00Z,-0.480000,0,0.5000,1
2023-05-08T00:00:00Z,-0.480000,0,0.5000,1
2023-05-09T00:00:00Z,-0.480000,0,0.5000,1
2023-05-10T00:00:00Z,-0.470000,0,0.5000,1
2023-05-11T00:00:00Z,-0.500000,0,0.5000,1
2023-05-12T00:00:00Z,-0.520000,0,0.5000,1
2023-05-15T00:00:00Z,-0.490000,0,0.5000,1
2023-05-16T00:00:00Z,-0.520000,0,0.5000,1
2023-05-17T00:00:00Z,-0.550000,0,0.5000,1
2023-05-18T00:00:00Z,-0.590000,0,0.5000,1
2023-05-19T00:00:00Z,-0.580000,0,0.5000,1
2023-05-22T00:00:00Z,-0.570000,0,0.5000,1
2023-05-23T00:00:00Z,-0.560000,0,0.5000,1
2023-05-24T00:00:00Z,-0.580000,0,0.5000,1
2023-05-25T00:00:00Z,-0.670000,0,0.5000,1
2023-05-26T00:00:00Z,-0.740000,0,0.5000,1
2023-05-30T00:00:00Z,-0.770000,0,0.5000,1
2023-05-31T00:00:00Z,-0.760000,0,0.5000,1
2023-06-01T00:00:00Z,-0.720000,0,0.5000,1
2023-06-02T00:00:00Z,-0.810000,1,0.5000,0
2023-06-05T00:00:00Z,-0.770000,1,0.5000,0
2023-06-06T00:00:00Z,-0.810000,1,0.5000,0
2023-06-07T00:00:00Z,-0.770000,1,0.5000,0
2023-06-08T00:00:00Z,-0.790000,1,0.5000,0
2023-06-09T00:00:00Z,-0.840000,1,0.5000,0
2023-06-12T00:00:00Z,-0.820000,1,0.5000,0
2023-06-13T00:00:00Z,-0.830000,1,0.5000,0
2023-06-14T00:00:00Z,-0.910000,1,0.5000,0
2023-06-15T00:00:00Z,-0.900000,1,0.5000,0
2023-06-16T00:00:00Z,-0.930000,1,0.5000,0
2023-06-20T00:00:00Z,-0.940000,1,0.5000,0
2023-06-21T00:00:00Z,-0.960000,1,0.5000,0
2023-06-22T00:00:00Z,-0.970000,1,0.5000,0
2023-06-23T00:00:00Z,-0.970000,1,0.5000,0
2023-06-26T00:00:00Z,-0.930000,1,0.5000,0
2023-06-27T00:00:00Z,-0.970000,1,0.5000,0
2023-06-28T00:00:00Z,-1.000000,1,0.5000,0
2023-06-29T00:00:00Z,-1.020000,1,0.5000,0
2023-06-30T00:00:00Z,-1.060000,1,0.5000,0
2023-07-03T00:00:00Z,-1.080000,1,0.5000,0
2023-07-05T00:00:00Z,-0.990000,1,0.5000,0
2023-07-06T00:00:00Z,-0.940000,1,0.5000,0
2023-07-07T00:00:00Z,-0.880000,1,0.5000,0
2023-07-10T00:00:00Z,-0.840000,1,0.5000,0
2023-07-11T00:00:00Z,-0.890000,1,0.5000,0
2023-07-12T00:00:00Z,-0.860000,1,0.5000,0
2023-07-13T00:00:00Z,-0.830000,1,0.5000,0
2023-07-14T00:00:00Z,-0.910000,1,0.5000,0
2023-07-17T00:00:00Z,-0.930000,1,0.5000,0
2023-07-18T00:00:00Z,-0.940000,1,0.5000,0
2023-07-19T00:00:00Z,-0.990000,1,0.5000,0
2023-07-20T00:00:00Z,-0.950000,1,0.5000,0
2023-07-21T00:00:00Z,-0.980000,1,0.5000,0
2023-07-24T00:00:00Z,-0.950000,1,0.5000,0
2023-07-25T00:00:00Z,-0.940000,1,0.5000,0
2023-07-26T00:00:00Z,-0.960000,1,0.5000,0
2023-07-27T00:00:00Z,-0.900000,1,0.5000,0
2023-07-28T00:00:00Z,-0.910000,1,0.5000,0
2023-07-31T00:00:00Z,-0.910000,1,0.5000,0
2023-08-01T00:00:00Z,-0.870000,1,0.5000,0
2023-08-02T00:00:00Z,-0.800000,1,0.5000,0
2023-08-03T00:00:00Z,-0.700000,1,0.5000,0
2023-08-04T00:00:00Z,-0.730000,1,0.5000,0
2023-08-07T00:00:00Z,-0.670000,1,0.5000,0
2023-08-08T00:00:00Z,-0.720000,1,0.5000,0
2023-08-09T00:00:00Z,-0.790000,1,0.5000,0
2023-08-10T00:00:00Z,-0.730000,1,0.5000,0
2023-08-11T00:00:00Z,-0.730000,1,0.5000,0
2023-08-14T00:00:00Z,-0.770000,1,0.5000,0
2023-08-15T00:00:00Z,-0.710000,1,0.5000,0
2023-08-16T00:00:00Z,-0.690000,1,0.5000,0
2023-08-17T00:00:00Z,-0.640000,1,0.5000,0
2023-08-18T00:00:00Z,-0.660000,1,0.5000,0
2023-08-21T00:00:00Z,-0.630000,1,0.5000,0
2023-08-22T00:00:00Z,-0.680000,1,0.5000,0
2023-08-23T00:00:00Z,-0.760000,1,0.5000,0
2023-08-24T00:00:00Z,-0.750000,1,0.5000,0
2023-08-25T00:00:00Z,-0.780000,1,0.5000,0
2023-08-28T00:00:00Z,-0.780000,1,0.5000,0
2023-08-29T00:00:00Z,-0.750000,1,0.5000,0
2023-08-30T00:00:00Z,-0.780000,1,0.5000,0
2023-08-31T00:00:00Z,-0.760000,1,0.5000,0
2023-09-01T00:00:00Z,-0.690000,1,0.5000,0
2023-09-05T00:00:00Z,-0.670000,1,0.5000,0
2023-09-06T00:00:00Z,-0.710000,1,0.5000,0
2023-09-07T00:00:00Z,-0.670000,1,0.5000,0
2023-09-08T00:00:00Z,-0.720000,1,0.5000,0
2023-09-11T00:00:00Z,-0.680000,1,0.5000,0
2023-09-12T00:00:00Z,-0.710000,1,0.5000,0
2023-09-13T00:00:00Z,-0.710000,1,0.5000,0
2023-09-14T00:00:00Z,-0.710000,1,0.5000,0
2023-09-15T00:00:00Z,-0.690000,1,0.5000,0
2023-09-18T00:00:00Z,-0.730000,1,0.5000,0
2023-09-19T00:00:00Z,-0.710000,1,0.5000,0
2023-09-20T00:00:00Z,-0.770000,1,0.5000,0
2023-09-21T00:00:00Z,-0.630000,1,0.5000,0
2023-09-22T00:00:00Z,-0.660000,1,0.5000,0
2023-09-25T00:00:00Z,-0.540000,1,0.5000,0
2023-09-26T00:00:00Z,-0.480000,1,0.5000,0
2023-09-27T00:00:00Z,-0.490000,1,0.5000,0
2023-09-28T00:00:00Z,-0.450000,1,0.5000,0
2023-09-29T00:00:00Z,-0.440000,1,0.5000,0
2023-10-02T00:00:00Z,-0.430000,1,0.5000,0
2023-10-03T00:00:00Z,-0.340000,1,0.5000,0
2023-10-04T00:00:00Z,-0.320000,1,0.5000,0
2023-10-05T00:00:00Z,-0.310000,1,0.5000,0
2023-10-06T00:00:00Z,-0.300000,1,0.5000,0
2023-10-10T00:00:00Z,-0.300000,1,0.5000,0
2023-10-11T00:00:00Z,-0.410000,1,0.5000,0
2023-10-12T00:00:00Z,-0.360000,1,0.5000,0
2023-10-13T00:00:00Z,-0.410000,1,0.5000,0
2023-10-16T00:00:00Z,-0.380000,1,0.5000,0
2023-10-17T00:00:00Z,-0.360000,1,0.5000,0
2023-10-18T00:00:00Z,-0.280000,1,0.5000,0
2023-10-19T00:00:00Z,-0.160000,1,0.5000,0
2023-10-20T00:00:00Z,-0.140000,1,0.5000,0
2023-10-23T00:00:00Z,-0.190000,1,0.5000,0
2023-10-24T00:00:00Z,-0.190000,1,0.5000,0
2023-10-25T00:00:00Z,-0.130000,1,0.5000,0
2023-10-26T00:00:00Z,-0.160000,1,0.5000,0
2023-10-27T00:00:00Z,-0.150000,1,0.5000,0
2023-10-30T00:00:00Z,-0.150000,1,0.5000,0
2023-10-31T00:00:00Z,-0.190000,1,0.5000,0
2023-11-01T00:00:00Z,-0.180000,1,0.5000,0
2023-11-02T00:00:00Z,-0.310000,1,0.5000,0
2023-11-03T00:00:00Z,-0.260000,1,0.5000,0
2023-11-06T00:00:00Z,-0.260000,1,0.5000,0
2023-11-07T00:00:00Z,-0.330000,1,0.5000,0
2023-11-08T00:00:00Z,-0.440000,1,0.5000,0
2023-11-09T00:00:00Z,-0.410000,1,0.5000,0
2023-11-13T00:00:00Z,-0.430000,1,0.5000,0
2023-11-13T00:00:00Z,-0.390000,1,0.5000,0
2023-11-14T00:00:00Z,-0.360000,1,0.5000,0
2023-11-15T00:00:00Z,-0.370000,1,0.5000,0
2023-11-16T00:00:00Z,-0.380000,1,0.5000,0
2023-11-17T00:00:00Z,-0.440000,1,0.5000,0
2023-11-20T00:00:00Z,-0.470000,1,0.5000,0
2023-11-21T00:00:00Z,-0.450000,1,0.5000,0
2023-11-22T00:00:00Z,-0.470000,1,0.5000,0
2023-11-24T00:00:00Z,-0.450000,1,0.5000,0
2023-11-27T00:00:00Z,-0.450000,1,0.5000,0
2023-11-28T00:00:00Z,-0.390000,1,0.5000,0
2023-11-29T00:00:00Z,-0.370000,1,0.5000,0
2023-11-30T00:00:00Z,-0.360000,1,0.5000,0
2023-12-01T00:00:00Z,-0.340000,1,0.5000,0
2023-12-04T00:00:00Z,-0.360000,1,0.5000,0
2023-12-05T00:00:00Z,-0.390000,1,0.5000,0
2023-12-06T00:00:00Z,-0.480000,1,0.5000,0
2023-12-07T00:00:00Z,-0.440000,1,0.5000,0
2023-12-08T00:00:00Z,-0.480000,0,0.5000,1
2023-12-11T00:00:00Z,-0.480000,0,0.5000,1
2023-12-12T00:00:00Z,-0.530000,0,0.5000,1
2023-12-13T00:00:00Z,-0.420000,0,0.5000,1
2023-12-14T00:00:00Z,-0.450000,0,0.5000,1
2023-12-15T00:00:00Z,-0.530000,0,0.5000,1
2023-12-18T00:00:00Z,-0.480000,0,0.5000,1
2023-12-19T00:00:00Z,-0.480000,0,0.5000,1
2023-12-20T00:00:00Z,-0.480000,0,0.5000,1
2023-12-21T00:00:00Z,-0.440000,0,0.5000,1
2023-12-22T00:00:00Z,-0.410000,0,0.5000,1
2023-12-26T00:00:00Z,-0.370000,0,0.5000,1
2023-12-27T00:00:00Z,-0.410000,0,0.5000,1
2023-12-28T00:00:00Z,-0.420000,0,0.5000,1
2023-12-29T00:00:00Z,-0.350000,0,0.5000,1
2024-01-02T00:00:00Z,-0.380000,0,0.5000,1
2024-01-03T00:00:00Z,-0.420000,0,0.5000,1
2024-01-04T00:00:00Z,-0.390000,0,0.5000,1
2024-01-05T00:00:00Z,-0.350000,0,0.5000,1
2024-01-08T00:00:00Z,-0.350000,0,0.5000,1
2024-01-09T00:00:00Z,-0.340000,0,0.5000,1
2024-01-10T00:00:00Z,-0.330000,0,0.5000,1
2024-01-11T00:00:00Z,-0.280000,0,0.5000,1
2024-01-12T00:00:00Z,-0.180000,0,0.5000,1
2024-01-16T00:00:00Z,-0.150000,0,0.5000,1
2024-01-17T00:00:00Z,-0.240000,0,0.5000,1
2024-01-18T00:00:00Z,-0.200000,0,0.5000,1
2024-01-19T00:00:00Z,-0.240000,0,0.5000,1
2024-01-22T00:00:00Z,-0.260000,0,0.5000,1
2024-01-23T00:00:00Z,-0.170000,0,0.5000,1
2024-01-24T00:00:00Z,-0.160000,0,0.5000,1
2024-01-25T00:00:00Z,-0.140000,0,0.5000,1
2024-01-26T00:00:00Z,-0.190000,0,0.5000,1
2024-01-29T00:00:00Z,-0.210000,0,0.5000,1
2024-01-30T00:00:00Z,-0.300000,0,0.5000,1
2024-01-31T00:00:00Z,-0.280000,0,0.5000,1
2024-02-01T00:00:00Z,-0.330000,0,0.5000,1
2024-02-02T00:00:00Z,-0.330000,0,0.5000,1
2024-02-05T00:00:00Z,-0.290000,0,0.5000,1
2024-02-06T00:00:00Z,-0.300000,0,0.5000,1
2024-02-07T00:00:00Z,-0.320000,0,0.5000,1
2024-02-08T00:00:00Z,-0.310000,0,0.5000,1
2024-02-09T00:00:00Z,-0.310000,0,0.5000,1
2024-02-12T00:00:00Z,-0.290000,0,0.5000,1
2024-02-13T00:00:00Z,-0.330000,0,0.5000,1
2024-02-14T00:00:00Z,-0.290000,0,0.5000,1
2024-02-15T00:00:00Z,-0.320000,0,0.5000,1
2024-02-16T00:00:00Z,-0.340000,0,0.5000,1
2024-02-20T00:00:00Z,-0.320000,0,0.5000,1
2024-02-21T00:00:00Z,-0.320000,0,0.5000,1
2024-02-22T00:00:00Z,-0.360000,0,0.5000,1
2024-02-23T00:00:00Z,-0.410000,0,0.5000,1
2024-02-26T00:00:00Z,-0.410000,0,0.5000,1
2024-02-27T00:00:00Z,-0.390000,0,0.5000,1
2024-02-28T00:00:00Z,-0.370000,0,0.5000,1
2024-02-29T00:00:00Z,-0.390000,0,0.5000,1
2024-03-01T00:00:00Z,-0.350000,0,0.5000,1
2024-03-04T00:00:00Z,-0.390000,0,0.5000,1
2024-03-05T00:00:00Z,-0.410000,0,0.5000,1
2024-03-06T00:00:00Z,-0.440000,0,0.5000,1
2024-03-07T00:00:00Z,-0.410000,0,0.5000,1
2024-03-08T00:00:00Z,-0.390000,1,0.5000,0
2024-03-11T00:00:00Z,-0.410000,1,0.5000,0
2024-03-12T00:00:00Z,-0.420000,1,0.5000,0
2024-03-13T00:00:00Z,-0.420000,1,0.5000,0
2024-03-14T00:00:00Z,-0.390000,1,0.5000,0
2024-03-15T00:00:00Z,-0.410000,1,0.5000,0
2024-03-18T00:00:00Z,-0.390000,1,0.5000,0
2024-03-19T00:00:00Z,-0.380000,1,0.5000,0
2024-03-20T00:00:00Z,-0.320000,1,0.5000,0
2024-03-21T00:00:00Z,-0.350000,1,0.5000,0
2024-03-22T00:00:00Z,-0.370000,1,0.5000,0
2024-03-25T00:00:00Z,-0.290000,1,0.5000,0
2024-03-26T00:00:00Z,-0.320000,1,0.5000,0
2024-03-27T00:00:00Z,-0.340000,1,0.5000,0
2024-03-28T00:00:00Z,-0.390000,1,0.5000,0
2024-04-01T00:00:00Z,-0.390000,1,0.5000,0
2024-04-02T00:00:00Z,-0.340000,1,0.5000,0
2024-04-03T00:00:00Z,-0.320000,1,0.5000,0
2024-04-04T00:00:00Z,-0.340000,1,0.5000,0
2024-04-05T00:00:00Z,-0.340000,1,0.5000,0
2024-04-08T00:00:00Z,-0.360000,1,0.5000,0
2024-04-09T00:00:00Z,-0.380000,1,0.5000,0
2024-04-10T00:00:00Z,-0.420000,1,0.5000,0
2024-04-11T00:00:00Z,-0.370000,1,0.5000,0
2024-04-12T00:00:00Z,-0.380000,1,0.5000,0
2024-04-15T00:00:00Z,-0.300000,1,0.5000,0
2024-04-16T00:00:00Z,-0.300000,1,0.5000,0
2024-04-17T00:00:00Z,-0.340000,1,0.5000,0
2024-04-18T00:00:00Z,-0.340000,1,0.5000,0
2024-04-19T00:00:00Z,-0.350000,1,0.5000,0
2024-04-22T00:00:00Z,-0.350000,1,0.5000,0
2024-04-23T00:00:00Z,-0.250000,1,0.5000,0
2024-04-24T00:00:00Z,-0.240000,1,0.5000,0
2024-04-25T00:00:00Z,-0.260000,1,0.5000,0
2024-04-26T00:00:00Z,-0.290000,1,0.5000,0
2024-04-29T00:00:00Z,-0.340000,1,0.5000,0
2024-04-30T00:00:00Z,-0.350000,1,0.5000,0
2024-05-01T00:00:00Z,-0.330000,1,0.5000,0
2024-05-02T00:00:00Z,-0.290000,1,0.5000,0
2024-05-03T00:00:00Z,-0.310000,1,0.5000,0
2024-05-06T00:00:00Z,-0.330000,1,0.5000,0
2024-05-07T00:00:00Z,-0.350000,1,0.5000,0
2024-05-08T00:00:00Z,-0.360000,1,0.5000,0
2024-05-09T00:00:00Z,-0.350000,1,0.5000,0
2024-05-10T00:00:00Z,-0.370000,1,0.5000,0
2024-05-13T00:00:00Z,-0.370000,1,0.5000,0
2024-05-14T00:00:00Z,-0.360000,1,0.5000,0
2024-05-15T00:00:00Z,-0.370000,1,0.5000,0
2024-05-16T00:00:00Z,-0.400000,1,0.5000,0
2024-05-17T00:00:00Z,-0.410000,1,0.5000,0
2024-05-20T00:00:00Z,-0.380000,1,0.5000,0
2024-05-21T00:00:00Z,-0.410000,1,0.5000,0
2024-05-22T00:00:00Z,-0.430000,1,0.5000,0
2024-05-23T00:00:00Z,-0.440000,1,0.5000,0
2024-05-24T00:00:00Z,-0.470000,1,0.5000,0
2024-05-28T00:00:00Z,-0.400000,1,0.5000,0
2024-05-29T00:00:00Z,-0.350000,1,0.5000,0
2024-05-30T00:00:00Z,-0.370000,1,0.5000,0
2024-05-31T00:00:00Z,-0.380000,1,0.5000,0
2024-06-03T00:00:00Z,-0.410000,1,0.5000,0
2024-06-04T00:00:00Z,-0.440000,1,0.5000,0
2024-06-05T00:00:00Z,-0.430000,1,0.5000,0
2024-06-06T00:00:00Z,-0.440000,1,0.5000,0
2024-06-07T00:00:00Z,-0.440000,1,0.5000,0
2024-06-10T00:00:00Z,-0.400000,1,0.5000,0
2024-06-11T00:00:00Z,-0.420000,1,0.5000,0
2024-06-12T00:00:00Z,-0.440000,1,0.5000,0
2024-06-13T00:00:00Z,-0.440000,1,0.5000,0
2024-06-14T00:00:00Z,-0.470000,1,0.5000,0
2024-06-17T00:00:00Z,-0.470000,1,0.5000,0
2024-06-18T00:00:00Z,-0.470000,1,0.5000,0
2024-06-20T00:00:00Z,-0.450000,1,0.5000,0
2024-06-21T00:00:00Z,-0.450000,1,0.5000,0
2024-06-24T00:00:00Z,-0.460000,1,0.5000,0
2024-06-25T00:00:00Z,-0.420000,1,0.5000,0
2024-06-26T00:00:00Z,-0.390000,1,0.5000,0
2024-06-27T00:00:00Z,-0.410000,1,0.5000,0
2024-06-28T00:00:00Z,-0.350000,1,0.5000,0
2024-07-01T00:00:00Z,-0.290000,1,0.5000,0
2024-07-02T00:00:00Z,-0.310000,1,0.5000,0
2024-07-03T00:00:00Z,-0.350000,1,0.5000,0
2024-07-05T00:00:00Z,-0.320000,1,0.5000,0
2024-07-08T00:00:00Z,-0.340000,1,0.5000,0
2024-07-09T00:00:00Z,-0.320000,1,0.5000,0
2024-07-10T00:00:00Z,-0.340000,1,0.5000,0
2024-07-11T00:00:00Z,-0.300000,1,0.5000,0
2024-07-12T00:00:00Z,-0.270000,1,0.5000,0
2024-07-15T00:00:00Z,-0.210000,1,0.5000,0
2024-07-16T00:00:00Z,-0.260000,1,0.5000,0
2024-07-17T00:00:00Z,-0.260000,1,0.5000,0
2024-07-18T00:00:00Z,-0.260000,1,0.5000,0
2024-07-19T00:00:00Z,-0.240000,1,0.5000,0
2024-07-22T00:00:00Z,-0.240000,1,0.5000,0
2024-07-23T00:00:00Z,-0.150000,1,0.5000,0
2024-07-24T00:00:00Z,-0.090000,1,0.5000,0
2024-07-25T00:00:00Z,-0.140000,1,0.5000,0
2024-07-26T00:00:00Z,-0.160000,1,0.5000,0
2024-07-29T00:00:00Z,-0.190000,1,0.5000,0
2024-07-30T00:00:00Z,-0.200000,1,0.5000,0
2024-07-31T00:00:00Z,-0.200000,1,0.5000,0
2024-08-01T00:00:00Z,-0.170000,1,0.5000,0
2024-08-02T00:00:00Z,-0.080000,1,0.5000,0
2024-08-05T00:00:00Z,-0.110000,1,0.5000,0
2024-08-06T00:00:00Z,-0.090000,1,0.5000,0
2024-08-07T00:00:00Z,-0.040000,1,0.5000,0
2024-08-08T00:00:00Z,-0.050000,1,0.5000,0
2024-08-09T00:00:00Z,-0.110000,1,0.5000,0
2024-08-12T00:00:00Z,-0.110000,1,0.5000,0
2024-08-13T00:00:00Z,-0.080000,1,0.5000,0
2024-08-14T00:00:00Z,-0.110000,1,0.5000,0
2024-08-15T00:00:00Z,-0.160000,1,0.5000,0
2024-08-16T00:00:00Z,-0.170000,1,0.5000,0
2024-08-19T00:00:00Z,-0.200000,1,0.5000,0
2024-08-20T00:00:00Z,-0.170000,1,0.5000,0
2024-08-21T00:00:00Z,-0.130000,1,0.5000,0
2024-08-22T00:00:00Z,-0.130000,1,0.5000,0
2024-08-23T00:00:00Z,-0.090000,1,0.5000,0
2024-08-26T00:00:00Z,-0.090000,1,0.5000,0
2024-08-27T00:00:00Z,0.000000,1,0.5000,0
2024-08-28T00:00:00Z,0.010000,1,0.5000,0
2024-08-29T00:00:00Z,0.000000,1,0.5000,0
2024-08-30T00:00:00Z,0.000000,1,0.5000,0
2024-09-03T00:00:00Z,-0.040000,1,0.5000,0
2024-09-04T00:00:00Z,0.010000,1,0.5000,0
2024-09-05T00:00:00Z,-0.020000,1,0.5000,0
2024-09-06T00:00:00Z,0.060000,1,0.5000,0
2024-09-09T00:00:00Z,0.020000,1,0.5000,0
2024-09-10T00:00:00Z,0.060000,1,0.5000,0
2024-09-11T00:00:00Z,0.030000,1,0.5000,0
2024-09-12T00:00:00Z,0.040000,1,0.5000,0
2024-09-13T00:00:00Z,0.090000,1,0.5000,0
2024-09-16T00:00:00Z,0.070000,1,0.5000,0
2024-09-17T00:00:00Z,0.060000,1,0.5000,0
2024-09-18T00:00:00Z,0.090000,1,0.5000,0
2024-09-19T00:00:00Z,0.140000,1,0.5000,0
2024-09-20T00:00:00Z,0.180000,1,0.5000,0
2024-09-23T00:00:00Z,0.180000,1,0.5000,0
2024-09-24T00:00:00Z,0.250000,1,0.5000,0
2024-09-25T00:00:00Z,0.260000,1,0.5000,0
2024-09-26T00:00:00Z,0.190000,1,0.5000,0
2024-09-27T00:00:00Z,0.200000,1,0.5000,0
2024-09-30T00:00:00Z,0.150000,1,0.5000,0
2024-10-01T00:00:00Z,0.130000,1,0.5000,0
2024-10-02T00:00:00Z,0.160000,1,0.5000,0
2024-10-03T00:00:00Z,0.150000,1,0.5000,0
2024-10-04T00:00:00Z,0.050000,0,0.5000,1
2024-10-07T00:00:00Z,0.040000,0,0.5000,1
2024-10-08T00:00:00Z,0.060000,0,0.5000,1
2024-10-09T00:00:00Z,0.070000,0,0.5000,1
2024-10-10T00:00:00Z,0.110000,0,0.5000,1
2024-10-11T00:00:00Z,0.130000,0,0.5000,1
2024-10-15T00:00:00Z,0.080000,0,0.5000,1
2024-10-16T00:00:00Z,0.090000,0,0.5000,1
2024-10-17T00:00:00Z,0.130000,0,0.5000,1
2024-10-18T00:00:00Z,0.130000,0,0.5000,1
2024-10-21T00:00:00Z,0.170000,0,0.5000,1
2024-10-22T00:00:00Z,0.170000,0,0.5000,1
2024-10-23T00:00:00Z,0.170000,0,0.5000,1
2024-10-24T00:00:00Z,0.140000,0,0.5000,1
2024-10-25T00:00:00Z,0.140000,0,0.5000,1
2024-10-28T00:00:00Z,0.160000,0,0.5000,1
2024-10-29T00:00:00Z,0.170000,0,0.5000,1
2024-10-30T00:00:00Z,0.140000,0,0.5000,1
2024-10-31T00:00:00Z,0.120000,0,0.5000,1
2024-11-01T00:00:00Z,0.160000,0,0.5000,1
2024-11-04T00:00:00Z,0.140000,0,0.5000,1
2024-11-05T00:00:00Z,0.070000,0,0.5000,1
2024-11-06T00:00:00Z,0.150000,0,0.5000,1
2024-11-07T00:00:00Z,0.100000,0,0.5000,1
2024-11-08T00:00:00Z,0.040000,0,0.5000,1
2024-11-12T00:00:00Z,0.090000,0,0.5000,1
2024-11-13T00:00:00Z,0.170000,0,0.5000,1
2024-11-14T00:00:00Z,0.090000,0,0.5000,1
2024-11-15T00:00:00Z,0.120000,0,0.5000,1
2024-11-18T00:00:00Z,0.130000,0,0.5000,1
2024-11-19T00:00:00Z,0.120000,0,0.5000,1
2024-11-20T00:00:00Z,0.100000,0,0.5000,1
2024-11-21T00:00:00Z,0.090000,0,0.5000,1
2024-11-22T00:00:00Z,0.040000,0,0.5000,1
2024-11-25T00:00:00Z,0.060000,0,0.5000,1
2024-11-26T00:00:00Z,0.090000,0,0.5000,1
2024-11-27T00:00:00Z,0.060000,0,0.5000,1
2024-11-29T00:00:00Z,0.050000,0,0.5000,1
2024-12-02T00:00:00Z,0.020000,0,0.5000,1
2024-12-03T00:00:00Z,0.060000,0,0.5000,1
2024-12-04T00:00:00Z,0.060000,0,0.5000,1
2024-12-05T00:00:00Z,0.020000,0,0.5000,1
2024-12-06T00:00:00Z,0.050000,0,0.5000,1
2024-12-09T00:00:00Z,0.070000,0,0.5000,1
2024-12-10T00:00:00Z,0.070000,0,0.5000,1
2024-12-11T00:00:00Z,0.110000,0,0.5000,1
2024-12-12T00:00:00Z,0.140000,0,0.5000,1
2024-12-13T00:00:00Z,0.150000,0,0.5000,1
2024-12-16T00:00:00Z,0.140000,0,0.5000,1
2024-12-17T00:00:00Z,0.150000,0,0.5000,1
2024-12-18T00:00:00Z,0.150000,0,0.5000,1
2024-12-19T00:00:00Z,0.250000,0,0.5000,1
2024-12-20T00:00:00Z,0.220000,0,0.5000,1
2024-12-24T00:00:00Z,0.290000,0,0.5000,1
2024-12-24T00:00:00Z,0.300000,0,0.5000,1
2024-12-26T00:00:00Z,0.280000,0,0.5000,1
2024-12-27T00:00:00Z,0.310000,0,0.5000,1
2024-12-30T00:00:00Z,0.310000,0,0.5000,1
2024-12-31T00:00:00Z,0.330000,0,0.5000,1
2025-01-02T00:00:00Z,0.320000,0,0.5000,1
2025-01-03T00:00:00Z,0.320000,0,0.5000,1
2025-01-06T00:00:00Z,0.340000,0,0.5000,1
2025-01-07T00:00:00Z,0.370000,0,0.5000,1
2025-01-08T00:00:00Z,0.390000,0,0.5000,1
2025-01-09T00:00:00Z,0.410000,0,0.5000,1
2025-01-10T00:00:00Z,0.370000,0,0.5000,1
2025-01-13T00:00:00Z,0.390000,0,0.5000,1
2025-01-14T00:00:00Z,0.410000,0,0.5000,1
2025-01-15T00:00:00Z,0.390000,0,0.5000,1
2025-01-16T00:00:00Z,0.380000,0,0.5000,1
2025-01-17T00:00:00Z,0.340000,0,0.5000,1
2025-01-21T00:00:00Z,0.280000,0,0.5000,1
2025-01-22T00:00:00Z,0.310000,0,0.5000,1
2025-01-23T00:00:00Z,0.360000,0,0.5000,1
2025-01-24T00:00:00Z,0.360000,0,0.5000,1
2025-01-27T00:00:00Z,0.360000,0,0.5000,1
2025-01-28T00:00:00Z,0.360000,0,0.5000,1
2025-01-29T00:00:00Z,0.340000,0,0.5000,1
2025-01-30T00:00:00Z,0.340000,0,0.5000,1
2025-01-31T00:00:00Z,0.360000,0,0.5000,1
2025-02-03T00:00:00Z,0.280000,0,0.5000,1
2025-02-04T00:00:00Z,0.310000,0,0.5000,1
2025-02-05T00:00:00Z,0.260000,0,0.5000,1
2025-02-06T00:00:00Z,0.240000,0,0.5000,1
2025-02-07T00:00:00Z,0.200000,0,0.5000,1
2025-02-10T00:00:00Z,0.230000,0,0.5000,1
2025-02-11T00:00:00Z,0.250000,0,0.5000,1
2025-02-12T00:00:00Z,0.260000,0,0.5000,1
2025-02-13T00:00:00Z,0.210000,0,0.5000,1
2025-02-14T00:00:00Z,0.210000,0,0.5000,1
2025-02-19T00:00:00Z,0.260000,0,0.5000,1
2025-02-19T00:00:00Z,0.250000,0,0.5000,1
2025-02-20T00:00:00Z,0.220000,0,0.5000,1
2025-02-21T00:00:00Z,0.230000,0,0.5000,1
2025-02-24T00:00:00Z,0.270000,0,0.5000,1
2025-02-25T00:00:00Z,0.230000,0,0.5000,1
2025-02-26T00:00:00Z,0.200000,0,0.5000,1
2025-02-27T00:00:00Z,0.220000,0,0.5000,1
2025-02-28T00:00:00Z,0.250000,0,0.5000,1
2025-03-03T00:00:00Z,0.200000,0,0.5000,1
2025-03-04T00:00:00Z,0.260000,0,0.5000,1
2025-03-05T00:00:00Z,0.290000,0,0.5000,1
2025-03-06T00:00:00Z,0.330000,0,0.5000,1
2025-03-07T00:00:00Z,0.330000,0,0.5000,1
2025-03-10T00:00:00Z,0.330000,0,0.5000,1
2025-03-11T00:00:00Z,0.340000,0,0.5000,1
2025-03-12T00:00:00Z,0.310000,0,0.5000,1
2025-03-13T00:00:00Z,0.330000,0,0.5000,1
2025-03-14T00:00:00Z,0.290000,0,0.5000,1
2025-03-17T00:00:00Z,0.250000,0,0.5000,1
2025-03-18T00:00:00Z,0.250000,0,0.5000,1
2025-03-19T00:00:00Z,0.260000,0,0.5000,1
2025-03-20T00:00:00Z,0.290000,0,0.5000,1
2025-03-21T00:00:00Z,0.310000,0,0.5000,1
2025-03-24T00:00:00Z,0.300000,0,0.5000,1
2025-03-25T00:00:00Z,0.350000,0,0.5000,1
2025-03-26T00:00:00Z,0.370000,0,0.5000,1
2025-03-27T00:00:00Z,0.410000,0,0.5000,1
2025-03-28T00:00:00Z,0.380000,0,0.5000,1
2025-03-31T00:00:00Z,0.340000,0,0.5000,1
2025-04-01T00:00:00Z,0.300000,0,0.5000,1
2025-04-02T00:00:00Z,0.290000,0,0.5000,1
2025-04-03T00:00:00Z,0.350000,0,0.5000,1
2025-04-04T00:00:00Z,0.330000,1,0.5000,0
2025-04-07T00:00:00Z,0.420000,1,0.5000,0
2025-04-08T00:00:00Z,0.550000,1,0.5000,0
2025-04-09T00:00:00Z,0.430000,1,0.5000,0
2025-04-10T00:00:00Z,0.560000,1,0.5000,0
2025-04-11T00:00:00Z,0.520000,1,0.5000,0
2025-04-14T00:00:00Z,0.540000,1,0.5000,0
2025-04-15T00:00:00Z,0.510000,1,0.5000,0
2025-04-16T00:00:00Z,0.520000,1,0.5000,0
2025-04-17T00:00:00Z,0.530000,1,0.5000,0
2025-04-21T00:00:00Z,0.670000,1,0.5000,0
2025-04-22T00:00:00Z,0.650000,1,0.5000,0
2025-04-23T00:00:00Z,0.590000,1,0.5000,0
2025-04-24T00:00:00Z,0.550000,1,0.5000,0
2025-04-25T00:00:00Z,0.550000,1,0.5000,0
2025-04-28T00:00:00Z,0.560000,1,0.5000,0
2025-04-29T00:00:00Z,0.540000,1,0.5000,0
2025-04-30T00:00:00Z,0.570000,1,0.5000,0
2025-05-01T00:00:00Z,0.550000,1,0.5000,0
2025-05-02T00:00:00Z,0.500000,1,0.5000,0
2025-05-05T00:00:00Z,0.530000,1,0.5000,0
2025-05-06T00:00:00Z,0.520000,1,0.5000,0
2025-05-07T00:00:00Z,0.480000,1,0.5000,0
2025-05-08T00:00:00Z,0.470000,1,0.5000,0
2025-05-09T00:00:00Z,0.490000,1,0.5000,0
2025-05-12T00:00:00Z,0.470000,1,0.5000,0
2025-05-13T00:00:00Z,0.470000,1,0.5000,0
2025-05-14T00:00:00Z,0.480000,1,0.5000,0
2025-05-15T00:00:00Z,0.490000,1,0.5000,0
2025-05-16T00:00:00Z,0.450000,1,0.5000,0
2025-05-19T00:00:00Z,0.490000,1,0.5000,0
2025-05-20T00:00:00Z,0.510000,1,0.5000,0
2025-05-21T00:00:00Z,0.580000,1,0.5000,0
2025-05-22T00:00:00Z,0.540000,1,0.5000,0
2025-05-23T00:00:00Z,0.510000,1,0.5000,0
2025-05-27T00:00:00Z,0.510000,1,0.5000,0
2025-05-28T00:00:00Z,0.510000,1,0.5000,0
2025-05-29T00:00:00Z,0.510000,1,0.5000,0
2025-05-30T00:00:00Z,0.520000,1,0.5000,0
2025-06-02T00:00:00Z,0.520000,1,0.5000,0
2025-06-03T00:00:00Z,0.500000,1,0.5000,0
2025-06-04T00:00:00Z,0.500000,1,0.5000,0
2025-06-05T00:00:00Z,0.480000,1,0.5000,0
2025-06-06T00:00:00Z,0.470000,1,0.5000,0
2025-06-09T00:00:00Z,0.480000,1,0.5000,0
2025-06-10T00:00:00Z,0.460000,1,0.5000,0
2025-06-11T00:00:00Z,0.470000,1,0.5000,0
2025-06-12T00:00:00Z,0.460000,1,0.5000,0
2025-06-13T00:00:00Z,0.450000,1,0.5000,0
2025-06-16T00:00:00Z,0.490000,1,0.5000,0
2025-06-17T00:00:00Z,0.450000,1,0.5000,0
2025-06-18T00:00:00Z,0.440000,1,0.5000,0
2025-06-20T00:00:00Z,0.480000,1,0.5000,0
2025-06-23T00:00:00Z,0.500000,1,0.5000,0
2025-06-24T00:00:00Z,0.550000,1,0.5000,0
2025-06-25T00:00:00Z,0.550000,1,0.5000,0
2025-06-26T00:00:00Z,0.560000,1,0.5000,0
2025-06-27T00:00:00Z,0.560000,1,0.5000,0
2025-06-30T00:00:00Z,0.520000,1,0.5000,0
2025-07-01T00:00:00Z,0.480000,1,0.5000,0
2025-07-02T00:00:00Z,0.520000,1,0.5000,0
2025-07-03T00:00:00Z,0.470000,0,0.5000,1
2025-07-07T00:00:00Z,0.500000,0,0.5000,0
2025-07-08T00:00:00Z,0.520000,0,0.5000,0
2025-07-09T00:00:00Z,0.480000,0,0.5000,1
2025-07-10T00:00:00Z,0.490000,0,0.5000,1
2025-07-11T00:00:00Z,0.530000,0,0.5000,0
2025-07-14T00:00:00Z,0.530000,0,0.5000,0
2025-07-15T00:00:00Z,0.550000,0,0.5000,0
2025-07-16T00:00:00Z,0.580000,0,0.5000,0
2025-07-17T00:00:00Z,0.560000,0,0.5000,0
2025-07-18T00:00:00Z,0.560000,0,0.5000,0
2025-07-21T00:00:00Z,0.530000,0,0.5000,0
2025-07-22T00:00:00Z,0.520000,0,0.5000,0
2025-07-23T00:00:00Z,0.520000,0,0.5000,0
2025-07-24T00:00:00Z,0.520000,0,0.5000,0
2025-07-25T00:00:00Z,0.490000,0,0.5000,1
2025-07-28T00:00:00Z,0.510000,0,0.5000,0
2025-07-29T00:00:00Z,0.480000,0,0.5000,1
2025-07-30T00:00:00Z,0.440000,0,0.5000,1
2025-07-31T00:00:00Z,0.430000,0,0.5000,1
2025-08-01T00:00:00Z,0.540000,0,0.5000,0
2025-08-04T00:00:00Z,0.530000,0,0.5000,0
2025-08-05T00:00:00Z,0.500000,0,0.5000,0
2025-08-06T00:00:00Z,0.530000,0,0.5000,0
2025-08-07T00:00:00Z,0.510000,0,0.5000,0
2025-08-08T00:00:00Z,0.510000,0,0.5000,0
2025-08-11T00:00:00Z,0.510000,0,0.5000,0
2025-08-12T00:00:00Z,0.570000,0,0.5000,0
2025-08-13T00:00:00Z,0.570000,0,0.5000,0
2025-08-14T00:00:00Z,0.550000,0,0.5000,0
2025-08-15T00:00:00Z,0.580000,0,0.5000,0
2025-08-18T00:00:00Z,0.570000,0,0.5000,0
2025-08-19T00:00:00Z,0.550000,0,0.5000,0
2025-08-20T00:00:00Z,0.550000,0,0.5000,0
2025-08-21T00:00:00Z,0.540000,0,0.5000,0
2025-08-22T00:00:00Z,0.580000,0,0.5000,0
2025-08-25T00:00:00Z,0.550000,0,0.5000,0
2025-08-26T00:00:00Z,0.650000,0,0.5000,0
2025-08-27T00:00:00Z,0.650000,0,0.5000,0
2025-08-28T00:00:00Z,0.600000,0,0.5000,0
2025-08-29T00:00:00Z,0.640000,0,0.5000,0
2025-09-02T00:00:00Z,0.620000,0,0.5000,0
2025-09-03T00:00:00Z,0.610000,0,0.5000,0
2025-09-04T00:00:00Z,0.580000,0,0.5000,0
2025-09-05T00:00:00Z,0.590000,1,0.5000,0
2025-09-08T00:00:00Z,0.560000,1,0.5000,0
2025-09-09T00:00:00Z,0.540000,1,0.5000,0
2025-09-10T00:00:00Z,0.500000,1,0.5000,0
2025-09-11T00:00:00Z,0.490000,1,0.5000,0
2025-09-12T00:00:00Z,0.500000,1,0.5000,0
2025-09-15T00:00:00Z,0.510000,1,0.5000,0
2025-09-16T00:00:00Z,0.530000,1,0.5000,0
2025-09-17T00:00:00Z,0.540000,1,0.5000,0
2025-09-18T00:00:00Z,0.540000,1,0.5000,0
2025-09-19T00:00:00Z,0.570000,1,0.5000,0
2025-09-22T00:00:00Z,0.540000,1,0.5000,0
2025-09-23T00:00:00Z,0.590000,1,0.5000,0
2025-09-24T00:00:00Z,0.590000,1,0.5000,0
2025-09-25T00:00:00Z,0.540000,1,0.5000,0
2025-09-26T00:00:00Z,0.570000,1,0.5000,0
2025-09-29T00:00:00Z,0.520000,1,0.5000,0
2025-09-30T00:00:00Z,0.560000,1,0.5000,0
2025-10-01T00:00:00Z,0.570000,1,0.5000,0
2025-10-02T00:00:00Z,0.550000,1,0.5000,0
2025-10-03T00:00:00Z,0.550000,1,0.5000,0
2025-10-06T00:00:00Z,0.580000,1,0.5000,0
2025-10-07T00:00:00Z,0.570000,1,0.5000,0
2025-10-08T00:00:00Z,0.550000,1,0.5000,0
2025-10-09T00:00:00Z,0.540000,1,0.5000,0
2025-10-10T00:00:00Z,0.530000,1,0.5000,0
2025-10-14T00:00:00Z,0.550000,1,0.5000,0
2025-10-15T00:00:00Z,0.550000,1,0.5000,0
2025-10-16T00:00:00Z,0.580000,1,0.5000,0
2025-10-17T00:00:00Z,0.560000,1,0.5000,0
2025-10-20T00:00:00Z,0.540000,1,0.5000,0
2025-10-21T00:00:00Z,0.530000,1,0.5000,0
2025-10-22T00:00:00Z,0.520000,1,0.5000,0
2025-10-23T00:00:00Z,0.530000,1,0.5000,0
2025-10-24T00:00:00Z,0.540000,1,0.5000,0
2025-10-27T00:00:00Z,0.530000,1,0.5000,0
2025-10-28T00:00:00Z,0.520000,1,0.5000,0
2025-10-29T00:00:00Z,0.490000,1,0.5000,0
2025-10-30T00:00:00Z,0.500000,1,0.5000,0
2025-10-31T00:00:00Z,0.510000,1,0.5000,0
2025-11-03T00:00:00Z,0.530000,1,0.5000,0
2025-11-04T00:00:00Z,0.520000,1,0.5000,0
2025-11-05T00:00:00Z,0.540000,1,0.5000,0
2025-11-06T00:00:00Z,0.540000,1,0.5000,0
2025-11-07T00:00:00Z,0.560000,1,0.5000,0
2025-11-10T00:00:00Z,0.550000,1,0.5000,0
2025-11-12T00:00:00Z,0.520000,1,0.5000,0
2025-11-13T00:00:00Z,0.530000,1,0.5000,0
2025-11-14T00:00:00Z,0.520000,1,0.5000,0
2025-11-17T00:00:00Z,0.530000,1,0.5000,0
2025-11-18T00:00:00Z,0.540000,1,0.5000,0
2025-11-19T00:00:00Z,0.550000,1,0.5000,0
2025-11-20T00:00:00Z,0.550000,1,0.5000,0
2025-11-21T00:00:00Z,0.550000,1,0.5000,0
2025-11-24T00:00:00Z,0.580000,1,0.5000,0
2025-11-25T00:00:00Z,0.580000,1,0.5000,0
2025-11-26T00:00:00Z,0.550000,1,0.5000,0
2025-11-28T00:00:00Z,0.550000,1,0.5000,0
2025-12-02T00:00:00Z,0.550000,1,0.5000,0
2025-12-02T00:00:00Z,0.580000,1,0.5000,0
2025-12-03T00:00:00Z,0.570000,1,0.5000,0
2025-12-04T00:00:00Z,0.590000,1,0.5000,0
2025-12-05T00:00:00Z,0.580000,1,0.5000,0
2025-12-08T00:00:00Z,0.600000,1,0.5000,0
2025-12-09T00:00:00Z,0.570000,1,0.5000,0
2025-12-10T00:00:00Z,0.590000,1,0.5000,0
2025-12-11T00:00:00Z,0.620000,1,0.5000,0
2025-12-12T00:00:00Z,0.670000,1,0.5000,0
2025-12-15T00:00:00Z,0.670000,1,0.5000,0
2025-12-16T00:00:00Z,0.670000,1,0.5000,0
2025-12-17T00:00:00Z,0.670000,1,0.5000,0
2025-12-18T00:00:00Z,0.660000,1,0.5000,0
2025-12-19T00:00:00Z,0.680000,1,0.5000,0
2025-12-22T00:00:00Z,0.730000,1,0.5000,0
2025-12-23T00:00:00Z,0.700000,1,0.5000,0
2025-12-24T00:00:00Z,0.680000,1,0.5000,0
2025-12-26T00:00:00Z,0.680000,1,0.5000,0
2025-12-29T00:00:00Z,0.670000,1,0.5000,0
2025-12-30T00:00:00Z,0.690000,1,0.5000,0
2025-12-31T00:00:00Z,0.710000,1,0.5000,0
2026-01-02T00:00:00Z,0.720000,1,0.5000,0
2026-01-05T00:00:00Z,0.710000,1,0.5000,0
2026-01-06T00:00:00Z,0.710000,1,0.5000,0
2026-01-07T00:00:00Z,0.680000,1,0.5000,0
2026-01-08T00:00:00Z,0.700000,1,0.5000,0
2026-01-09T00:00:00Z,0.640000,1,0.5000,0
2026-01-12T00:00:00Z,0.650000,1,0.5000,0
2026-01-13T00:00:00Z,0.650000,1,0.5000,0
2026-01-14T00:00:00Z,0.640000,1,0.5000,0
2026-01-15T00:00:00Z,0.610000,1,0.5000,0
2026-01-16T00:00:00Z,0.650000,1,0.5000,0
2026-01-20T00:00:00Z,0.700000,1,0.5000,0
2026-01-21T00:00:00Z,0.660000,1,0.5000,0
2026-01-22T00:00:00Z,0.650000,1,0.5000,0
2026-01-23T00:00:00Z,0.640000,1,0.5000,0
2026-01-26T00:00:00Z,0.660000,1,0.5000,0
2026-01-27T00:00:00Z,0.710000,1,0.5000,0
2026-01-28T00:00:00Z,0.700000,1,0.5000,0
2026-01-29T00:00:00Z,0.710000,1,0.5000,0
2026-01-30T00:00:00Z,0.740000,1,0.5000,0
2026-02-02T00:00:00Z,0.720000,1,0.5000,0
2026-02-03T00:00:00Z,0.710000,1,0.5000,0
2026-02-04T00:00:00Z,0.720000,1,0.5000,0
2026-02-05T00:00:00Z,0.740000,1,0.5000,0
2026-02-06T00:00:00Z,0.720000,1,0.5000,0
2026-02-09T00:00:00Z,0.740000,1,0.5000,0
2026-02-10T00:00:00Z,0.710000,1,0.5000,0
2026-02-11T00:00:00Z,0.660000,0,0.5000,0
2026-02-12T00:00:00Z,0.620000,0,0.5000,0
2026-02-13T00:00:00Z,0.640000,0,0.5000,0
2026-02-17T00:00:00Z,0.620000,0,0.5000,0
2026-02-18T00:00:00Z,0.620000,0,0.5000,0
2026-02-19T00:00:00Z,0.610000,0,0.5000,0
2026-02-20T00:00:00Z,0.600000,0,0.5000,0
2026-02-23T00:00:00Z,0.600000,0,0.5000,0
2026-02-24T00:00:00Z,0.610000,0,0.5000,0
2026-02-25T00:00:00Z,0.600000,0,0.5000,0
2026-02-26T00:00:00Z,0.600000,0,0.5000,0
2026-02-27T00:00:00Z,0.590000,0,0.5000,0
2026-03-02T00:00:00Z,0.580000,0,0.5000,0
2026-03-03T00:00:00Z,0.550000,0,0.5000,0
2026-03-04T00:00:00Z,0.550000,0,0.5000,0
2026-03-05T00:00:00Z,0.560000,0,0.5000,0
2026-03-06T00:00:00Z,0.590000,0,0.5000,0
2026-03-09T00:00:00Z,0.560000,0,0.5000,0
2026-03-10T00:00:00Z,0.580000,0,0.5000,0
2026-03-11T00:00:00Z,0.570000,0,0.5000,0
2026-03-12T00:00:00Z,0.510000,0,0.5000,0
2026-03-13T00:00:00Z,0.550000,0,0.5000,0
2026-03-16T00:00:00Z,0.550000,0,0.5000,0
2026-03-17T00:00:00Z,0.520000,0,0.5000,0
2026-03-18T00:00:00Z,0.500000,0,0.5000,0
2026-03-19T00:00:00Z,0.460000,0,0.5000,1
2026-03-20T00:00:00Z,0.510000,0,0.5000,0
2026-03-23T00:00:00Z,0.510000,0,0.5000,0
2026-03-24T00:00:00Z,0.490000,0,0.5000,1
2026-03-25T00:00:00Z,0.490000,0,0.5000,1
2026-03-26T00:00:00Z,0.460000,0,0.5000,1
2026-03-27T00:00:00Z,0.560000,0,0.5000,0
2026-03-30T00:00:00Z,0.530000,0,0.5000,0
2026-03-31T00:00:00Z,0.510000,0,0.5000,0
2026-04-01T00:00:00Z,0.520000,0,0.5000,0
2026-04-02T00:00:00Z,0.520000,0,0.5000,0
2026-04-03T00:00:00Z,0.510000,0,0.5000,0
2026-04-06T00:00:00Z,0.500000,0,0.5000,0
2026-04-07T00:00:00Z,0.520000,0,0.5000,0
2026-04-08T00:00:00Z,0.500000,0,0.5000,0
2026-04-09T00:00:00Z,0.510000,0,0.5000,0
2026-04-10T00:00:00Z,0.500000,0,0.5000,0
2026-04-13T00:00:00Z,0.520000,0,0.5000,0
2026-04-14T00:00:00Z,0.500000,0,0.5000,0
2026-04-15T00:00:00Z,0.530000,0,0.5000,0
2026-04-16T00:00:00Z,0.540000,0,0.5000,0
2026-04-17T00:00:00Z,0.550000,0,0.5000,0
2026-04-20T00:00:00Z,0.540000,0,0.5000,0
2026-04-21T00:00:00Z,0.520000,0,0.5000,0
2026-04-22T00:00:00Z,0.510000,0,0.5000,0
2026-04-23T00:00:00Z,0.510000,0,0.5000,0
2026-04-24T00:00:00Z,0.530000,0,0.5000,0
2026-04-27T00:00:00Z,0.570000,0,0.5000,0
2026-04-28T00:00:00Z,0.520000,0,0.5000,0
2026-04-29T00:00:00Z,0.500000,0,0.5000,0
2026-04-30T00:00:00Z,0.520000,0,0.5000,0
