target_vol_is,max_lev_is,vol_floor_is,cagr_pct_is,equity_dd_pct_is,sharpe_is,profit_factor_is,recovery_factor_is,trades_is,net_profit_is,years_is,vt_r,lev_r,vfl_r,calmar_is,target_vol_oos,max_lev_oos,vol_floor_oos,cagr_pct_oos,equity_dd_pct_oos,sharpe_oos,profit_factor_oos,recovery_factor_oos,trades_oos,net_profit_oos,years_oos,calmar_oos,cagr_avg,dd_max,sharpe_min
2.0,80.0,0.025,30.1154,20.4382,1.485,1.5439,3.805,585,18191.35,3.937,2.0,80.0,0.025,1.4734859234179136,2.0,80.0,0.025,21.0967,11.9382,1.1464,1.5463,2.4863,201,3305.9,1.492,1.7671592032299674,25.60605,20.4382,1.1464
2.0,80.0,0.02,30.1154,20.4382,1.485,1.5439,3.805,585,18191.35,3.937,2.0,80.0,0.02,1.4734859234179136,2.0,80.0,0.02,21.0967,11.9382,1.1464,1.5463,2.4863,201,3305.9,1.492,1.7671592032299674,25.60605,20.4382,1.1464
2.0,80.0,0.005,30.1154,20.4382,1.485,1.5439,3.805,585,18191.35,3.937,2.0,80.0,0.005,1.4734859234179136,2.0,80.0,0.005,21.0967,11.9382,1.1464,1.5463,2.4863,201,3305.9,1.492,1.7671592032299674,25.60605,20.4382,1.1464
2.0,80.0,0.01,30.1154,20.4382,1.485,1.5439,3.805,585,18191.35,3.937,2.0,80.0,0.01,1.4734859234179136,2.0,80.0,0.01,21.0967,11.9382,1.1464,1.5463,2.4863,201,3305.9,1.492,1.7671592032299674,25.60605,20.4382,1.1464
2.0,80.0,0.015,30.1154,20.4382,1.485,1.5439,3.805,585,18191.35,3.937,2.0,80.0,0.015,1.4734859234179136,2.0,80.0,0.015,21.0967,11.9382,1.1464,1.5463,2.4863,201,3305.9,1.492,1.7671592032299674,25.60605,20.4382,1.1464
2.0,80.0,0.03,29.2107,20.5594,1.4578,1.5294,3.7078,585,17427.44,3.937,2.0,80.0,0.03,1.420795353950018,2.0,80.0,0.03,19.7258,9.9767,1.1414,1.5063,2.3313,201,3081.76,1.492,1.9771868453496648,24.468249999999998,20.5594,1.1414
2.0,64.0,0.02,29.268300000000004,20.3988,1.4631,1.532,3.7515,585,17475.62,3.937,2.0,64.0,0.02,1.434804988528737,2.0,64.0,0.02,19.5081,9.5825,1.1445,1.5003,2.3423,201,3046.28,1.492,2.035804852595878,24.3882,20.3988,1.1445
2.0,64.0,0.015,29.268300000000004,20.3988,1.4631,1.532,3.7515,585,17475.62,3.937,2.0,64.0,0.015,1.434804988528737,2.0,64.0,0.015,19.5081,9.5825,1.1445,1.5003,2.3423,201,3046.28,1.492,2.035804852595878,24.3882,20.3988,1.1445
2.0,64.0,0.025,29.268300000000004,20.3988,1.4631,1.532,3.7515,585,17475.62,3.937,2.0,64.0,0.025,1.434804988528737,2.0,64.0,0.025,19.5081,9.5825,1.1445,1.5003,2.3423,201,3046.28,1.492,2.035804852595878,24.3882,20.3988,1.1445
2.0,64.0,0.03,29.268300000000004,20.3988,1.4631,1.532,3.7515,585,17475.62,3.937,2.0,64.0,0.03,1.434804988528737,2.0,64.0,0.03,19.5081,9.5825,1.1445,1.5003,2.3423,201,3046.28,1.492,2.035804852595878,24.3882,20.3988,1.1445
2.0,64.0,0.01,29.268300000000004,20.3988,1.4631,1.532,3.7515,585,17475.62,3.937,2.0,64.0,0.01,1.434804988528737,2.0,64.0,0.01,19.5081,9.5825,1.1445,1.5003,2.3423,201,3046.28,1.492,2.035804852595878,24.3882,20.3988,1.1445
2.0,64.0,0.005,29.268300000000004,20.3988,1.4631,1.532,3.7515,585,17475.62,3.937,2.0,64.0,0.005,1.434804988528737,2.0,64.0,0.005,19.5081,9.5825,1.1445,1.5003,2.3423,201,3046.28,1.492,2.035804852595878,24.3882,20.3988,1.1445
1.75,80.0,0.02,27.9178,19.3024,1.482,1.5479,3.8352,585,16362.74,3.937,1.75,80.0,0.02,1.4463382791777188,1.75,80.0,0.02,20.5413,11.9324,1.1709,1.5845,2.6014,201,3214.94,1.492,1.7214726291441789,24.22955,19.3024,1.1709
1.75,80.0,0.005,27.9178,19.3024,1.482,1.5479,3.8352,585,16362.74,3.937,1.75,80.0,0.005,1.4463382791777188,1.75,80.0,0.005,20.5413,11.9324,1.1709,1.5845,2.6014,201,3214.94,1.492,1.7214726291441789,24.22955,19.3024,1.1709
1.75,80.0,0.015,27.9178,19.3024,1.482,1.5479,3.8352,585,16362.74,3.937,1.75,80.0,0.015,1.4463382791777188,1.75,80.0,0.015,20.5413,11.9324,1.1709,1.5845,2.6014,201,3214.94,1.492,1.7214726291441789,24.22955,19.3024,1.1709
1.75,80.0,0.01,27.9178,19.3024,1.482,1.5479,3.8352,585,16362.74,3.937,1.75,80.0,0.01,1.4463382791777188,1.75,80.0,0.01,20.5413,11.9324,1.1709,1.5845,2.6014,201,3214.94,1.492,1.7214726291441789,24.22955,19.3024,1.1709
2.0,80.0,0.035,28.7985,20.396,1.4445,1.531,3.737,585,17084.55,3.937,2.0,80.0,0.035,1.4119680329476367,2.0,80.0,0.035,18.7464,9.2182,1.1222,1.4748,2.2669,201,2922.41,1.492,2.0336291249918643,23.77245,20.396,1.1222
2.0,64.0,0.035,28.7985,20.396,1.4445,1.531,3.737,585,17084.55,3.937,2.0,64.0,0.035,1.4119680329476367,2.0,64.0,0.035,18.7464,9.2182,1.1222,1.4748,2.2669,201,2922.41,1.492,2.0336291249918643,23.77245,20.396,1.1222
1.75,80.0,0.025,27.6091,19.2003,1.4805,1.5438,3.8343,585,16113.14,3.937,1.75,80.0,0.025,1.4379514903412969,1.75,80.0,0.025,19.6113,10.4635,1.18,1.5533,2.5329,201,3063.09,1.492,1.8742581354231376,23.6102,19.2003,1.18
2.0,80.0,0.04,28.3496,20.4631,1.428,1.5245,3.6893,585,16714.87,3.937,2.0,80.0,0.04,1.3854010389432685,2.0,80.0,0.04,18.097,8.98,1.1078,1.4575,2.2687,201,2817.1,1.492,2.0152561247216036,23.223300000000002,20.4631,1.1078
2.0,64.0,0.04,28.3496,20.4631,1.428,1.5245,3.6893,585,16714.87,3.937,2.0,64.0,0.04,1.3854010389432685,2.0,64.0,0.04,18.097,8.98,1.1078,1.4575,2.2687,201,2817.1,1.492,2.0152561247216036,23.223300000000002,20.4631,1.1078
2.0,48.0,0.005,28.1432,20.4905,1.4177,1.5202,3.6629,585,16546.09,3.937,2.0,48.0,0.005,1.3734755130426295,2.0,48.0,0.005,18.0689,8.986,1.1105,1.4579,2.265,201,2812.54,1.492,2.010783440908079,23.10605,20.4905,1.1105
2.0,48.0,0.01,28.1432,20.4905,1.4177,1.5202,3.6629,585,16546.09,3.937,2.0,48.0,0.01,1.3734755130426295,2.0,48.0,0.01,18.0689,8.986,1.1105,1.4579,2.265,201,2812.54,1.492,2.010783440908079,23.10605,20.4905,1.1105
2.0,48.0,0.035,28.1432,20.4905,1.4177,1.5202,3.6629,585,16546.09,3.937,2.0,48.0,0.035,1.3734755130426295,2.0,48.0,0.035,18.0689,8.986,1.1105,1.4579,2.265,201,2812.54,1.492,2.010783440908079,23.10605,20.4905,1.1105
2.0,48.0,0.015,28.1432,20.4905,1.4177,1.5202,3.6629,585,16546.09,3.937,2.0,48.0,0.015,1.3734755130426295,2.0,48.0,0.015,18.0689,8.986,1.1105,1.4579,2.265,201,2812.54,1.492,2.010783440908079,23.10605,20.4905,1.1105
2.0,48.0,0.02,28.1432,20.4905,1.4177,1.5202,3.6629,585,16546.09,3.937,2.0,48.0,0.02,1.3734755130426295,2.0,48.0,0.02,18.0689,8.986,1.1105,1.4579,2.265,201,2812.54,1.492,2.010783440908079,23.10605,20.4905,1.1105
2.0,48.0,0.025,28.1432,20.4905,1.4177,1.5202,3.6629,585,16546.09,3.937,2.0,48.0,0.025,1.3734755130426295,2.0,48.0,0.025,18.0689,8.986,1.1105,1.4579,2.265,201,2812.54,1.492,2.010783440908079,23.10605,20.4905,1.1105
2.0,48.0,0.04,28.1432,20.4905,1.4177,1.5202,3.6629,585,16546.09,3.937,2.0,48.0,0.04,1.3734755130426295,2.0,48.0,0.04,18.0689,8.986,1.1105,1.4579,2.265,201,2812.54,1.492,2.010783440908079,23.10605,20.4905,1.1105
2.0,48.0,0.03,28.1432,20.4905,1.4177,1.5202,3.6629,585,16546.09,3.937,2.0,48.0,0.03,1.3734755130426295,2.0,48.0,0.03,18.0689,8.986,1.1105,1.4579,2.265,201,2812.54,1.492,2.010783440908079,23.10605,20.4905,1.1105
1.75,64.0,0.025,27.369100000000003,19.2362,1.4724,1.5402,3.8,585,15920.3,3.937,1.75,64.0,0.025,1.422791403707593,1.75,64.0,0.025,18.6137,9.5778,1.1535,1.5192,2.4334,201,2900.86,1.492,1.943421244962309,22.991400000000002,19.2362,1.1535
1.75,64.0,0.015,27.369100000000003,19.2362,1.4724,1.5402,3.8,585,15920.3,3.937,1.75,64.0,0.015,1.422791403707593,1.75,64.0,0.015,18.6137,9.5778,1.1535,1.5192,2.4334,201,2900.86,1.492,1.943421244962309,22.991400000000002,19.2362,1.1535
1.75,64.0,0.005,27.369100000000003,19.2362,1.4724,1.5402,3.8,585,15920.3,3.937,1.75,64.0,0.005,1.422791403707593,1.75,64.0,0.005,18.6137,9.5778,1.1535,1.5192,2.4334,201,2900.86,1.492,1.943421244962309,22.991400000000002,19.2362,1.1535
1.75,64.0,0.01,27.369100000000003,19.2362,1.4724,1.5402,3.8,585,15920.3,3.937,1.75,64.0,0.01,1.422791403707593,1.75,64.0,0.01,18.6137,9.5778,1.1535,1.5192,2.4334,201,2900.86,1.492,1.943421244962309,22.991400000000002,19.2362,1.1535
1.75,64.0,0.02,27.369100000000003,19.2362,1.4724,1.5402,3.8,585,15920.3,3.937,1.75,64.0,0.02,1.422791403707593,1.75,64.0,0.02,18.6137,9.5778,1.1535,1.5192,2.4334,201,2900.86,1.492,1.943421244962309,22.991400000000002,19.2362,1.1535
2.0,80.0,0.045,28.1311,20.4946,1.417,1.5199,3.6607,585,16536.19,3.937,2.0,80.0,0.045,1.372610346139959,2.0,80.0,0.045,17.0118,8.9218,1.0597,1.4279,2.1722,201,2641.75,1.492,1.9067676926180819,22.57145,20.4946,1.0597
2.0,64.0,0.045,28.1311,20.4946,1.417,1.5199,3.6607,585,16536.19,3.937,2.0,64.0,0.045,1.372610346139959,2.0,64.0,0.045,17.0118,8.9218,1.0597,1.4279,2.1722,201,2641.75,1.492,1.9067676926180819,22.57145,20.4946,1.0597
2.0,48.0,0.045,28.1311,20.4946,1.417,1.5199,3.6607,585,16536.19,3.937,2.0,48.0,0.045,1.372610346139959,2.0,48.0,0.045,17.0118,8.9218,1.0597,1.4279,2.1722,201,2641.75,1.492,1.9067676926180819,22.57145,20.4946,1.0597
1.75,64.0,0.03,26.998,19.3092,1.4588,1.536,3.7597,585,15624.29,3.937,1.75,64.0,0.03,1.3981936071924264,1.75,64.0,0.03,17.813699999999997,8.7385,1.1304,1.4952,2.328,201,2771.25,1.492,2.0385306402700687,22.40585,19.3092,1.1304
1.75,80.0,0.03,26.998,19.3092,1.4588,1.536,3.7597,585,15624.29,3.937,1.75,80.0,0.03,1.3981936071924264,1.75,80.0,0.03,17.813699999999997,8.7385,1.1304,1.4952,2.328,201,2771.25,1.492,2.0385306402700687,22.40585,19.3092,1.1304
1.5,80.0,0.015,26.0532,17.9589,1.5022,1.5586,3.9106,585,14881.92,3.937,1.5,80.0,0.015,1.4507124601172678,1.5,80.0,0.015,18.3878,11.934,1.1045,1.5776,2.3176,201,2864.22,1.492,1.5407910172616055,22.2205,17.9589,1.1045
1.5,80.0,0.005,26.0532,17.9589,1.5022,1.5586,3.9106,585,14881.92,3.937,1.5,80.0,0.005,1.4507124601172678,1.5,80.0,0.005,18.3878,11.934,1.1045,1.5776,2.3176,201,2864.22,1.492,1.5407910172616055,22.2205,17.9589,1.1045
1.5,80.0,0.01,26.0532,17.9589,1.5022,1.5586,3.9106,585,14881.92,3.937,1.5,80.0,0.01,1.4507124601172678,1.5,80.0,0.01,18.3878,11.934,1.1045,1.5776,2.3176,201,2864.22,1.492,1.5407910172616055,22.2205,17.9589,1.1045
1.5,80.0,0.02,25.859700000000004,17.9801,1.4962,1.5555,3.8923,585,14731.83,3.937,1.5,80.0,0.02,1.4382400542822344,1.5,80.0,0.02,18.5079,11.2005,1.1428,1.5767,2.4899,201,2883.7,1.492,1.6524173027989821,22.1838,17.9801,1.1428
2.0,64.0,0.05,27.7865,20.441,1.4058,1.5184,3.6553,585,16256.39,3.937,2.0,64.0,0.05,1.3593513037522627,2.0,64.0,0.05,15.9696,9.2563,1.0072,1.4009,1.9841,201,2474.11,1.492,1.7252681957153506,21.87805,20.441,1.0072
2.0,80.0,0.05,27.7865,20.441,1.4058,1.5184,3.6553,585,16256.39,3.937,2.0,80.0,0.05,1.3593513037522627,2.0,80.0,0.05,15.9696,9.2563,1.0072,1.4009,1.9841,201,2474.11,1.492,1.7252681957153506,21.87805,20.441,1.0072
2.0,48.0,0.05,27.7865,20.441,1.4058,1.5184,3.6553,585,16256.39,3.937,2.0,48.0,0.05,1.3593513037522627,2.0,48.0,0.05,15.9696,9.2563,1.0072,1.4009,1.9841,201,2474.11,1.492,1.7252681957153506,21.87805,20.441,1.0072
1.5,64.0,0.02,25.4537,17.771,1.4894,1.5521,3.9178,585,14419.25,3.937,1.5,64.0,0.02,1.432316695740251,1.5,64.0,0.02,17.860400000000002,9.5791,1.1745,1.5505,2.5137,201,2778.8,1.492,1.864517543401781,21.65705,17.771,1.1745
1.5,64.0,0.005,25.4537,17.771,1.4894,1.5521,3.9178,585,14419.25,3.937,1.5,64.0,0.005,1.432316695740251,1.5,64.0,0.005,17.860400000000002,9.5791,1.1745,1.5505,2.5137,201,2778.8,1.492,1.864517543401781,21.65705,17.771,1.1745
1.5,64.0,0.015,25.4537,17.771,1.4894,1.5521,3.9178,585,14419.25,3.937,1.5,64.0,0.015,1.432316695740251,1.5,64.0,0.015,17.860400000000002,9.5791,1.1745,1.5505,2.5137,201,2778.8,1.492,1.864517543401781,21.65705,17.771,1.1745
1.5,64.0,0.01,25.4537,17.771,1.4894,1.5521,3.9178,585,14419.25,3.937,1.5,64.0,0.01,1.432316695740251,1.5,64.0,0.01,17.860400000000002,9.5791,1.1745,1.5505,2.5137,201,2778.8,1.492,1.864517543401781,21.65705,17.771,1.1745
2.0,48.0,0.055,27.7843,20.4427,1.4053,1.5179,3.6549,585,16254.56,3.937,2.0,48.0,0.055,1.3591306432124917,2.0,48.0,0.055,15.193599999999998,8.8646,0.9698,1.3815,1.992,201,2349.77,1.492,1.7139634050041739,21.48895,20.4427,0.9698
2.0,64.0,0.055,27.7843,20.4427,1.4053,1.5179,3.6549,585,16254.56,3.937,2.0,64.0,0.055,1.3591306432124917,2.0,64.0,0.055,15.193599999999998,8.8646,0.9698,1.3815,1.992,201,2349.77,1.492,1.7139634050041739,21.48895,20.4427,0.9698
2.0,80.0,0.055,27.7843,20.4427,1.4053,1.5179,3.6549,585,16254.56,3.937,2.0,80.0,0.055,1.3591306432124917,2.0,80.0,0.055,15.193599999999998,8.8646,0.9698,1.3815,1.992,201,2349.77,1.492,1.7139634050041739,21.48895,20.4427,0.9698
1.75,64.0,0.035,26.556600000000003,19.2902,1.4408,1.5299,3.7265,585,15275.44,3.937,1.75,64.0,0.035,1.3766886812993129,1.75,64.0,0.035,16.3699,8.6893,1.0715,1.45,2.1612,201,2538.42,1.492,1.8839146996881224,21.463250000000002,19.2902,1.0715
1.75,80.0,0.035,26.556600000000003,19.2902,1.4408,1.5299,3.7265,585,15275.44,3.937,1.75,80.0,0.035,1.3766886812993129,1.75,80.0,0.035,16.3699,8.6893,1.0715,1.45,2.1612,201,2538.42,1.492,1.8839146996881224,21.463250000000002,19.2902,1.0715
2.0,64.0,0.06,27.7457,20.4439,1.4089,1.5168,3.6479,585,16223.4,3.937,2.0,64.0,0.06,1.357162772269479,2.0,64.0,0.06,15.0909,9.1886,0.9674,1.3809,1.9097,201,2333.35,1.492,1.6423503036371156,21.4183,20.4439,0.9674
2.0,48.0,0.06,27.7457,20.4439,1.4089,1.5168,3.6479,585,16223.4,3.937,2.0,48.0,0.06,1.357162772269479,2.0,48.0,0.06,15.0909,9.1886,0.9674,1.3809,1.9097,201,2333.35,1.492,1.6423503036371156,21.4183,20.4439,0.9674
2.0,80.0,0.06,27.7457,20.4439,1.4089,1.5168,3.6479,585,16223.4,3.937,2.0,80.0,0.06,1.357162772269479,2.0,80.0,0.06,15.0909,9.1886,0.9674,1.3809,1.9097,201,2333.35,1.492,1.6423503036371156,21.4183,20.4439,0.9674
1.75,48.0,0.035,26.2118,19.1483,1.4301,1.5266,3.7421,585,15005.38,3.937,1.75,48.0,0.035,1.3688839218102913,1.75,48.0,0.035,16.345499999999998,8.4129,1.0775,1.4482,2.2368,201,2534.49,1.492,1.9429091038761896,21.27865,19.1483,1.0775
1.75,48.0,0.03,26.2118,19.1483,1.4301,1.5266,3.7421,585,15005.38,3.937,1.75,48.0,0.03,1.3688839218102913,1.75,48.0,0.03,16.345499999999998,8.4129,1.0775,1.4482,2.2368,201,2534.49,1.492,1.9429091038761896,21.27865,19.1483,1.0775
1.75,48.0,0.02,26.2118,19.1483,1.4301,1.5266,3.7421,585,15005.38,3.937,1.75,48.0,0.02,1.3688839218102913,1.75,48.0,0.02,16.345499999999998,8.4129,1.0775,1.4482,2.2368,201,2534.49,1.492,1.9429091038761896,21.27865,19.1483,1.0775
1.75,48.0,0.01,26.2118,19.1483,1.4301,1.5266,3.7421,585,15005.38,3.937,1.75,48.0,0.01,1.3688839218102913,1.75,48.0,0.01,16.345499999999998,8.4129,1.0775,1.4482,2.2368,201,2534.49,1.492,1.9429091038761896,21.27865,19.1483,1.0775
1.75,48.0,0.005,26.2118,19.1483,1.4301,1.5266,3.7421,585,15005.38,3.937,1.75,48.0,0.005,1.3688839218102913,1.75,48.0,0.005,16.345499999999998,8.4129,1.0775,1.4482,2.2368,201,2534.49,1.492,1.9429091038761896,21.27865,19.1483,1.0775
1.75,48.0,0.025,26.2118,19.1483,1.4301,1.5266,3.7421,585,15005.38,3.937,1.75,48.0,0.025,1.3688839218102913,1.75,48.0,0.025,16.345499999999998,8.4129,1.0775,1.4482,2.2368,201,2534.49,1.492,1.9429091038761896,21.27865,19.1483,1.0775
1.75,48.0,0.015,26.2118,19.1483,1.4301,1.5266,3.7421,585,15005.38,3.937,1.75,48.0,0.015,1.3688839218102913,1.75,48.0,0.015,16.345499999999998,8.4129,1.0775,1.4482,2.2368,201,2534.49,1.492,1.9429091038761896,21.27865,19.1483,1.0775
1.5,64.0,0.025,25.0113,17.793,1.4704,1.5417,3.8531,585,14081.95,3.937,1.5,64.0,0.025,1.4056820097791265,1.5,64.0,0.025,17.3117,8.9869,1.1609,1.5316,2.4489,201,2690.14,1.492,1.926326096874339,21.161499999999997,17.793,1.1609
1.5,80.0,0.025,25.0113,17.793,1.4704,1.5417,3.8531,585,14081.95,3.937,1.5,80.0,0.025,1.4056820097791265,1.5,80.0,0.025,17.3117,8.9869,1.1609,1.5316,2.4489,201,2690.14,1.492,1.926326096874339,21.161499999999997,17.793,1.1609
2.0,80.0,0.065,27.9106,20.5325,1.4196,1.5192,3.6427,585,16356.92,3.937,2.0,80.0,0.065,1.3593376354559845,2.0,80.0,0.065,14.2547,9.2549,0.918,1.3589,1.8575,201,2199.88,1.492,1.5402327415747334,21.08265,20.5325,0.918
2.0,64.0,0.065,27.9106,20.5325,1.4196,1.5192,3.6427,585,16356.92,3.937,2.0,64.0,0.065,1.3593376354559845,2.0,64.0,0.065,14.2547,9.2549,0.918,1.3589,1.8575,201,2199.88,1.492,1.5402327415747334,21.08265,20.5325,0.918
2.0,32.0,0.065,27.9106,20.5325,1.4196,1.5192,3.6427,585,16356.92,3.937,2.0,32.0,0.065,1.3593376354559845,2.0,32.0,0.065,14.2547,9.2549,0.918,1.3589,1.8575,201,2199.88,1.492,1.5402327415747334,21.08265,20.5325,0.918
2.0,48.0,0.065,27.9106,20.5325,1.4196,1.5192,3.6427,585,16356.92,3.937,2.0,48.0,0.065,1.3593376354559845,2.0,48.0,0.065,14.2547,9.2549,0.918,1.3589,1.8575,201,2199.88,1.492,1.5402327415747334,21.08265,20.5325,0.918
1.75,80.0,0.04,26.2131,19.1654,1.4266,1.526,3.7377,585,15006.37,3.937,1.75,80.0,0.04,1.3677303891387604,1.75,80.0,0.04,15.8732,8.3273,1.0611,1.4354,2.2072,201,2458.64,1.492,1.906164062781454,21.04315,19.1654,1.0611
1.75,64.0,0.04,26.2131,19.1654,1.4266,1.526,3.7377,585,15006.37,3.937,1.75,64.0,0.04,1.3677303891387604,1.75,64.0,0.04,15.8732,8.3273,1.0611,1.4354,2.2072,201,2458.64,1.492,1.906164062781454,21.04315,19.1654,1.0611
1.75,48.0,0.04,26.2131,19.1654,1.4266,1.526,3.7377,585,15006.37,3.937,1.75,48.0,0.04,1.3677303891387604,1.75,48.0,0.04,15.8732,8.3273,1.0611,1.4354,2.2072,201,2458.64,1.492,1.906164062781454,21.04315,19.1654,1.0611
2.0,32.0,0.01,27.7815,20.4347,1.4134,1.5176,3.6544,585,16252.33,3.937,2.0,32.0,0.01,1.3595257087209502,2.0,32.0,0.01,14.2506,9.1908,0.9163,1.3576,1.857,201,2199.22,1.492,1.5505287896592246,21.01605,20.4347,0.9163
2.0,32.0,0.025,27.7815,20.4347,1.4134,1.5176,3.6544,585,16252.33,3.937,2.0,32.0,0.025,1.3595257087209502,2.0,32.0,0.025,14.2506,9.1908,0.9163,1.3576,1.857,201,2199.22,1.492,1.5505287896592246,21.01605,20.4347,0.9163
2.0,32.0,0.015,27.7815,20.4347,1.4134,1.5176,3.6544,585,16252.33,3.937,2.0,32.0,0.015,1.3595257087209502,2.0,32.0,0.015,14.2506,9.1908,0.9163,1.3576,1.857,201,2199.22,1.492,1.5505287896592246,21.01605,20.4347,0.9163
2.0,32.0,0.02,27.7815,20.4347,1.4134,1.5176,3.6544,585,16252.33,3.937,2.0,32.0,0.02,1.3595257087209502,2.0,32.0,0.02,14.2506,9.1908,0.9163,1.3576,1.857,201,2199.22,1.492,1.5505287896592246,21.01605,20.4347,0.9163
2.0,32.0,0.055,27.7815,20.4347,1.4134,1.5176,3.6544,585,16252.33,3.937,2.0,32.0,0.055,1.3595257087209502,2.0,32.0,0.055,14.2506,9.1908,0.9163,1.3576,1.857,201,2199.22,1.492,1.5505287896592246,21.01605,20.4347,0.9163
2.0,32.0,0.035,27.7815,20.4347,1.4134,1.5176,3.6544,585,16252.33,3.937,2.0,32.0,0.035,1.3595257087209502,2.0,32.0,0.035,14.2506,9.1908,0.9163,1.3576,1.857,201,2199.22,1.492,1.5505287896592246,21.01605,20.4347,0.9163
2.0,32.0,0.06,27.7815,20.4347,1.4134,1.5176,3.6544,585,16252.33,3.937,2.0,32.0,0.06,1.3595257087209502,2.0,32.0,0.06,14.2506,9.1908,0.9163,1.3576,1.857,201,2199.22,1.492,1.5505287896592246,21.01605,20.4347,0.9163
2.0,32.0,0.04,27.7815,20.4347,1.4134,1.5176,3.6544,585,16252.33,3.937,2.0,32.0,0.04,1.3595257087209502,2.0,32.0,0.04,14.2506,9.1908,0.9163,1.3576,1.857,201,2199.22,1.492,1.5505287896592246,21.01605,20.4347,0.9163
2.0,32.0,0.03,27.7815,20.4347,1.4134,1.5176,3.6544,585,16252.33,3.937,2.0,32.0,0.03,1.3595257087209502,2.0,32.0,0.03,14.2506,9.1908,0.9163,1.3576,1.857,201,2199.22,1.492,1.5505287896592246,21.01605,20.4347,0.9163
2.0,32.0,0.05,27.7815,20.4347,1.4134,1.5176,3.6544,585,16252.33,3.937,2.0,32.0,0.05,1.3595257087209502,2.0,32.0,0.05,14.2506,9.1908,0.9163,1.3576,1.857,201,2199.22,1.492,1.5505287896592246,21.01605,20.4347,0.9163
2.0,32.0,0.005,27.7815,20.4347,1.4134,1.5176,3.6544,585,16252.33,3.937,2.0,32.0,0.005,1.3595257087209502,2.0,32.0,0.005,14.2506,9.1908,0.9163,1.3576,1.857,201,2199.22,1.492,1.5505287896592246,21.01605,20.4347,0.9163
2.0,32.0,0.045,27.7815,20.4347,1.4134,1.5176,3.6544,585,16252.33,3.937,2.0,32.0,0.045,1.3595257087209502,2.0,32.0,0.045,14.2506,9.1908,0.9163,1.3576,1.857,201,2199.22,1.492,1.5505287896592246,21.01605,20.4347,0.9163
2.0,80.0,0.07,27.5794,20.7993,1.4126,1.5105,3.55,585,16089.2,3.937,2.0,80.0,0.07,1.325977316544307,2.0,80.0,0.07,14.121,9.3285,0.9135,1.357,1.8628,201,2178.59,1.492,1.5137481910274964,20.8502,20.7993,0.9135
2.0,64.0,0.07,27.5794,20.7993,1.4126,1.5105,3.55,585,16089.2,3.937,2.0,64.0,0.07,1.325977316544307,2.0,64.0,0.07,14.121,9.3285,0.9135,1.357,1.8628,201,2178.59,1.492,1.5137481910274964,20.8502,20.7993,0.9135
2.0,32.0,0.07,27.5794,20.7993,1.4126,1.5105,3.55,585,16089.2,3.937,2.0,32.0,0.07,1.325977316544307,2.0,32.0,0.07,14.121,9.3285,0.9135,1.357,1.8628,201,2178.59,1.492,1.5137481910274964,20.8502,20.7993,0.9135
2.0,48.0,0.07,27.5794,20.7993,1.4126,1.5105,3.55,585,16089.2,3.937,2.0,48.0,0.07,1.325977316544307,2.0,48.0,0.07,14.121,9.3285,0.9135,1.357,1.8628,201,2178.59,1.492,1.5137481910274964,20.8502,20.7993,0.9135
2.0,64.0,0.075,27.2787,20.582,1.4061,1.5056,3.5715,585,15848.0,3.937,2.0,64.0,0.075,1.3253668253814013,2.0,64.0,0.075,14.1696,9.561,0.9244,1.3582,2.0338,201,2186.32,1.492,1.4820207091308442,20.72415,20.582,0.9244
2.0,32.0,0.075,27.2787,20.582,1.4061,1.5056,3.5715,585,15848.0,3.937,2.0,32.0,0.075,1.3253668253814013,2.0,32.0,0.075,14.1696,9.561,0.9244,1.3582,2.0338,201,2186.32,1.492,1.4820207091308442,20.72415,20.582,0.9244
2.0,48.0,0.075,27.2787,20.582,1.4061,1.5056,3.5715,585,15848.0,3.937,2.0,48.0,0.075,1.3253668253814013,2.0,48.0,0.075,14.1696,9.561,0.9244,1.3582,2.0338,201,2186.32,1.492,1.4820207091308442,20.72415,20.582,0.9244
2.0,80.0,0.075,27.2787,20.582,1.4061,1.5056,3.5715,585,15848.0,3.937,2.0,80.0,0.075,1.3253668253814013,2.0,80.0,0.075,14.1696,9.561,0.9244,1.3582,2.0338,201,2186.32,1.492,1.4820207091308442,20.72415,20.582,0.9244
1.25,80.0,0.015,24.0086,16.5487,1.5235,1.5698,3.9984,585,13330.44,3.937,1.25,80.0,0.015,1.450784653779451,1.25,80.0,0.015,17.2636,11.1999,1.1297,1.6042,2.3161,201,2682.37,1.492,1.5414066197019618,20.6361,16.5487,1.1297
1.25,80.0,0.01,24.0086,16.5487,1.5235,1.5698,3.9984,585,13330.44,3.937,1.25,80.0,0.01,1.450784653779451,1.25,80.0,0.01,17.2636,11.1999,1.1297,1.6042,2.3161,201,2682.37,1.492,1.5414066197019618,20.6361,16.5487,1.1297
1.25,80.0,0.005,24.0086,16.5487,1.5235,1.5698,3.9984,585,13330.44,3.937,1.25,80.0,0.005,1.450784653779451,1.25,80.0,0.005,17.2636,11.1999,1.1297,1.6042,2.3161,201,2682.37,1.492,1.5414066197019618,20.6361,16.5487,1.1297
1.5,64.0,0.03,24.565,17.9445,1.4544,1.5375,3.7993,585,13745.3,3.937,1.5,64.0,0.03,1.3689431302070272,1.5,64.0,0.03,16.4869,7.8281,1.1559,1.5019,2.4392,201,2557.23,1.492,2.1061177041683163,20.52595,17.9445,1.1559
1.5,80.0,0.03,24.565,17.9445,1.4544,1.5375,3.7993,585,13745.3,3.937,1.5,80.0,0.03,1.3689431302070272,1.5,80.0,0.03,16.4869,7.8281,1.1559,1.5019,2.4392,201,2557.23,1.492,2.1061177041683163,20.52595,17.9445,1.1559
1.75,48.0,0.045,25.7876,19.2387,1.4083,1.5191,3.6838,585,14676.14,3.937,1.75,48.0,0.045,1.3404024180427991,1.75,48.0,0.045,15.235499999999998,8.3277,1.0295,1.4147,2.1337,201,2356.47,1.492,1.829496739796102,20.51155,19.2387,1.0295
1.75,64.0,0.045,25.7876,19.2387,1.4083,1.5191,3.6838,585,14676.14,3.937,1.75,64.0,0.045,1.3404024180427991,1.75,64.0,0.045,15.235499999999998,8.3277,1.0295,1.4147,2.1337,201,2356.47,1.492,1.829496739796102,20.51155,19.2387,1.0295
1.75,80.0,0.045,25.7876,19.2387,1.4083,1.5191,3.6838,585,14676.14,3.937,1.75,80.0,0.045,1.3404024180427991,1.75,80.0,0.045,15.235499999999998,8.3277,1.0295,1.4147,2.1337,201,2356.47,1.492,1.829496739796102,20.51155,19.2387,1.0295
1.5,48.0,0.01,24.541,17.9378,1.4548,1.5358,3.7918,585,13727.24,3.937,1.5,48.0,0.01,1.3681164914315023,1.5,48.0,0.01,16.4266,7.8338,1.1582,1.4986,2.43,201,2547.54,1.492,2.096887844979448,20.483800000000002,17.9378,1.1582
1.5,48.0,0.02,24.541,17.9378,1.4548,1.5358,3.7918,585,13727.24,3.937,1.5,48.0,0.02,1.3681164914315023,1.5,48.0,0.02,16.4266,7.8338,1.1582,1.4986,2.43,201,2547.54,1.492,2.096887844979448,20.483800000000002,17.9378,1.1582
1.5,48.0,0.03,24.541,17.9378,1.4548,1.5358,3.7918,585,13727.24,3.937,1.5,48.0,0.03,1.3681164914315023,1.5,48.0,0.03,16.4266,7.8338,1.1582,1.4986,2.43,201,2547.54,1.492,2.096887844979448,20.483800000000002,17.9378,1.1582
1.5,48.0,0.005,24.541,17.9378,1.4548,1.5358,3.7918,585,13727.24,3.937,1.5,48.0,0.005,1.3681164914315023,1.5,48.0,0.005,16.4266,7.8338,1.1582,1.4986,2.43,201,2547.54,1.492,2.096887844979448,20.483800000000002,17.9378,1.1582
1.5,48.0,0.015,24.541,17.9378,1.4548,1.5358,3.7918,585,13727.24,3.937,1.5,48.0,0.015,1.3681164914315023,1.5,48.0,0.015,16.4266,7.8338,1.1582,1.4986,2.43,201,2547.54,1.492,2.096887844979448,20.483800000000002,17.9378,1.1582
1.5,48.0,0.025,24.541,17.9378,1.4548,1.5358,3.7918,585,13727.24,3.937,1.5,48.0,0.025,1.3681164914315023,1.5,48.0,0.025,16.4266,7.8338,1.1582,1.4986,2.43,201,2547.54,1.492,2.096887844979448,20.483800000000002,17.9378,1.1582
2.0,48.0,0.08,26.9245,20.6565,1.3962,1.5,3.5175,585,15565.89,3.937,2.0,48.0,0.08,1.303439595284777,2.0,48.0,0.08,13.8874,9.9439,0.9137,1.3554,2.025,201,2141.41,1.492,1.3965747845412766,20.405949999999997,20.6565,0.9137
2.0,80.0,0.08,26.9245,20.6565,1.3962,1.5,3.5175,585,15565.89,3.937,2.0,80.0,0.08,1.303439595284777,2.0,80.0,0.08,13.8874,9.9439,0.9137,1.3554,2.025,201,2141.41,1.492,1.3965747845412766,20.405949999999997,20.6565,0.9137
2.0,64.0,0.08,26.9245,20.6565,1.3962,1.5,3.5175,585,15565.89,3.937,2.0,64.0,0.08,1.303439595284777,2.0,64.0,0.08,13.8874,9.9439,0.9137,1.3554,2.025,201,2141.41,1.492,1.3965747845412766,20.405949999999997,20.6565,0.9137
2.0,32.0,0.08,26.9245,20.6565,1.3962,1.5,3.5175,585,15565.89,3.937,2.0,32.0,0.08,1.303439595284777,2.0,32.0,0.08,13.8874,9.9439,0.9137,1.3554,2.025,201,2141.41,1.492,1.3965747845412766,20.405949999999997,20.6565,0.9137
1.5,64.0,0.035,24.1541,17.8849,1.4337,1.5316,3.7812,585,13438.34,3.937,1.5,64.0,0.035,1.3505303356462715,1.5,64.0,0.035,15.5808,7.7087,1.1221,1.4707,2.3696,201,2411.76,1.492,2.0211968295562155,19.867449999999998,17.8849,1.1221
1.5,48.0,0.035,24.1541,17.8849,1.4337,1.5316,3.7812,585,13438.34,3.937,1.5,48.0,0.035,1.3505303356462715,1.5,48.0,0.035,15.5808,7.7087,1.1221,1.4707,2.3696,201,2411.76,1.492,2.0211968295562155,19.867449999999998,17.8849,1.1221
1.5,80.0,0.035,24.1541,17.8849,1.4337,1.5316,3.7812,585,13438.34,3.937,1.5,80.0,0.035,1.3505303356462715,1.5,80.0,0.035,15.5808,7.7087,1.1221,1.4707,2.3696,201,2411.76,1.492,2.0211968295562155,19.867449999999998,17.8849,1.1221
1.75,80.0,0.05,25.7009,19.2219,1.4068,1.5182,3.683,585,14609.25,3.937,1.75,80.0,0.05,1.3370634536648303,1.75,80.0,0.05,13.8447,8.6107,0.949,1.3735,1.8981,201,2134.62,1.492,1.6078483746965984,19.7728,19.2219,0.949
1.75,64.0,0.05,25.7009,19.2219,1.4068,1.5182,3.683,585,14609.25,3.937,1.75,64.0,0.05,1.3370634536648303,1.75,64.0,0.05,13.8447,8.6107,0.949,1.3735,1.8981,201,2134.62,1.492,1.6078483746965984,19.7728,19.2219,0.949
1.75,48.0,0.05,25.7009,19.2219,1.4068,1.5182,3.683,585,14609.25,3.937,1.75,48.0,0.05,1.3370634536648303,1.75,48.0,0.05,13.8447,8.6107,0.949,1.3735,1.8981,201,2134.62,1.492,1.6078483746965984,19.7728,19.2219,0.949
1.25,64.0,0.005,23.3819,16.2584,1.5104,1.5654,4.0263,585,12869.68,3.937,1.25,64.0,0.005,1.4381427446735227,1.25,64.0,0.005,15.8565,9.5786,1.1215,1.5489,2.4878,201,2455.96,1.492,1.6554089324118348,19.6192,16.2584,1.1215
1.25,64.0,0.015,23.3819,16.2584,1.5104,1.5654,4.0263,585,12869.68,3.937,1.25,64.0,0.015,1.4381427446735227,1.25,64.0,0.015,15.8565,9.5786,1.1215,1.5489,2.4878,201,2455.96,1.492,1.6554089324118348,19.6192,16.2584,1.1215
1.25,64.0,0.01,23.3819,16.2584,1.5104,1.5654,4.0263,585,12869.68,3.937,1.25,64.0,0.01,1.4381427446735227,1.25,64.0,0.01,15.8565,9.5786,1.1215,1.5489,2.4878,201,2455.96,1.492,1.6554089324118348,19.6192,16.2584,1.1215
1.25,64.0,0.02,23.382,16.2583,1.5105,1.5653,4.0263,585,12869.76,3.937,1.25,64.0,0.02,1.4381577409692283,1.25,64.0,0.02,15.665299999999998,9.332,1.1186,1.5401,2.5167,201,2425.3,1.492,1.6786648092584653,19.52365,16.2583,1.1186
1.25,80.0,0.02,23.382,16.2583,1.5105,1.5653,4.0263,585,12869.76,3.937,1.25,80.0,0.02,1.4381577409692283,1.25,80.0,0.02,15.665299999999998,9.332,1.1186,1.5401,2.5167,201,2425.3,1.492,1.6786648092584653,19.52365,16.2583,1.1186
1.75,64.0,0.055,25.8313,19.2238,1.4139,1.5192,3.6891,585,14709.92,3.937,1.75,64.0,0.055,1.3437145621573257,1.75,64.0,0.055,13.1926,8.7742,0.9088,1.3555,1.7833,201,2031.05,1.492,1.5035672767887671,19.51195,19.2238,0.9088
1.75,32.0,0.055,25.8313,19.2238,1.4139,1.5192,3.6891,585,14709.92,3.937,1.75,32.0,0.055,1.3437145621573257,1.75,32.0,0.055,13.1926,8.7742,0.9088,1.3555,1.7833,201,2031.05,1.492,1.5035672767887671,19.51195,19.2238,0.9088
1.75,48.0,0.055,25.8313,19.2238,1.4139,1.5192,3.6891,585,14709.92,3.937,1.75,48.0,0.055,1.3437145621573257,1.75,48.0,0.055,13.1926,8.7742,0.9088,1.3555,1.7833,201,2031.05,1.492,1.5035672767887671,19.51195,19.2238,0.9088
1.75,80.0,0.055,25.8313,19.2238,1.4139,1.5192,3.6891,585,14709.92,3.937,1.75,80.0,0.055,1.3437145621573257,1.75,80.0,0.055,13.1926,8.7742,0.9088,1.3555,1.7833,201,2031.05,1.492,1.5035672767887671,19.51195,19.2238,0.9088
1.75,32.0,0.06,25.8574,19.2813,1.4192,1.519,3.6795,585,14730.1,3.937,1.75,32.0,0.06,1.3410610280427147,1.75,32.0,0.06,13.0465,8.5241,0.9034,1.3518,1.8232,201,2007.88,1.492,1.530542813904107,19.45195,19.2813,0.9034
1.75,64.0,0.06,25.8574,19.2813,1.4192,1.519,3.6795,585,14730.1,3.937,1.75,64.0,0.06,1.3410610280427147,1.75,64.0,0.06,13.0465,8.5241,0.9034,1.3518,1.8232,201,2007.88,1.492,1.530542813904107,19.45195,19.2813,0.9034
1.75,80.0,0.06,25.8574,19.2813,1.4192,1.519,3.6795,585,14730.1,3.937,1.75,80.0,0.06,1.3410610280427147,1.75,80.0,0.06,13.0465,8.5241,0.9034,1.3518,1.8232,201,2007.88,1.492,1.530542813904107,19.45195,19.2813,0.9034
1.75,48.0,0.06,25.8574,19.2813,1.4192,1.519,3.6795,585,14730.1,3.937,1.75,48.0,0.06,1.3410610280427147,1.75,48.0,0.06,13.0465,8.5241,0.9034,1.3518,1.8232,201,2007.88,1.492,1.530542813904107,19.45195,19.2813,0.9034
1.75,32.0,0.05,25.6874,19.2363,1.4095,1.517,3.6772,585,14598.83,3.937,1.75,32.0,0.05,1.3353607502482285,1.75,32.0,0.05,13.1926,8.7742,0.9088,1.3555,1.7833,201,2031.05,1.492,1.5035672767887671,19.44,19.2363,0.9088
1.75,32.0,0.04,25.6874,19.2363,1.4095,1.517,3.6772,585,14598.83,3.937,1.75,32.0,0.04,1.3353607502482285,1.75,32.0,0.04,13.1926,8.7742,0.9088,1.3555,1.7833,201,2031.05,1.492,1.5035672767887671,19.44,19.2363,0.9088
1.75,32.0,0.015,25.6874,19.2363,1.4095,1.517,3.6772,585,14598.83,3.937,1.75,32.0,0.015,1.3353607502482285,1.75,32.0,0.015,13.1926,8.7742,0.9088,1.3555,1.7833,201,2031.05,1.492,1.5035672767887671,19.44,19.2363,0.9088
1.75,32.0,0.01,25.6874,19.2363,1.4095,1.517,3.6772,585,14598.83,3.937,1.75,32.0,0.01,1.3353607502482285,1.75,32.0,0.01,13.1926,8.7742,0.9088,1.3555,1.7833,201,2031.05,1.492,1.5035672767887671,19.44,19.2363,0.9088
1.75,32.0,0.025,25.6874,19.2363,1.4095,1.517,3.6772,585,14598.83,3.937,1.75,32.0,0.025,1.3353607502482285,1.75,32.0,0.025,13.1926,8.7742,0.9088,1.3555,1.7833,201,2031.05,1.492,1.5035672767887671,19.44,19.2363,0.9088
1.75,32.0,0.005,25.6874,19.2363,1.4095,1.517,3.6772,585,14598.83,3.937,1.75,32.0,0.005,1.3353607502482285,1.75,32.0,0.005,13.1926,8.7742,0.9088,1.3555,1.7833,201,2031.05,1.492,1.5035672767887671,19.44,19.2363,0.9088
1.75,32.0,0.035,25.6874,19.2363,1.4095,1.517,3.6772,585,14598.83,3.937,1.75,32.0,0.035,1.3353607502482285,1.75,32.0,0.035,13.1926,8.7742,0.9088,1.3555,1.7833,201,2031.05,1.492,1.5035672767887671,19.44,19.2363,0.9088
1.75,32.0,0.045,25.6874,19.2363,1.4095,1.517,3.6772,585,14598.83,3.937,1.75,32.0,0.045,1.3353607502482285,1.75,32.0,0.045,13.1926,8.7742,0.9088,1.3555,1.7833,201,2031.05,1.492,1.5035672767887671,19.44,19.2363,0.9088
1.75,32.0,0.03,25.6874,19.2363,1.4095,1.517,3.6772,585,14598.83,3.937,1.75,32.0,0.03,1.3353607502482285,1.75,32.0,0.03,13.1926,8.7742,0.9088,1.3555,1.7833,201,2031.05,1.492,1.5035672767887671,19.44,19.2363,0.9088
1.75,32.0,0.02,25.6874,19.2363,1.4095,1.517,3.6772,585,14598.83,3.937,1.75,32.0,0.02,1.3353607502482285,1.75,32.0,0.02,13.1926,8.7742,0.9088,1.3555,1.7833,201,2031.05,1.492,1.5035672767887671,19.44,19.2363,0.9088
1.75,64.0,0.07,25.132900000000003,19.5583,1.4009,1.5034,3.5481,585,14174.3,3.937,1.75,64.0,0.07,1.2850247720916441,1.75,64.0,0.07,13.5912,8.8784,0.9522,1.372,2.1596,201,2094.32,1.492,1.5308163633087044,19.362050000000004,19.5583,0.9522
1.75,80.0,0.07,25.132900000000003,19.5583,1.4009,1.5034,3.5481,585,14174.3,3.937,1.75,80.0,0.07,1.2850247720916441,1.75,80.0,0.07,13.5912,8.8784,0.9522,1.372,2.1596,201,2094.32,1.492,1.5308163633087044,19.362050000000004,19.5583,0.9522
1.75,32.0,0.07,25.132900000000003,19.5583,1.4009,1.5034,3.5481,585,14174.3,3.937,1.75,32.0,0.07,1.2850247720916441,1.75,32.0,0.07,13.5912,8.8784,0.9522,1.372,2.1596,201,2094.32,1.492,1.5308163633087044,19.362050000000004,19.5583,0.9522
1.75,48.0,0.07,25.132900000000003,19.5583,1.4009,1.5034,3.5481,585,14174.3,3.937,1.75,48.0,0.07,1.2850247720916441,1.75,48.0,0.07,13.5912,8.8784,0.9522,1.372,2.1596,201,2094.32,1.492,1.5308163633087044,19.362050000000004,19.5583,0.9522
1.5,48.0,0.04,24.1858,18.0305,1.4364,1.5292,3.7322,585,13461.91,3.937,1.5,48.0,0.04,1.3413826571642495,1.5,48.0,0.04,14.4882,7.6728,1.0597,1.4323,2.2375,201,2237.1,1.492,1.8882546137003442,19.337,18.0305,1.0597
1.5,64.0,0.04,24.1858,18.0305,1.4364,1.5292,3.7322,585,13461.91,3.937,1.5,64.0,0.04,1.3413826571642495,1.5,64.0,0.04,14.4882,7.6728,1.0597,1.4323,2.2375,201,2237.1,1.492,1.8882546137003442,19.337,18.0305,1.0597
1.5,80.0,0.04,24.1858,18.0305,1.4364,1.5292,3.7322,585,13461.91,3.937,1.5,80.0,0.04,1.3413826571642495,1.5,80.0,0.04,14.4882,7.6728,1.0597,1.4323,2.2375,201,2237.1,1.492,1.8882546137003442,19.337,18.0305,1.0597
1.75,80.0,0.065,25.4878,19.3419,1.4114,1.5105,3.6166,585,14445.39,3.937,1.75,80.0,0.065,1.3177505829313563,1.75,80.0,0.065,13.0888,8.5263,0.9125,1.3558,1.8327,201,2014.59,1.492,1.5351090156339795,19.2883,19.3419,0.9125
1.75,48.0,0.065,25.4878,19.3419,1.4114,1.5105,3.6166,585,14445.39,3.937,1.75,48.0,0.065,1.3177505829313563,1.75,48.0,0.065,13.0888,8.5263,0.9125,1.3558,1.8327,201,2014.59,1.492,1.5351090156339795,19.2883,19.3419,0.9125
1.75,32.0,0.065,25.4878,19.3419,1.4114,1.5105,3.6166,585,14445.39,3.937,1.75,32.0,0.065,1.3177505829313563,1.75,32.0,0.065,13.0888,8.5263,0.9125,1.3558,1.8327,201,2014.59,1.492,1.5351090156339795,19.2883,19.3419,0.9125
1.75,64.0,0.065,25.4878,19.3419,1.4114,1.5105,3.6166,585,14445.39,3.937,1.75,64.0,0.065,1.3177505829313563,1.75,64.0,0.065,13.0888,8.5263,0.9125,1.3558,1.8327,201,2014.59,1.492,1.5351090156339795,19.2883,19.3419,0.9125
1.5,64.0,0.045,24.1538,17.8851,1.4361,1.5311,3.7812,585,13438.14,3.937,1.5,64.0,0.045,1.3504984596116318,1.5,64.0,0.045,13.879,7.5354,1.0307,1.4132,2.2001,201,2140.07,1.492,1.8418398492448973,19.0164,17.8851,1.0307
1.5,48.0,0.045,24.1538,17.8851,1.4361,1.5311,3.7812,585,13438.14,3.937,1.5,48.0,0.045,1.3504984596116318,1.5,48.0,0.045,13.879,7.5354,1.0307,1.4132,2.2001,201,2140.07,1.492,1.8418398492448973,19.0164,17.8851,1.0307
1.5,80.0,0.045,24.1538,17.8851,1.4361,1.5311,3.7812,585,13438.14,3.937,1.5,80.0,0.045,1.3504984596116318,1.5,80.0,0.045,13.879,7.5354,1.0307,1.4132,2.2001,201,2140.07,1.492,1.8418398492448973,19.0164,17.8851,1.0307
1.75,32.0,0.08,25.0268,19.4663,1.4071,1.512,3.5832,585,14093.74,3.937,1.75,32.0,0.08,1.2856475036344863,1.75,32.0,0.08,12.9401,9.2273,0.9208,1.3592,2.0296,201,1991.02,1.492,1.4023712245185482,18.98345,19.4663,0.9208
1.75,64.0,0.08,25.0268,19.4663,1.4071,1.512,3.5832,585,14093.74,3.937,1.75,64.0,0.08,1.2856475036344863,1.75,64.0,0.08,12.9401,9.2273,0.9208,1.3592,2.0296,201,1991.02,1.492,1.4023712245185482,18.98345,19.4663,0.9208
1.75,80.0,0.08,25.0268,19.4663,1.4071,1.512,3.5832,585,14093.74,3.937,1.75,80.0,0.08,1.2856475036344863,1.75,80.0,0.08,12.9401,9.2273,0.9208,1.3592,2.0296,201,1991.02,1.492,1.4023712245185482,18.98345,19.4663,0.9208
1.75,48.0,0.08,25.0268,19.4663,1.4071,1.512,3.5832,585,14093.74,3.937,1.75,48.0,0.08,1.2856475036344863,1.75,48.0,0.08,12.9401,9.2273,0.9208,1.3592,2.0296,201,1991.02,1.492,1.4023712245185482,18.98345,19.4663,0.9208
1.75,80.0,0.075,24.7541,19.4441,1.3892,1.4987,3.5316,585,13887.47,3.937,1.75,80.0,0.075,1.2730905518897764,1.75,80.0,0.075,13.1769,8.9939,0.9324,1.3623,2.0987,201,2028.56,1.492,1.4650930074828494,18.9655,19.4441,0.9324
1.75,64.0,0.075,24.7541,19.4441,1.3892,1.4987,3.5316,585,13887.47,3.937,1.75,64.0,0.075,1.2730905518897764,1.75,64.0,0.075,13.1769,8.9939,0.9324,1.3623,2.0987,201,2028.56,1.492,1.4650930074828494,18.9655,19.4441,0.9324
1.75,48.0,0.075,24.7541,19.4441,1.3892,1.4987,3.5316,585,13887.47,3.937,1.75,48.0,0.075,1.2730905518897764,1.75,48.0,0.075,13.1769,8.9939,0.9324,1.3623,2.0987,201,2028.56,1.492,1.4650930074828494,18.9655,19.4441,0.9324
1.75,32.0,0.075,24.7541,19.4441,1.3892,1.4987,3.5316,585,13887.47,3.937,1.75,32.0,0.075,1.2730905518897764,1.75,32.0,0.075,13.1769,8.9939,0.9324,1.3623,2.0987,201,2028.56,1.492,1.4650930074828494,18.9655,19.4441,0.9324
1.25,80.0,0.025,22.8487,16.3146,1.495,1.557,3.9685,585,12483.05,3.937,1.25,80.0,0.025,1.4005062949750533,1.25,80.0,0.025,14.7867,7.4995,1.1256,1.4999,2.3356,201,2284.74,1.492,1.9716914460964063,18.817700000000002,16.3146,1.1256
1.25,64.0,0.025,22.8487,16.3146,1.495,1.557,3.9685,585,12483.05,3.937,1.25,64.0,0.025,1.4005062949750533,1.25,64.0,0.025,14.7867,7.4995,1.1256,1.4999,2.3356,201,2284.74,1.492,1.9716914460964063,18.817700000000002,16.3146,1.1256
1.5,32.0,0.05,24.1286,17.8668,1.4369,1.5312,3.785,585,13419.39,3.937,1.5,32.0,0.05,1.3504712651398123,1.5,32.0,0.05,13.2073,7.7959,0.9852,1.3903,2.0334,201,2033.38,1.492,1.6941340961274518,18.667949999999998,17.8668,0.9852
1.5,48.0,0.05,24.1286,17.8668,1.4369,1.5312,3.785,585,13419.39,3.937,1.5,48.0,0.05,1.3504712651398123,1.5,48.0,0.05,13.2073,7.7959,0.9852,1.3903,2.0334,201,2033.38,1.492,1.6941340961274518,18.667949999999998,17.8668,0.9852
1.5,80.0,0.05,24.1286,17.8668,1.4369,1.5312,3.785,585,13419.39,3.937,1.5,80.0,0.05,1.3504712651398123,1.5,80.0,0.05,13.2073,7.7959,0.9852,1.3903,2.0334,201,2033.38,1.492,1.6941340961274518,18.667949999999998,17.8668,0.9852
1.5,64.0,0.05,24.1286,17.8668,1.4369,1.5312,3.785,585,13419.39,3.937,1.5,64.0,0.05,1.3504712651398123,1.5,64.0,0.05,13.2073,7.7959,0.9852,1.3903,2.0334,201,2033.38,1.492,1.6941340961274518,18.667949999999998,17.8668,0.9852
2.0,16.0,0.04,26.8183,17.6642,1.5344,1.5638,4.3793,585,15481.84,3.937,2.0,16.0,0.04,1.5182289602699244,2.0,16.0,0.04,10.5062,9.7295,0.7717,1.3188,1.575,201,1607.5,1.492,1.0798293848604759,18.66225,17.6642,0.7717
2.0,16.0,0.07,26.8183,17.6642,1.5344,1.5638,4.3793,585,15481.84,3.937,2.0,16.0,0.07,1.5182289602699244,2.0,16.0,0.07,10.5062,9.7295,0.7717,1.3188,1.575,201,1607.5,1.492,1.0798293848604759,18.66225,17.6642,0.7717
2.0,16.0,0.08,26.8183,17.6642,1.5344,1.5638,4.3793,585,15481.84,3.937,2.0,16.0,0.08,1.5182289602699244,2.0,16.0,0.08,10.5062,9.7295,0.7717,1.3188,1.575,201,1607.5,1.492,1.0798293848604759,18.66225,17.6642,0.7717
2.0,16.0,0.02,26.8183,17.6642,1.5344,1.5638,4.3793,585,15481.84,3.937,2.0,16.0,0.02,1.5182289602699244,2.0,16.0,0.02,10.5062,9.7295,0.7717,1.3188,1.575,201,1607.5,1.492,1.0798293848604759,18.66225,17.6642,0.7717
2.0,16.0,0.06,26.8183,17.6642,1.5344,1.5638,4.3793,585,15481.84,3.937,2.0,16.0,0.06,1.5182289602699244,2.0,16.0,0.06,10.5062,9.7295,0.7717,1.3188,1.575,201,1607.5,1.492,1.0798293848604759,18.66225,17.6642,0.7717
2.0,16.0,0.035,26.8183,17.6642,1.5344,1.5638,4.3793,585,15481.84,3.937,2.0,16.0,0.035,1.5182289602699244,2.0,16.0,0.035,10.5062,9.7295,0.7717,1.3188,1.575,201,1607.5,1.492,1.0798293848604759,18.66225,17.6642,0.7717
2.0,16.0,0.065,26.8183,17.6642,1.5344,1.5638,4.3793,585,15481.84,3.937,2.0,16.0,0.065,1.5182289602699244,2.0,16.0,0.065,10.5062,9.7295,0.7717,1.3188,1.575,201,1607.5,1.492,1.0798293848604759,18.66225,17.6642,0.7717
2.0,16.0,0.055,26.8183,17.6642,1.5344,1.5638,4.3793,585,15481.84,3.937,2.0,16.0,0.055,1.5182289602699244,2.0,16.0,0.055,10.5062,9.7295,0.7717,1.3188,1.575,201,1607.5,1.492,1.0798293848604759,18.66225,17.6642,0.7717
2.0,16.0,0.03,26.8183,17.6642,1.5344,1.5638,4.3793,585,15481.84,3.937,2.0,16.0,0.03,1.5182289602699244,2.0,16.0,0.03,10.5062,9.7295,0.7717,1.3188,1.575,201,1607.5,1.492,1.0798293848604759,18.66225,17.6642,0.7717
2.0,16.0,0.01,26.8183,17.6642,1.5344,1.5638,4.3793,585,15481.84,3.937,2.0,16.0,0.01,1.5182289602699244,2.0,16.0,0.01,10.5062,9.7295,0.7717,1.3188,1.575,201,1607.5,1.492,1.0798293848604759,18.66225,17.6642,0.7717
2.0,16.0,0.005,26.8183,17.6642,1.5344,1.5638,4.3793,585,15481.84,3.937,2.0,16.0,0.005,1.5182289602699244,2.0,16.0,0.005,10.5062,9.7295,0.7717,1.3188,1.575,201,1607.5,1.492,1.0798293848604759,18.66225,17.6642,0.7717
2.0,16.0,0.025,26.8183,17.6642,1.5344,1.5638,4.3793,585,15481.84,3.937,2.0,16.0,0.025,1.5182289602699244,2.0,16.0,0.025,10.5062,9.7295,0.7717,1.3188,1.575,201,1607.5,1.492,1.0798293848604759,18.66225,17.6642,0.7717
2.0,16.0,0.05,26.8183,17.6642,1.5344,1.5638,4.3793,585,15481.84,3.937,2.0,16.0,0.05,1.5182289602699244,2.0,16.0,0.05,10.5062,9.7295,0.7717,1.3188,1.575,201,1607.5,1.492,1.0798293848604759,18.66225,17.6642,0.7717
2.0,16.0,0.015,26.8183,17.6642,1.5344,1.5638,4.3793,585,15481.84,3.937,2.0,16.0,0.015,1.5182289602699244,2.0,16.0,0.015,10.5062,9.7295,0.7717,1.3188,1.575,201,1607.5,1.492,1.0798293848604759,18.66225,17.6642,0.7717
2.0,16.0,0.075,26.8183,17.6642,1.5344,1.5638,4.3793,585,15481.84,3.937,2.0,16.0,0.075,1.5182289602699244,2.0,16.0,0.075,10.5062,9.7295,0.7717,1.3188,1.575,201,1607.5,1.492,1.0798293848604759,18.66225,17.6642,0.7717
2.0,16.0,0.045,26.8183,17.6642,1.5344,1.5638,4.3793,585,15481.84,3.937,2.0,16.0,0.045,1.5182289602699244,2.0,16.0,0.045,10.5062,9.7295,0.7717,1.3188,1.575,201,1607.5,1.492,1.0798293848604759,18.66225,17.6642,0.7717
1.5,32.0,0.01,23.9703,17.8637,1.4256,1.5256,3.7519,585,13302.05,3.937,1.5,32.0,0.01,1.341844074855713,1.5,32.0,0.01,13.246,7.7922,0.9845,1.3914,2.0395,201,2039.52,1.492,1.6999050332383665,18.608150000000002,17.8637,0.9845
1.5,32.0,0.03,23.9703,17.8637,1.4256,1.5256,3.7519,585,13302.05,3.937,1.5,32.0,0.03,1.341844074855713,1.5,32.0,0.03,13.246,7.7922,0.9845,1.3914,2.0395,201,2039.52,1.492,1.6999050332383665,18.608150000000002,17.8637,0.9845
1.5,32.0,0.02,23.9703,17.8637,1.4256,1.5256,3.7519,585,13302.05,3.937,1.5,32.0,0.02,1.341844074855713,1.5,32.0,0.02,13.246,7.7922,0.9845,1.3914,2.0395,201,2039.52,1.492,1.6999050332383665,18.608150000000002,17.8637,0.9845
1.5,32.0,0.005,23.9703,17.8637,1.4256,1.5256,3.7519,585,13302.05,3.937,1.5,32.0,0.005,1.341844074855713,1.5,32.0,0.005,13.246,7.7922,0.9845,1.3914,2.0395,201,2039.52,1.492,1.6999050332383665,18.608150000000002,17.8637,0.9845
1.5,32.0,0.025,23.9703,17.8637,1.4256,1.5256,3.7519,585,13302.05,3.937,1.5,32.0,0.025,1.341844074855713,1.5,32.0,0.025,13.246,7.7922,0.9845,1.3914,2.0395,201,2039.52,1.492,1.6999050332383665,18.608150000000002,17.8637,0.9845
1.5,32.0,0.015,23.9703,17.8637,1.4256,1.5256,3.7519,585,13302.05,3.937,1.5,32.0,0.015,1.341844074855713,1.5,32.0,0.015,13.246,7.7922,0.9845,1.3914,2.0395,201,2039.52,1.492,1.6999050332383665,18.608150000000002,17.8637,0.9845
1.5,32.0,0.045,23.9703,17.8637,1.4256,1.5256,3.7519,585,13302.05,3.937,1.5,32.0,0.045,1.341844074855713,1.5,32.0,0.045,13.246,7.7922,0.9845,1.3914,2.0395,201,2039.52,1.492,1.6999050332383665,18.608150000000002,17.8637,0.9845
1.5,32.0,0.035,23.9703,17.8637,1.4256,1.5256,3.7519,585,13302.05,3.937,1.5,32.0,0.035,1.341844074855713,1.5,32.0,0.035,13.246,7.7922,0.9845,1.3914,2.0395,201,2039.52,1.492,1.6999050332383665,18.608150000000002,17.8637,0.9845
1.5,32.0,0.04,23.9703,17.8637,1.4256,1.5256,3.7519,585,13302.05,3.937,1.5,32.0,0.04,1.341844074855713,1.5,32.0,0.04,13.246,7.7922,0.9845,1.3914,2.0395,201,2039.52,1.492,1.6999050332383665,18.608150000000002,17.8637,0.9845
1.25,48.0,0.025,22.5379,16.3608,1.4784,1.5501,3.9191,585,12259.9,3.937,1.25,48.0,0.025,1.3775548872915748,1.25,48.0,0.025,14.5278,7.3022,1.1159,1.4886,2.3546,201,2243.41,1.492,1.9895100106817123,18.53285,16.3608,1.1159
1.25,48.0,0.015,22.5379,16.3608,1.4784,1.5501,3.9191,585,12259.9,3.937,1.25,48.0,0.015,1.3775548872915748,1.25,48.0,0.015,14.5278,7.3022,1.1159,1.4886,2.3546,201,2243.41,1.492,1.9895100106817123,18.53285,16.3608,1.1159
1.25,48.0,0.01,22.5379,16.3608,1.4784,1.5501,3.9191,585,12259.9,3.937,1.25,48.0,0.01,1.3775548872915748,1.25,48.0,0.01,14.5278,7.3022,1.1159,1.4886,2.3546,201,2243.41,1.492,1.9895100106817123,18.53285,16.3608,1.1159
1.25,48.0,0.005,22.5379,16.3608,1.4784,1.5501,3.9191,585,12259.9,3.937,1.25,48.0,0.005,1.3775548872915748,1.25,48.0,0.005,14.5278,7.3022,1.1159,1.4886,2.3546,201,2243.41,1.492,1.9895100106817123,18.53285,16.3608,1.1159
1.25,48.0,0.02,22.5379,16.3608,1.4784,1.5501,3.9191,585,12259.9,3.937,1.25,48.0,0.02,1.3775548872915748,1.25,48.0,0.02,14.5278,7.3022,1.1159,1.4886,2.3546,201,2243.41,1.492,1.9895100106817123,18.53285,16.3608,1.1159
1.5,80.0,0.055,24.0039,17.9823,1.4391,1.5273,3.7463,585,13326.96,3.937,1.5,80.0,0.055,1.3348626149046565,1.5,80.0,0.055,12.7059,7.9698,0.9553,1.3748,1.9975,201,1953.94,1.492,1.5942558157042837,18.3549,17.9823,0.9553
1.5,64.0,0.055,24.0039,17.9823,1.4391,1.5273,3.7463,585,13326.96,3.937,1.5,64.0,0.055,1.3348626149046565,1.5,64.0,0.055,12.7059,7.9698,0.9553,1.3748,1.9975,201,1953.94,1.492,1.5942558157042837,18.3549,17.9823,0.9553
1.5,48.0,0.055,24.0039,17.9823,1.4391,1.5273,3.7463,585,13326.96,3.937,1.5,48.0,0.055,1.3348626149046565,1.5,48.0,0.055,12.7059,7.9698,0.9553,1.3748,1.9975,201,1953.94,1.492,1.5942558157042837,18.3549,17.9823,0.9553
1.5,32.0,0.055,24.0039,17.9823,1.4391,1.5273,3.7463,585,13326.96,3.937,1.5,32.0,0.055,1.3348626149046565,1.5,32.0,0.055,12.7059,7.9698,0.9553,1.3748,1.9975,201,1953.94,1.492,1.5942558157042837,18.3549,17.9823,0.9553
1.0,80.0,0.005,21.4517,14.7545,1.5301,1.5832,4.1503,585,11493.11,3.937,1.0,80.0,0.005,1.4539089769222948,1.0,80.0,0.005,15.1618,8.9864,1.1821,1.6095,2.5347,201,2344.68,1.492,1.6871939820172706,18.30675,14.7545,1.1821
1.0,80.0,0.01,21.4517,14.7545,1.5301,1.5832,4.1503,585,11493.11,3.937,1.0,80.0,0.01,1.4539089769222948,1.0,80.0,0.01,15.1618,8.9864,1.1821,1.6095,2.5347,201,2344.68,1.492,1.6871939820172706,18.30675,14.7545,1.1821
1.25,80.0,0.03,22.5387,16.3603,1.4749,1.5505,3.9193,585,12260.48,3.937,1.25,80.0,0.03,1.3776458866891195,1.25,80.0,0.03,13.9024,7.3548,1.0957,1.4634,2.2522,201,2143.8,1.492,1.8902485451677815,18.22055,16.3603,1.0957
1.25,64.0,0.03,22.5387,16.3603,1.4749,1.5505,3.9193,585,12260.48,3.937,1.25,64.0,0.03,1.3776458866891195,1.25,64.0,0.03,13.9024,7.3548,1.0957,1.4634,2.2522,201,2143.8,1.492,1.8902485451677815,18.22055,16.3603,1.0957
1.5,32.0,0.06,23.6501,18.0426,1.4278,1.5197,3.6851,585,13066.03,3.937,1.5,32.0,0.06,1.3107922361522175,1.5,32.0,0.06,12.695,7.9927,0.9585,1.3759,2.0265,201,1952.22,1.492,1.5883243459656937,18.17255,18.0426,0.9585
1.5,64.0,0.06,23.6501,18.0426,1.4278,1.5197,3.6851,585,13066.03,3.937,1.5,64.0,0.06,1.3107922361522175,1.5,64.0,0.06,12.695,7.9927,0.9585,1.3759,2.0265,201,1952.22,1.492,1.5883243459656937,18.17255,18.0426,0.9585
1.5,80.0,0.06,23.6501,18.0426,1.4278,1.5197,3.6851,585,13066.03,3.937,1.5,80.0,0.06,1.3107922361522175,1.5,80.0,0.06,12.695,7.9927,0.9585,1.3759,2.0265,201,1952.22,1.492,1.5883243459656937,18.17255,18.0426,0.9585
1.5,48.0,0.06,23.6501,18.0426,1.4278,1.5197,3.6851,585,13066.03,3.937,1.5,48.0,0.06,1.3107922361522175,1.5,48.0,0.06,12.695,7.9927,0.9585,1.3759,2.0265,201,1952.22,1.492,1.5883243459656937,18.17255,18.0426,0.9585
1.5,48.0,0.065,23.2545,17.8597,1.4148,1.5121,3.6956,585,12776.84,3.937,1.5,48.0,0.065,1.3020655442140685,1.5,48.0,0.065,13.0889,8.2617,0.9968,1.3923,2.3049,201,2014.6,1.492,1.5842865269859716,18.1717,17.8597,0.9968
1.5,64.0,0.065,23.2545,17.8597,1.4148,1.5121,3.6956,585,12776.84,3.937,1.5,64.0,0.065,1.3020655442140685,1.5,64.0,0.065,13.0889,8.2617,0.9968,1.3923,2.3049,201,2014.6,1.492,1.5842865269859716,18.1717,17.8597,0.9968
1.5,32.0,0.065,23.2545,17.8597,1.4148,1.5121,3.6956,585,12776.84,3.937,1.5,32.0,0.065,1.3020655442140685,1.5,32.0,0.065,13.0889,8.2617,0.9968,1.3923,2.3049,201,2014.6,1.492,1.5842865269859716,18.1717,17.8597,0.9968
1.5,80.0,0.065,23.2545,17.8597,1.4148,1.5121,3.6956,585,12776.84,3.937,1.5,80.0,0.065,1.3020655442140685,1.5,80.0,0.065,13.0889,8.2617,0.9968,1.3923,2.3049,201,2014.6,1.492,1.5842865269859716,18.1717,17.8597,0.9968
1.0,64.0,0.01,20.9529,14.7939,1.5187,1.5757,4.0929,585,11147.67,3.937,1.0,64.0,0.01,1.4163202400989596,1.0,64.0,0.01,15.1618,8.9864,1.1821,1.6095,2.5347,201,2344.68,1.492,1.6871939820172706,18.05735,14.7939,1.1821
1.0,64.0,0.005,20.9529,14.7939,1.5187,1.5757,4.0929,585,11147.67,3.937,1.0,64.0,0.005,1.4163202400989596,1.0,64.0,0.005,15.1618,8.9864,1.1821,1.6095,2.5347,201,2344.68,1.492,1.6871939820172706,18.05735,14.7939,1.1821
1.0,64.0,0.015,20.9529,14.7939,1.5187,1.5757,4.0929,585,11147.67,3.937,1.0,64.0,0.015,1.4163202400989596,1.0,64.0,0.015,15.1618,8.9864,1.1821,1.6095,2.5347,201,2344.68,1.492,1.6871939820172706,18.05735,14.7939,1.1821
1.75,16.0,0.01,25.6291,16.9228,1.5458,1.5756,4.4148,585,14553.91,3.937,1.75,16.0,0.01,1.514471600444371,1.75,16.0,0.01,10.4841,9.2181,0.8113,1.3294,1.658,201,1604.03,1.492,1.1373384970872522,18.0566,16.9228,0.8113
1.75,16.0,0.03,25.6291,16.9228,1.5458,1.5756,4.4148,585,14553.91,3.937,1.75,16.0,0.03,1.514471600444371,1.75,16.0,0.03,10.4841,9.2181,0.8113,1.3294,1.658,201,1604.03,1.492,1.1373384970872522,18.0566,16.9228,0.8113
1.75,16.0,0.005,25.6291,16.9228,1.5458,1.5756,4.4148,585,14553.91,3.937,1.75,16.0,0.005,1.514471600444371,1.75,16.0,0.005,10.4841,9.2181,0.8113,1.3294,1.658,201,1604.03,1.492,1.1373384970872522,18.0566,16.9228,0.8113
1.75,16.0,0.035,25.6291,16.9228,1.5458,1.5756,4.4148,585,14553.91,3.937,1.75,16.0,0.035,1.514471600444371,1.75,16.0,0.035,10.4841,9.2181,0.8113,1.3294,1.658,201,1604.03,1.492,1.1373384970872522,18.0566,16.9228,0.8113
1.75,16.0,0.025,25.6291,16.9228,1.5458,1.5756,4.4148,585,14553.91,3.937,1.75,16.0,0.025,1.514471600444371,1.75,16.0,0.025,10.4841,9.2181,0.8113,1.3294,1.658,201,1604.03,1.492,1.1373384970872522,18.0566,16.9228,0.8113
1.75,16.0,0.055,25.6291,16.9228,1.5458,1.5756,4.4148,585,14553.91,3.937,1.75,16.0,0.055,1.514471600444371,1.75,16.0,0.055,10.4841,9.2181,0.8113,1.3294,1.658,201,1604.03,1.492,1.1373384970872522,18.0566,16.9228,0.8113
1.75,16.0,0.02,25.6291,16.9228,1.5458,1.5756,4.4148,585,14553.91,3.937,1.75,16.0,0.02,1.514471600444371,1.75,16.0,0.02,10.4841,9.2181,0.8113,1.3294,1.658,201,1604.03,1.492,1.1373384970872522,18.0566,16.9228,0.8113
1.75,16.0,0.015,25.6291,16.9228,1.5458,1.5756,4.4148,585,14553.91,3.937,1.75,16.0,0.015,1.514471600444371,1.75,16.0,0.015,10.4841,9.2181,0.8113,1.3294,1.658,201,1604.03,1.492,1.1373384970872522,18.0566,16.9228,0.8113
1.75,16.0,0.045,25.6291,16.9228,1.5458,1.5756,4.4148,585,14553.91,3.937,1.75,16.0,0.045,1.514471600444371,1.75,16.0,0.045,10.4841,9.2181,0.8113,1.3294,1.658,201,1604.03,1.492,1.1373384970872522,18.0566,16.9228,0.8113
1.75,16.0,0.06,25.6291,16.9228,1.5458,1.5756,4.4148,585,14553.91,3.937,1.75,16.0,0.06,1.514471600444371,1.75,16.0,0.06,10.4841,9.2181,0.8113,1.3294,1.658,201,1604.03,1.492,1.1373384970872522,18.0566,16.9228,0.8113
1.75,16.0,0.05,25.6291,16.9228,1.5458,1.5756,4.4148,585,14553.91,3.937,1.75,16.0,0.05,1.514471600444371,1.75,16.0,0.05,10.4841,9.2181,0.8113,1.3294,1.658,201,1604.03,1.492,1.1373384970872522,18.0566,16.9228,0.8113
1.75,16.0,0.04,25.6291,16.9228,1.5458,1.5756,4.4148,585,14553.91,3.937,1.75,16.0,0.04,1.514471600444371,1.75,16.0,0.04,10.4841,9.2181,0.8113,1.3294,1.658,201,1604.03,1.492,1.1373384970872522,18.0566,16.9228,0.8113
1.75,16.0,0.08,25.6291,16.9228,1.5458,1.5756,4.4148,585,14553.91,3.937,1.75,16.0,0.08,1.514471600444371,1.75,16.0,0.08,10.4841,9.2181,0.8113,1.3294,1.658,201,1604.03,1.492,1.1373384970872522,18.0566,16.9228,0.8113
1.75,16.0,0.07,25.6291,16.9228,1.5458,1.5756,4.4148,585,14553.91,3.937,1.75,16.0,0.07,1.514471600444371,1.75,16.0,0.07,10.4841,9.2181,0.8113,1.3294,1.658,201,1604.03,1.492,1.1373384970872522,18.0566,16.9228,0.8113
1.75,16.0,0.075,25.6291,16.9228,1.5458,1.5756,4.4148,585,14553.91,3.937,1.75,16.0,0.075,1.514471600444371,1.75,16.0,0.075,10.4841,9.2181,0.8113,1.3294,1.658,201,1604.03,1.492,1.1373384970872522,18.0566,16.9228,0.8113
1.75,16.0,0.065,25.6291,16.9228,1.5458,1.5756,4.4148,585,14553.91,3.937,1.75,16.0,0.065,1.514471600444371,1.75,16.0,0.065,10.4841,9.2181,0.8113,1.3294,1.658,201,1604.03,1.492,1.1373384970872522,18.0566,16.9228,0.8113
1.0,80.0,0.015,20.8733,14.7957,1.5057,1.57,4.0653,585,11092.97,3.937,1.0,80.0,0.015,1.410767993403489,1.0,80.0,0.015,15.1618,8.9864,1.1821,1.6095,2.5347,201,2344.68,1.492,1.6871939820172706,18.01755,14.7957,1.1821
1.5,32.0,0.08,23.7697,17.6546,1.4644,1.5423,3.869,585,13153.93,3.937,1.5,32.0,0.08,1.346374316042278,1.5,32.0,0.08,12.1584,8.7913,0.9491,1.3733,2.016,201,1867.39,1.492,1.3830036513371176,17.96405,17.6546,0.9491
1.5,80.0,0.08,23.7697,17.6546,1.4644,1.5423,3.869,585,13153.93,3.937,1.5,80.0,0.08,1.346374316042278,1.5,80.0,0.08,12.1584,8.7913,0.9491,1.3733,2.016,201,1867.39,1.492,1.3830036513371176,17.96405,17.6546,0.9491
1.5,64.0,0.08,23.7697,17.6546,1.4644,1.5423,3.869,585,13153.93,3.937,1.5,64.0,0.08,1.346374316042278,1.5,64.0,0.08,12.1584,8.7913,0.9491,1.3733,2.016,201,1867.39,1.492,1.3830036513371176,17.96405,17.6546,0.9491
1.5,48.0,0.08,23.7697,17.6546,1.4644,1.5423,3.869,585,13153.93,3.937,1.5,48.0,0.08,1.346374316042278,1.5,48.0,0.08,12.1584,8.7913,0.9491,1.3733,2.016,201,1867.39,1.492,1.3830036513371176,17.96405,17.6546,0.9491
1.5,64.0,0.075,23.1694,18.1364,1.4198,1.5203,3.6461,585,12715.0,3.937,1.5,64.0,0.075,1.277508215522375,1.5,64.0,0.075,12.4256,8.445,0.9599,1.3752,2.1437,201,1909.6,1.492,1.4713558318531674,17.7975,18.1364,0.9599
1.5,48.0,0.075,23.1694,18.1364,1.4198,1.5203,3.6461,585,12715.0,3.937,1.5,48.0,0.075,1.277508215522375,1.5,48.0,0.075,12.4256,8.445,0.9599,1.3752,2.1437,201,1909.6,1.492,1.4713558318531674,17.7975,18.1364,0.9599
1.5,80.0,0.075,23.1694,18.1364,1.4198,1.5203,3.6461,585,12715.0,3.937,1.5,80.0,0.075,1.277508215522375,1.5,80.0,0.075,12.4256,8.445,0.9599,1.3752,2.1437,201,1909.6,1.492,1.4713558318531674,17.7975,18.1364,0.9599
1.5,32.0,0.075,23.1694,18.1364,1.4198,1.5203,3.6461,585,12715.0,3.937,1.5,32.0,0.075,1.277508215522375,1.5,32.0,0.075,12.4256,8.445,0.9599,1.3752,2.1437,201,1909.6,1.492,1.4713558318531674,17.7975,18.1364,0.9599
1.25,64.0,0.035,22.1321,16.2721,1.4527,1.5419,3.8953,585,11971.09,3.937,1.25,64.0,0.035,1.3601256137806432,1.25,64.0,0.035,13.281299999999998,6.9742,1.0757,1.4417,2.2965,201,2045.12,1.492,1.9043474520375094,17.706699999999998,16.2721,1.0757
1.25,80.0,0.035,22.1321,16.2721,1.4527,1.5419,3.8953,585,11971.09,3.937,1.25,80.0,0.035,1.3601256137806432,1.25,80.0,0.035,13.281299999999998,6.9742,1.0757,1.4417,2.2965,201,2045.12,1.492,1.9043474520375094,17.706699999999998,16.2721,1.0757
1.25,48.0,0.035,22.1321,16.2721,1.4527,1.5419,3.8953,585,11971.09,3.937,1.25,48.0,0.035,1.3601256137806432,1.25,48.0,0.035,13.281299999999998,6.9742,1.0757,1.4417,2.2965,201,2045.12,1.492,1.9043474520375094,17.706699999999998,16.2721,1.0757
1.5,80.0,0.07,22.8355,18.1271,1.3977,1.5007,3.5692,585,12473.48,3.937,1.5,80.0,0.07,1.2597436986611208,1.5,80.0,0.07,12.2529,8.5905,0.9418,1.3661,2.0749,201,1882.32,1.492,1.4263314126069495,17.5442,18.1271,0.9418
1.5,64.0,0.07,22.8355,18.1271,1.3977,1.5007,3.5692,585,12473.48,3.937,1.5,64.0,0.07,1.2597436986611208,1.5,64.0,0.07,12.2529,8.5905,0.9418,1.3661,2.0749,201,1882.32,1.492,1.4263314126069495,17.5442,18.1271,0.9418
1.5,48.0,0.07,22.8355,18.1271,1.3977,1.5007,3.5692,585,12473.48,3.937,1.5,48.0,0.07,1.2597436986611208,1.5,48.0,0.07,12.2529,8.5905,0.9418,1.3661,2.0749,201,1882.32,1.492,1.4263314126069495,17.5442,18.1271,0.9418
1.5,32.0,0.07,22.8355,18.1271,1.3977,1.5007,3.5692,585,12473.48,3.937,1.5,32.0,0.07,1.2597436986611208,1.5,32.0,0.07,12.2529,8.5905,0.9418,1.3661,2.0749,201,1882.32,1.492,1.4263314126069495,17.5442,18.1271,0.9418
1.5,16.0,0.01,24.2527,16.2663,1.5591,1.5835,4.3645,585,13511.76,3.937,1.5,16.0,0.01,1.4909782802481204,1.5,16.0,0.01,10.8153,8.7416,0.8814,1.3547,1.8052,201,1655.98,1.492,1.2372220188523841,17.534,16.2663,0.8814
1.5,16.0,0.05,24.2527,16.2663,1.5591,1.5835,4.3645,585,13511.76,3.937,1.5,16.0,0.05,1.4909782802481204,1.5,16.0,0.05,10.8153,8.7416,0.8814,1.3547,1.8052,201,1655.98,1.492,1.2372220188523841,17.534,16.2663,0.8814
1.5,16.0,0.055,24.2527,16.2663,1.5591,1.5835,4.3645,585,13511.76,3.937,1.5,16.0,0.055,1.4909782802481204,1.5,16.0,0.055,10.8153,8.7416,0.8814,1.3547,1.8052,201,1655.98,1.492,1.2372220188523841,17.534,16.2663,0.8814
1.5,16.0,0.025,24.2527,16.2663,1.5591,1.5835,4.3645,585,13511.76,3.937,1.5,16.0,0.025,1.4909782802481204,1.5,16.0,0.025,10.8153,8.7416,0.8814,1.3547,1.8052,201,1655.98,1.492,1.2372220188523841,17.534,16.2663,0.8814
1.5,16.0,0.03,24.2527,16.2663,1.5591,1.5835,4.3645,585,13511.76,3.937,1.5,16.0,0.03,1.4909782802481204,1.5,16.0,0.03,10.8153,8.7416,0.8814,1.3547,1.8052,201,1655.98,1.492,1.2372220188523841,17.534,16.2663,0.8814
1.5,16.0,0.005,24.2527,16.2663,1.5591,1.5835,4.3645,585,13511.76,3.937,1.5,16.0,0.005,1.4909782802481204,1.5,16.0,0.005,10.8153,8.7416,0.8814,1.3547,1.8052,201,1655.98,1.492,1.2372220188523841,17.534,16.2663,0.8814
1.5,16.0,0.02,24.2527,16.2663,1.5591,1.5835,4.3645,585,13511.76,3.937,1.5,16.0,0.02,1.4909782802481204,1.5,16.0,0.02,10.8153,8.7416,0.8814,1.3547,1.8052,201,1655.98,1.492,1.2372220188523841,17.534,16.2663,0.8814
1.5,16.0,0.035,24.2527,16.2663,1.5591,1.5835,4.3645,585,13511.76,3.937,1.5,16.0,0.035,1.4909782802481204,1.5,16.0,0.035,10.8153,8.7416,0.8814,1.3547,1.8052,201,1655.98,1.492,1.2372220188523841,17.534,16.2663,0.8814
1.5,16.0,0.07,24.2527,16.2663,1.5591,1.5835,4.3645,585,13511.76,3.937,1.5,16.0,0.07,1.4909782802481204,1.5,16.0,0.07,10.8153,8.7416,0.8814,1.3547,1.8052,201,1655.98,1.492,1.2372220188523841,17.534,16.2663,0.8814
1.5,16.0,0.015,24.2527,16.2663,1.5591,1.5835,4.3645,585,13511.76,3.937,1.5,16.0,0.015,1.4909782802481204,1.5,16.0,0.015,10.8153,8.7416,0.8814,1.3547,1.8052,201,1655.98,1.492,1.2372220188523841,17.534,16.2663,0.8814
1.5,16.0,0.04,24.2527,16.2663,1.5591,1.5835,4.3645,585,13511.76,3.937,1.5,16.0,0.04,1.4909782802481204,1.5,16.0,0.04,10.8153,8.7416,0.8814,1.3547,1.8052,201,1655.98,1.492,1.2372220188523841,17.534,16.2663,0.8814
1.5,16.0,0.075,24.2527,16.2663,1.5591,1.5835,4.3645,585,13511.76,3.937,1.5,16.0,0.075,1.4909782802481204,1.5,16.0,0.075,10.8153,8.7416,0.8814,1.3547,1.8052,201,1655.98,1.492,1.2372220188523841,17.534,16.2663,0.8814
1.5,16.0,0.065,24.2527,16.2663,1.5591,1.5835,4.3645,585,13511.76,3.937,1.5,16.0,0.065,1.4909782802481204,1.5,16.0,0.065,10.8153,8.7416,0.8814,1.3547,1.8052,201,1655.98,1.492,1.2372220188523841,17.534,16.2663,0.8814
1.5,16.0,0.08,24.2527,16.2663,1.5591,1.5835,4.3645,585,13511.76,3.937,1.5,16.0,0.08,1.4909782802481204,1.5,16.0,0.08,10.8153,8.7416,0.8814,1.3547,1.8052,201,1655.98,1.492,1.2372220188523841,17.534,16.2663,0.8814
1.5,16.0,0.06,24.2527,16.2663,1.5591,1.5835,4.3645,585,13511.76,3.937,1.5,16.0,0.06,1.4909782802481204,1.5,16.0,0.06,10.8153,8.7416,0.8814,1.3547,1.8052,201,1655.98,1.492,1.2372220188523841,17.534,16.2663,0.8814
1.25,32.0,0.005,21.8487,16.3565,1.4403,1.5383,3.855,585,11771.08,3.937,1.25,32.0,0.005,1.3357808822180786,1.25,32.0,0.005,12.3616,7.1599,1.0077,1.4076,2.0984,201,1899.5,1.492,1.7265045601195546,17.105150000000002,16.3565,1.0077
1.25,32.0,0.03,21.8487,16.3565,1.4403,1.5383,3.855,585,11771.08,3.937,1.25,32.0,0.03,1.3357808822180786,1.25,32.0,0.03,12.3616,7.1599,1.0077,1.4076,2.0984,201,1899.5,1.492,1.7265045601195546,17.105150000000002,16.3565,1.0077
1.25,32.0,0.035,21.8487,16.3565,1.4403,1.5383,3.855,585,11771.08,3.937,1.25,32.0,0.035,1.3357808822180786,1.25,32.0,0.035,12.3616,7.1599,1.0077,1.4076,2.0984,201,1899.5,1.492,1.7265045601195546,17.105150000000002,16.3565,1.0077
1.25,32.0,0.02,21.8487,16.3565,1.4403,1.5383,3.855,585,11771.08,3.937,1.25,32.0,0.02,1.3357808822180786,1.25,32.0,0.02,12.3616,7.1599,1.0077,1.4076,2.0984,201,1899.5,1.492,1.7265045601195546,17.105150000000002,16.3565,1.0077
1.25,32.0,0.025,21.8487,16.3565,1.4403,1.5383,3.855,585,11771.08,3.937,1.25,32.0,0.025,1.3357808822180786,1.25,32.0,0.025,12.3616,7.1599,1.0077,1.4076,2.0984,201,1899.5,1.492,1.7265045601195546,17.105150000000002,16.3565,1.0077
1.25,32.0,0.015,21.8487,16.3565,1.4403,1.5383,3.855,585,11771.08,3.937,1.25,32.0,0.015,1.3357808822180786,1.25,32.0,0.015,12.3616,7.1599,1.0077,1.4076,2.0984,201,1899.5,1.492,1.7265045601195546,17.105150000000002,16.3565,1.0077
1.25,32.0,0.01,21.8487,16.3565,1.4403,1.5383,3.855,585,11771.08,3.937,1.25,32.0,0.01,1.3357808822180786,1.25,32.0,0.01,12.3616,7.1599,1.0077,1.4076,2.0984,201,1899.5,1.492,1.7265045601195546,17.105150000000002,16.3565,1.0077
1.25,80.0,0.04,21.8487,16.3565,1.4403,1.5383,3.855,585,11771.08,3.937,1.25,80.0,0.04,1.3357808822180786,1.25,80.0,0.04,12.3215,7.0654,1.0075,1.4071,2.1226,201,1893.16,1.492,1.7439210801936196,17.0851,16.3565,1.0075
1.25,32.0,0.04,21.8487,16.3565,1.4403,1.5383,3.855,585,11771.08,3.937,1.25,32.0,0.04,1.3357808822180786,1.25,32.0,0.04,12.3215,7.0654,1.0075,1.4071,2.1226,201,1893.16,1.492,1.7439210801936196,17.0851,16.3565,1.0075
1.25,64.0,0.04,21.8487,16.3565,1.4403,1.5383,3.855,585,11771.08,3.937,1.25,64.0,0.04,1.3357808822180786,1.25,64.0,0.04,12.3215,7.0654,1.0075,1.4071,2.1226,201,1893.16,1.492,1.7439210801936196,17.0851,16.3565,1.0075
1.25,48.0,0.04,21.8487,16.3565,1.4403,1.5383,3.855,585,11771.08,3.937,1.25,48.0,0.04,1.3357808822180786,1.25,48.0,0.04,12.3215,7.0654,1.0075,1.4071,2.1226,201,1893.16,1.492,1.7439210801936196,17.0851,16.3565,1.0075
1.0,80.0,0.02,20.544,14.7112,1.5099,1.569,4.0598,585,10867.6,3.937,1.0,80.0,0.02,1.3964870302898473,1.0,80.0,0.02,13.6165,7.4995,1.1396,1.5316,2.4643,201,2098.33,1.492,1.8156543769584639,17.08025,14.7112,1.1396
1.0,64.0,0.02,20.544,14.7112,1.5099,1.569,4.0598,585,10867.6,3.937,1.0,64.0,0.02,1.3964870302898473,1.0,64.0,0.02,13.6165,7.4995,1.1396,1.5316,2.4643,201,2098.33,1.492,1.8156543769584639,17.08025,14.7112,1.1396
1.0,48.0,0.015,20.5816,14.635,1.5146,1.5709,4.0975,585,10893.26,3.937,1.0,48.0,0.015,1.4063272975743084,1.0,48.0,0.015,13.2078,7.201,1.1185,1.5106,2.3547,201,2033.46,1.492,1.8341619219552843,16.8947,14.635,1.1185
1.0,48.0,0.005,20.5816,14.635,1.5146,1.5709,4.0975,585,10893.26,3.937,1.0,48.0,0.005,1.4063272975743084,1.0,48.0,0.005,13.2078,7.201,1.1185,1.5106,2.3547,201,2033.46,1.492,1.8341619219552843,16.8947,14.635,1.1185
1.0,48.0,0.01,20.5816,14.635,1.5146,1.5709,4.0975,585,10893.26,3.937,1.0,48.0,0.01,1.4063272975743084,1.0,48.0,0.01,13.2078,7.201,1.1185,1.5106,2.3547,201,2033.46,1.492,1.8341619219552843,16.8947,14.635,1.1185
1.0,48.0,0.02,20.5816,14.635,1.5146,1.5709,4.0975,585,10893.26,3.937,1.0,48.0,0.02,1.4063272975743084,1.0,48.0,0.02,13.2078,7.201,1.1185,1.5106,2.3547,201,2033.46,1.492,1.8341619219552843,16.8947,14.635,1.1185
1.25,48.0,0.045,21.8488,16.3564,1.4408,1.5377,3.855,585,11771.1,3.937,1.25,48.0,0.045,1.3357951627497493,1.25,48.0,0.045,11.7488,7.1282,0.9658,1.3853,2.0154,201,1802.78,1.492,1.6482141354058528,16.7988,16.3564,0.9658
1.25,64.0,0.045,21.8488,16.3564,1.4408,1.5377,3.855,585,11771.1,3.937,1.25,64.0,0.045,1.3357951627497493,1.25,64.0,0.045,11.7488,7.1282,0.9658,1.3853,2.0154,201,1802.78,1.492,1.6482141354058528,16.7988,16.3564,0.9658
1.25,32.0,0.045,21.8488,16.3564,1.4408,1.5377,3.855,585,11771.1,3.937,1.25,32.0,0.045,1.3357951627497493,1.25,32.0,0.045,11.7488,7.1282,0.9658,1.3853,2.0154,201,1802.78,1.492,1.6482141354058528,16.7988,16.3564,0.9658
1.25,80.0,0.045,21.8488,16.3564,1.4408,1.5377,3.855,585,11771.1,3.937,1.25,80.0,0.045,1.3357951627497493,1.25,80.0,0.045,11.7488,7.1282,0.9658,1.3853,2.0154,201,1802.78,1.492,1.6482141354058528,16.7988,16.3564,0.9658
1.25,32.0,0.05,21.729000000000003,16.3052,1.4421,1.5333,3.8323,585,11686.99,3.937,1.25,32.0,0.05,1.3326423472266518,1.25,32.0,0.05,11.5389,7.2977,0.9535,1.3791,2.0143,201,1769.73,1.492,1.581169409539992,16.633950000000002,16.3052,0.9535
1.25,80.0,0.05,21.729000000000003,16.3052,1.4421,1.5333,3.8323,585,11686.99,3.937,1.25,80.0,0.05,1.3326423472266518,1.25,80.0,0.05,11.5389,7.2977,0.9535,1.3791,2.0143,201,1769.73,1.492,1.581169409539992,16.633950000000002,16.3052,0.9535
1.25,64.0,0.05,21.729000000000003,16.3052,1.4421,1.5333,3.8323,585,11686.99,3.937,1.25,64.0,0.05,1.3326423472266518,1.25,64.0,0.05,11.5389,7.2977,0.9535,1.3791,2.0143,201,1769.73,1.492,1.581169409539992,16.633950000000002,16.3052,0.9535
1.25,48.0,0.05,21.729000000000003,16.3052,1.4421,1.5333,3.8323,585,11686.99,3.937,1.25,48.0,0.05,1.3326423472266518,1.25,48.0,0.05,11.5389,7.2977,0.9535,1.3791,2.0143,201,1769.73,1.492,1.581169409539992,16.633950000000002,16.3052,0.9535
1.25,80.0,0.055,21.5237,16.4038,1.4402,1.5298,3.7964,585,11543.33,3.937,1.25,80.0,0.055,1.312116704665992,1.25,80.0,0.055,11.6205,7.3249,0.9689,1.3848,2.0742,201,1782.58,1.492,1.5864380401097624,16.5721,16.4038,0.9689
1.25,48.0,0.055,21.5237,16.4038,1.4402,1.5298,3.7964,585,11543.33,3.937,1.25,48.0,0.055,1.312116704665992,1.25,48.0,0.055,11.6205,7.3249,0.9689,1.3848,2.0742,201,1782.58,1.492,1.5864380401097624,16.5721,16.4038,0.9689
1.25,32.0,0.055,21.5237,16.4038,1.4402,1.5298,3.7964,585,11543.33,3.937,1.25,32.0,0.055,1.312116704665992,1.25,32.0,0.055,11.6205,7.3249,0.9689,1.3848,2.0742,201,1782.58,1.492,1.5864380401097624,16.5721,16.4038,0.9689
1.25,64.0,0.055,21.5237,16.4038,1.4402,1.5298,3.7964,585,11543.33,3.937,1.25,64.0,0.055,1.312116704665992,1.25,64.0,0.055,11.6205,7.3249,0.9689,1.3848,2.0742,201,1782.58,1.492,1.5864380401097624,16.5721,16.4038,0.9689
1.25,64.0,0.06,20.9979,16.4821,1.4171,1.512,3.687,585,11178.64,3.937,1.25,64.0,0.06,1.273982077526529,1.25,64.0,0.06,11.6204,7.4663,0.9782,1.3858,2.2127,201,1782.56,1.492,1.5563800008036108,16.309150000000002,16.4821,0.9782
1.25,48.0,0.06,20.9979,16.4821,1.4171,1.512,3.687,585,11178.64,3.937,1.25,48.0,0.06,1.273982077526529,1.25,48.0,0.06,11.6204,7.4663,0.9782,1.3858,2.2127,201,1782.56,1.492,1.5563800008036108,16.309150000000002,16.4821,0.9782
1.25,80.0,0.06,20.9979,16.4821,1.4171,1.512,3.687,585,11178.64,3.937,1.25,80.0,0.06,1.273982077526529,1.25,80.0,0.06,11.6204,7.4663,0.9782,1.3858,2.2127,201,1782.56,1.492,1.5563800008036108,16.309150000000002,16.4821,0.9782
1.25,32.0,0.06,20.9979,16.4821,1.4171,1.512,3.687,585,11178.64,3.937,1.25,32.0,0.06,1.273982077526529,1.25,32.0,0.06,11.6204,7.4663,0.9782,1.3858,2.2127,201,1782.56,1.492,1.5563800008036108,16.309150000000002,16.4821,0.9782
1.25,80.0,0.065,21.1917,16.6999,1.4353,1.5199,3.664,585,11312.53,3.937,1.25,80.0,0.065,1.268971670489045,1.25,80.0,0.065,11.2396,7.8083,0.9499,1.3753,2.0979,201,1722.63,1.492,1.4394426443656108,16.21565,16.6999,0.9499
1.25,64.0,0.065,21.1917,16.6999,1.4353,1.5199,3.664,585,11312.53,3.937,1.25,64.0,0.065,1.268971670489045,1.25,64.0,0.065,11.2396,7.8083,0.9499,1.3753,2.0979,201,1722.63,1.492,1.4394426443656108,16.21565,16.6999,0.9499
1.25,48.0,0.065,21.1917,16.6999,1.4353,1.5199,3.664,585,11312.53,3.937,1.25,48.0,0.065,1.268971670489045,1.25,48.0,0.065,11.2396,7.8083,0.9499,1.3753,2.0979,201,1722.63,1.492,1.4394426443656108,16.21565,16.6999,0.9499
1.25,32.0,0.065,21.1917,16.6999,1.4353,1.5199,3.664,585,11312.53,3.937,1.25,32.0,0.065,1.268971670489045,1.25,32.0,0.065,11.2396,7.8083,0.9499,1.3753,2.0979,201,1722.63,1.492,1.4394426443656108,16.21565,16.6999,0.9499
1.0,64.0,0.025,19.8031,14.6704,1.4696,1.553,3.9711,585,10367.19,3.937,1.0,64.0,0.025,1.3498677609335805,1.0,64.0,0.025,12.545,6.6663,1.1064,1.4797,2.2905,201,1928.49,1.492,1.881853501942607,16.17405,14.6704,1.1064
1.0,80.0,0.025,19.8031,14.6704,1.4696,1.553,3.9711,585,10367.19,3.937,1.0,80.0,0.025,1.3498677609335805,1.0,80.0,0.025,12.545,6.6663,1.1064,1.4797,2.2905,201,1928.49,1.492,1.881853501942607,16.17405,14.6704,1.1064
1.0,48.0,0.025,19.8031,14.6704,1.4696,1.553,3.9711,585,10367.19,3.937,1.0,48.0,0.025,1.3498677609335805,1.0,48.0,0.025,12.545,6.6663,1.1064,1.4797,2.2905,201,1928.49,1.492,1.881853501942607,16.17405,14.6704,1.1064
1.25,80.0,0.07,21.2707,16.6181,1.4447,1.5357,3.7542,585,11367.26,3.937,1.25,80.0,0.07,1.279971837935745,1.25,80.0,0.07,10.6306,8.0205,0.9123,1.3579,1.9307,201,1626.99,1.492,1.3254285892400721,15.95065,16.6181,0.9123
1.25,48.0,0.07,21.2707,16.6181,1.4447,1.5357,3.7542,585,11367.26,3.937,1.25,48.0,0.07,1.279971837935745,1.25,48.0,0.07,10.6306,8.0205,0.9123,1.3579,1.9307,201,1626.99,1.492,1.3254285892400721,15.95065,16.6181,0.9123
1.25,64.0,0.07,21.2707,16.6181,1.4447,1.5357,3.7542,585,11367.26,3.937,1.25,64.0,0.07,1.279971837935745,1.25,64.0,0.07,10.6306,8.0205,0.9123,1.3579,1.9307,201,1626.99,1.492,1.3254285892400721,15.95065,16.6181,0.9123
1.25,32.0,0.07,21.2707,16.6181,1.4447,1.5357,3.7542,585,11367.26,3.937,1.25,32.0,0.07,1.279971837935745,1.25,32.0,0.07,10.6306,8.0205,0.9123,1.3579,1.9307,201,1626.99,1.492,1.3254285892400721,15.95065,16.6181,0.9123
1.25,80.0,0.075,21.6752,15.9054,1.4903,1.5588,4.0268,585,11649.26,3.937,1.25,80.0,0.075,1.3627573025513349,1.25,80.0,0.075,10.0681,8.0419,0.8816,1.3464,1.8229,201,1538.9,1.492,1.2519553836779864,15.871649999999999,15.9054,0.8816
1.25,32.0,0.075,21.6752,15.9054,1.4903,1.5588,4.0268,585,11649.26,3.937,1.25,32.0,0.075,1.3627573025513349,1.25,32.0,0.075,10.0681,8.0419,0.8816,1.3464,1.8229,201,1538.9,1.492,1.2519553836779864,15.871649999999999,15.9054,0.8816
1.25,48.0,0.075,21.6752,15.9054,1.4903,1.5588,4.0268,585,11649.26,3.937,1.25,48.0,0.075,1.3627573025513349,1.25,48.0,0.075,10.0681,8.0419,0.8816,1.3464,1.8229,201,1538.9,1.492,1.2519553836779864,15.871649999999999,15.9054,0.8816
1.25,64.0,0.075,21.6752,15.9054,1.4903,1.5588,4.0268,585,11649.26,3.937,1.25,64.0,0.075,1.3627573025513349,1.25,64.0,0.075,10.0681,8.0419,0.8816,1.3464,1.8229,201,1538.9,1.492,1.2519553836779864,15.871649999999999,15.9054,0.8816
1.0,48.0,0.03,19.6183,14.6881,1.4603,1.5484,3.9419,585,10243.79,3.937,1.0,48.0,0.03,1.335659479442542,1.0,48.0,0.03,11.7535,6.4315,1.0641,1.4438,2.2533,201,1803.53,1.492,1.82748969913706,15.6859,14.6881,1.0641
1.0,80.0,0.03,19.6183,14.6881,1.4603,1.5484,3.9419,585,10243.79,3.937,1.0,80.0,0.03,1.335659479442542,1.0,80.0,0.03,11.7535,6.4315,1.0641,1.4438,2.2533,201,1803.53,1.492,1.82748969913706,15.6859,14.6881,1.0641
1.0,64.0,0.03,19.6183,14.6881,1.4603,1.5484,3.9419,585,10243.79,3.937,1.0,64.0,0.03,1.335659479442542,1.0,64.0,0.03,11.7535,6.4315,1.0641,1.4438,2.2533,201,1803.53,1.492,1.82748969913706,15.6859,14.6881,1.0641
0.75,64.0,0.01,18.4042,12.8688,1.5507,1.5946,4.2559,585,9446.79,3.937,0.75,64.0,0.01,1.4301411164988187,0.75,64.0,0.01,12.4735,6.7526,1.2052,1.5846,2.7535,201,1917.18,1.492,1.8472144063027574,15.438849999999999,12.8688,1.2052
0.75,64.0,0.005,18.4042,12.8688,1.5507,1.5946,4.2559,585,9446.79,3.937,0.75,64.0,0.005,1.4301411164988187,0.75,64.0,0.005,12.4735,6.7526,1.2052,1.5846,2.7535,201,1917.18,1.492,1.8472144063027574,15.438849999999999,12.8688,1.2052
0.75,80.0,0.01,18.389,12.8581,1.5296,1.5941,4.2581,585,9436.99,3.937,0.75,80.0,0.01,1.4301490889011594,0.75,80.0,0.01,12.4735,6.7526,1.2052,1.5846,2.7535,201,1917.18,1.492,1.8472144063027574,15.431249999999999,12.8581,1.2052
0.75,80.0,0.005,18.3755,12.8627,1.5213,1.5938,4.2541,585,9428.29,3.937,0.75,80.0,0.005,1.4285880880375037,0.75,80.0,0.005,12.4735,6.7526,1.2052,1.5846,2.7535,201,1917.18,1.492,1.8472144063027574,15.424499999999998,12.8627,1.2052
1.0,80.0,0.035,19.2549,14.7062,1.4404,1.5404,3.9012,585,10002.75,3.937,1.0,80.0,0.035,1.3093049190137491,1.0,80.0,0.035,11.4712,6.0607,1.0532,1.4331,2.356,201,1759.06,1.492,1.8927186628607258,15.36305,14.7062,1.0532
1.0,64.0,0.035,19.2549,14.7062,1.4404,1.5404,3.9012,585,10002.75,3.937,1.0,64.0,0.035,1.3093049190137491,1.0,64.0,0.035,11.4712,6.0607,1.0532,1.4331,2.356,201,1759.06,1.492,1.8927186628607258,15.36305,14.7062,1.0532
1.0,32.0,0.035,19.2549,14.7062,1.4404,1.5404,3.9012,585,10002.75,3.937,1.0,32.0,0.035,1.3093049190137491,1.0,32.0,0.035,11.4712,6.0607,1.0532,1.4331,2.356,201,1759.06,1.492,1.8927186628607258,15.36305,14.7062,1.0532
1.0,48.0,0.035,19.2549,14.7062,1.4404,1.5404,3.9012,585,10002.75,3.937,1.0,48.0,0.035,1.3093049190137491,1.0,48.0,0.035,11.4712,6.0607,1.0532,1.4331,2.356,201,1759.06,1.492,1.8927186628607258,15.36305,14.7062,1.0532
1.0,32.0,0.01,19.5823,14.7023,1.4608,1.5474,3.9327,585,10219.82,3.937,1.0,32.0,0.01,1.3319208559205022,1.0,32.0,0.01,11.1236,6.3681,1.0153,1.4174,2.1618,201,1704.39,1.492,1.7467690519935302,15.35295,14.7023,1.0153
1.0,32.0,0.03,19.5823,14.7023,1.4608,1.5474,3.9327,585,10219.82,3.937,1.0,32.0,0.03,1.3319208559205022,1.0,32.0,0.03,11.1236,6.3681,1.0153,1.4174,2.1618,201,1704.39,1.492,1.7467690519935302,15.35295,14.7023,1.0153
1.0,32.0,0.015,19.5823,14.7023,1.4608,1.5474,3.9327,585,10219.82,3.937,1.0,32.0,0.015,1.3319208559205022,1.0,32.0,0.015,11.1236,6.3681,1.0153,1.4174,2.1618,201,1704.39,1.492,1.7467690519935302,15.35295,14.7023,1.0153
1.0,32.0,0.02,19.5823,14.7023,1.4608,1.5474,3.9327,585,10219.82,3.937,1.0,32.0,0.02,1.3319208559205022,1.0,32.0,0.02,11.1236,6.3681,1.0153,1.4174,2.1618,201,1704.39,1.492,1.7467690519935302,15.35295,14.7023,1.0153
1.0,32.0,0.005,19.5823,14.7023,1.4608,1.5474,3.9327,585,10219.82,3.937,1.0,32.0,0.005,1.3319208559205022,1.0,32.0,0.005,11.1236,6.3681,1.0153,1.4174,2.1618,201,1704.39,1.492,1.7467690519935302,15.35295,14.7023,1.0153
1.0,32.0,0.025,19.5823,14.7023,1.4608,1.5474,3.9327,585,10219.82,3.937,1.0,32.0,0.025,1.3319208559205022,1.0,32.0,0.025,11.1236,6.3681,1.0153,1.4174,2.1618,201,1704.39,1.492,1.7467690519935302,15.35295,14.7023,1.0153
0.75,80.0,0.015,17.871000000000002,12.7278,1.5332,1.5829,4.2333,585,9104.28,3.937,0.75,80.0,0.015,1.4040918304813088,0.75,80.0,0.015,12.4735,6.7526,1.2052,1.5846,2.7535,201,1917.18,1.492,1.8472144063027574,15.172250000000002,12.7278,1.2052
0.75,64.0,0.015,17.871000000000002,12.7278,1.5332,1.5829,4.2333,585,9104.28,3.937,0.75,64.0,0.015,1.4040918304813088,0.75,64.0,0.015,12.4735,6.7526,1.2052,1.5846,2.7535,201,1917.18,1.492,1.8472144063027574,15.172250000000002,12.7278,1.2052
1.0,48.0,0.04,19.0183,14.7822,1.4269,1.5343,3.8475,585,9846.94,3.937,1.0,48.0,0.04,1.2865676286344387,1.0,48.0,0.04,11.1237,6.1969,1.0315,1.4202,2.2828,201,1704.41,1.492,1.7950426826316381,15.071,14.7822,1.0315
1.0,64.0,0.04,19.0183,14.7822,1.4269,1.5343,3.8475,585,9846.94,3.937,1.0,64.0,0.04,1.2865676286344387,1.0,64.0,0.04,11.1237,6.1969,1.0315,1.4202,2.2828,201,1704.41,1.492,1.7950426826316381,15.071,14.7822,1.0315
1.0,80.0,0.04,19.0183,14.7822,1.4269,1.5343,3.8475,585,9846.94,3.937,1.0,80.0,0.04,1.2865676286344387,1.0,80.0,0.04,11.1237,6.1969,1.0315,1.4202,2.2828,201,1704.41,1.492,1.7950426826316381,15.071,14.7822,1.0315
1.0,32.0,0.04,19.0183,14.7822,1.4269,1.5343,3.8475,585,9846.94,3.937,1.0,32.0,0.04,1.2865676286344387,1.0,32.0,0.04,11.1237,6.1969,1.0315,1.4202,2.2828,201,1704.41,1.492,1.7950426826316381,15.071,14.7822,1.0315
1.0,32.0,0.045,19.5758,14.7029,1.4716,1.5476,3.931,585,10215.47,3.937,1.0,32.0,0.045,1.3314244128709303,1.0,32.0,0.045,10.5032,6.4124,0.9833,1.3937,2.1054,201,1607.03,1.492,1.6379514690287567,15.0395,14.7029,0.9833
1.0,48.0,0.045,19.5758,14.7029,1.4716,1.5476,3.931,585,10215.47,3.937,1.0,48.0,0.045,1.3314244128709303,1.0,48.0,0.045,10.5032,6.4124,0.9833,1.3937,2.1054,201,1607.03,1.492,1.6379514690287567,15.0395,14.7029,0.9833
1.0,80.0,0.045,19.5758,14.7029,1.4716,1.5476,3.931,585,10215.47,3.937,1.0,80.0,0.045,1.3314244128709303,1.0,80.0,0.045,10.5032,6.4124,0.9833,1.3937,2.1054,201,1607.03,1.492,1.6379514690287567,15.0395,14.7029,0.9833
1.0,64.0,0.045,19.5758,14.7029,1.4716,1.5476,3.931,585,10215.47,3.937,1.0,64.0,0.045,1.3314244128709303,1.0,64.0,0.045,10.5032,6.4124,0.9833,1.3937,2.1054,201,1607.03,1.492,1.6379514690287567,15.0395,14.7029,0.9833
0.75,48.0,0.015,17.4593,12.9889,1.499,1.5665,4.046,585,8842.92,3.937,0.75,48.0,0.015,1.3441707919839248,0.75,48.0,0.015,12.4735,6.7526,1.2052,1.5846,2.7535,201,1917.18,1.492,1.8472144063027574,14.9664,12.9889,1.2052
0.75,48.0,0.01,17.4593,12.9889,1.499,1.5665,4.046,585,8842.92,3.937,0.75,48.0,0.01,1.3441707919839248,0.75,48.0,0.01,12.4735,6.7526,1.2052,1.5846,2.7535,201,1917.18,1.492,1.8472144063027574,14.9664,12.9889,1.2052
0.75,48.0,0.005,17.4593,12.9889,1.499,1.5665,4.046,585,8842.92,3.937,0.75,48.0,0.005,1.3441707919839248,0.75,48.0,0.005,12.4735,6.7526,1.2052,1.5846,2.7535,201,1917.18,1.492,1.8472144063027574,14.9664,12.9889,1.2052
1.0,80.0,0.06,18.7403,15.0168,1.4428,1.5324,3.7579,585,9665.03,3.937,1.0,80.0,0.06,1.2479556230355335,1.0,80.0,0.06,10.293,6.7744,0.9924,1.3914,2.2199,201,1574.1,1.492,1.519396551724138,14.51665,15.0168,0.9924
1.0,32.0,0.06,18.7403,15.0168,1.4428,1.5324,3.7579,585,9665.03,3.937,1.0,32.0,0.06,1.2479556230355335,1.0,32.0,0.06,10.293,6.7744,0.9924,1.3914,2.2199,201,1574.1,1.492,1.519396551724138,14.51665,15.0168,0.9924
1.0,64.0,0.06,18.7403,15.0168,1.4428,1.5324,3.7579,585,9665.03,3.937,1.0,64.0,0.06,1.2479556230355335,1.0,64.0,0.06,10.293,6.7744,0.9924,1.3914,2.2199,201,1574.1,1.492,1.519396551724138,14.51665,15.0168,0.9924
1.0,48.0,0.06,18.7403,15.0168,1.4428,1.5324,3.7579,585,9665.03,3.937,1.0,48.0,0.06,1.2479556230355335,1.0,48.0,0.06,10.293,6.7744,0.9924,1.3914,2.2199,201,1574.1,1.492,1.519396551724138,14.51665,15.0168,0.9924
1.0,32.0,0.05,18.9936,15.0364,1.4413,1.5311,3.7685,585,9830.74,3.937,1.0,32.0,0.05,1.263174696070868,1.0,32.0,0.05,10.034,6.5121,0.9501,1.3737,2.0771,201,1533.57,1.492,1.5408240045453847,14.5138,15.0364,0.9501
1.0,48.0,0.05,18.9936,15.0364,1.4413,1.5311,3.7685,585,9830.74,3.937,1.0,48.0,0.05,1.263174696070868,1.0,48.0,0.05,10.034,6.5121,0.9501,1.3737,2.0771,201,1533.57,1.492,1.5408240045453847,14.5138,15.0364,0.9501
1.0,64.0,0.05,18.9936,15.0364,1.4413,1.5311,3.7685,585,9830.74,3.937,1.0,64.0,0.05,1.263174696070868,1.0,64.0,0.05,10.034,6.5121,0.9501,1.3737,2.0771,201,1533.57,1.492,1.5408240045453847,14.5138,15.0364,0.9501
1.0,80.0,0.05,18.9936,15.0364,1.4413,1.5311,3.7685,585,9830.74,3.937,1.0,80.0,0.05,1.263174696070868,1.0,80.0,0.05,10.034,6.5121,0.9501,1.3737,2.0771,201,1533.57,1.492,1.5408240045453847,14.5138,15.0364,0.9501
1.0,48.0,0.055,18.5711,14.9824,1.4249,1.5181,3.7103,585,9554.97,3.937,1.0,48.0,0.055,1.239527712516019,1.0,48.0,0.055,10.3206,6.8473,0.9856,1.3874,2.199,201,1578.41,1.492,1.5072510332539835,14.44585,14.9824,0.9856
1.0,64.0,0.055,18.5711,14.9824,1.4249,1.5181,3.7103,585,9554.97,3.937,1.0,64.0,0.055,1.239527712516019,1.0,64.0,0.055,10.3206,6.8473,0.9856,1.3874,2.199,201,1578.41,1.492,1.5072510332539835,14.44585,14.9824,0.9856
1.0,32.0,0.055,18.5711,14.9824,1.4249,1.5181,3.7103,585,9554.97,3.937,1.0,32.0,0.055,1.239527712516019,1.0,32.0,0.055,10.3206,6.8473,0.9856,1.3874,2.199,201,1578.41,1.492,1.5072510332539835,14.44585,14.9824,0.9856
1.0,80.0,0.055,18.5711,14.9824,1.4249,1.5181,3.7103,585,9554.97,3.937,1.0,80.0,0.055,1.239527712516019,1.0,80.0,0.055,10.3206,6.8473,0.9856,1.3874,2.199,201,1578.41,1.492,1.5072510332539835,14.44585,14.9824,0.9856
0.75,48.0,0.02,17.069300000000002,13.0038,1.4848,1.5573,3.9821,585,8597.85,3.937,0.75,48.0,0.02,1.3126393823343947,0.75,48.0,0.02,11.8139,5.6531,1.1943,1.5401,2.6257,201,1813.05,1.492,2.089809131273107,14.441600000000001,13.0038,1.1943
0.75,80.0,0.02,17.069300000000002,13.0038,1.4848,1.5573,3.9821,585,8597.85,3.937,0.75,80.0,0.02,1.3126393823343947,0.75,80.0,0.02,11.8139,5.6531,1.1943,1.5401,2.6257,201,1813.05,1.492,2.089809131273107,14.441600000000001,13.0038,1.1943
0.75,64.0,0.02,17.069300000000002,13.0038,1.4848,1.5573,3.9821,585,8597.85,3.937,0.75,64.0,0.02,1.3126393823343947,0.75,64.0,0.02,11.8139,5.6531,1.1943,1.5401,2.6257,201,1813.05,1.492,2.089809131273107,14.441600000000001,13.0038,1.1943
0.75,32.0,0.025,16.8669,12.841,1.4765,1.5563,4.0047,585,8471.57,3.937,0.75,32.0,0.025,1.313519196324274,0.75,32.0,0.025,11.0672,5.4496,1.1619,1.4962,2.5446,201,1695.53,1.492,2.030827950675279,13.96705,12.841,1.1619
0.75,48.0,0.025,16.8669,12.841,1.4765,1.5563,4.0047,585,8471.57,3.937,0.75,48.0,0.025,1.313519196324274,0.75,48.0,0.025,11.0672,5.4496,1.1619,1.4962,2.5446,201,1695.53,1.492,2.030827950675279,13.96705,12.841,1.1619
0.75,64.0,0.025,16.8669,12.841,1.4765,1.5563,4.0047,585,8471.57,3.937,0.75,64.0,0.025,1.313519196324274,0.75,64.0,0.025,11.0672,5.4496,1.1619,1.4962,2.5446,201,1695.53,1.492,2.030827950675279,13.96705,12.841,1.1619
0.75,80.0,0.025,16.8669,12.841,1.4765,1.5563,4.0047,585,8471.57,3.937,0.75,80.0,0.025,1.313519196324274,0.75,80.0,0.025,11.0672,5.4496,1.1619,1.4962,2.5446,201,1695.53,1.492,2.030827950675279,13.96705,12.841,1.1619
0.75,32.0,0.005,16.8785,12.8402,1.4771,1.556,4.0081,585,8478.8,3.937,0.75,32.0,0.005,1.314504446971231,0.75,32.0,0.005,10.7706,5.4705,1.1193,1.4833,2.4747,201,1648.96,1.492,1.968851110501782,13.824549999999999,12.8402,1.1193
0.75,32.0,0.015,16.8785,12.8402,1.4771,1.556,4.0081,585,8478.8,3.937,0.75,32.0,0.015,1.314504446971231,0.75,32.0,0.015,10.7706,5.4705,1.1193,1.4833,2.4747,201,1648.96,1.492,1.968851110501782,13.824549999999999,12.8402,1.1193
0.75,32.0,0.02,16.8785,12.8402,1.4771,1.556,4.0081,585,8478.8,3.937,0.75,32.0,0.02,1.314504446971231,0.75,32.0,0.02,10.7706,5.4705,1.1193,1.4833,2.4747,201,1648.96,1.492,1.968851110501782,13.824549999999999,12.8402,1.1193
0.75,32.0,0.01,16.8785,12.8402,1.4771,1.556,4.0081,585,8478.8,3.937,0.75,32.0,0.01,1.314504446971231,0.75,32.0,0.01,10.7706,5.4705,1.1193,1.4833,2.4747,201,1648.96,1.492,1.968851110501782,13.824549999999999,12.8402,1.1193
0.75,80.0,0.03,16.738,12.876,1.4638,1.5524,3.9815,585,8391.46,3.937,0.75,80.0,0.03,1.2999378689033863,0.75,80.0,0.03,10.4385,5.3054,1.1159,1.4631,2.4887,201,1596.88,1.492,1.9675236551438158,13.588249999999999,12.876,1.1159
0.75,64.0,0.03,16.738,12.876,1.4638,1.5524,3.9815,585,8391.46,3.937,0.75,64.0,0.03,1.2999378689033863,0.75,64.0,0.03,10.4385,5.3054,1.1159,1.4631,2.4887,201,1596.88,1.492,1.9675236551438158,13.588249999999999,12.876,1.1159
0.75,48.0,0.03,16.738,12.876,1.4638,1.5524,3.9815,585,8391.46,3.937,0.75,48.0,0.03,1.2999378689033863,0.75,48.0,0.03,10.4385,5.3054,1.1159,1.4631,2.4887,201,1596.88,1.492,1.9675236551438158,13.588249999999999,12.876,1.1159
0.75,32.0,0.03,16.738,12.876,1.4638,1.5524,3.9815,585,8391.46,3.937,0.75,32.0,0.03,1.2999378689033863,0.75,32.0,0.03,10.4385,5.3054,1.1159,1.4631,2.4887,201,1596.88,1.492,1.9675236551438158,13.588249999999999,12.876,1.1159
