date,EUR-USD,GBP-USD,USD-JPY,USD-CAD,portfolio_mean
2020-11-23,0.0,0.0,0.0,0.0,0.0
2020-11-24,0.0,0.0,0.0,0.0,0.0
2020-11-25,0.0,0.0,0.0,0.0,0.0
2020-11-26,0.0,0.0,0.0,0.0,0.0
2020-11-27,0.0,0.0,0.0,0.0,0.0
2020-11-28,,,,,
2020-11-29,0.0,0.0,0.0,0.0,0.0
2020-11-30,0.0,0.0,0.0,0.0,0.0
2020-12-01,0.0,0.0,0.0,0.0,0.0
2020-12-02,0.0,0.0,0.0,0.0,0.0
2020-12-03,0.0,0.0,0.0,0.0,0.0
2020-12-04,0.0,0.0,0.0,0.0,0.0
2020-12-05,,,,,
2020-12-06,0.0,0.0,0.0,0.0,0.0
2020-12-07,0.0,0.0,0.0,0.0,0.0
2020-12-08,0.0,0.0,0.0,0.0,0.0
2020-12-09,0.0,0.0,0.0,0.0,0.0
2020-12-10,0.0,0.0,0.0,0.0,0.0
2020-12-11,0.0,0.0,0.0,0.0,0.0
2020-12-12,,,,,
2020-12-13,0.0,0.0,0.0,0.0,0.0
2020-12-14,0.0,0.0,0.0,0.0,0.0
2020-12-15,0.0,0.0,0.0,0.0,0.0
2020-12-16,0.0,0.0,0.0,0.0,0.0
2020-12-17,0.0,0.0,0.0,0.0,0.0
2020-12-18,0.0,0.0,0.0,0.0,0.0
2020-12-19,,,,,
2020-12-20,0.0,0.0,0.0,0.0,0.0
2020-12-21,-0.00010001000100012813,0.0,0.0,0.0,-2.5002500250032034e-05
2020-12-22,0.002884531482989283,0.0,0.0,0.0,0.0007211328707473208
2020-12-23,-0.0013626417790421064,0.0,0.0,0.0,-0.0003406604447605266
2020-12-24,-2.859732855331476e-05,0.0,0.0,0.0,-7.14933213832869e-06
2020-12-25,,,,,
2020-12-26,,,,,
2020-12-27,-0.0005025102864588682,0.0,0.0,0.0,-0.00012562757161471705
2020-12-28,-0.00245658960107209,0.0,0.0,0.0,-0.0006141474002680225
2020-12-29,-0.003622251475736249,0.0,0.0,0.0,-0.0009055628689340622
2020-12-30,-0.00012748644378268725,0.0,0.0,0.0,-3.187161094567181e-05
2020-12-31,-1.6451961115770963e-05,0.0,0.0,0.0,-4.112990278942741e-06
2021-01-01,,,,,
2021-01-02,,,,,
2021-01-03,0.0031793937929072147,0.0,0.0,0.0,0.0007948484482268037
2021-01-04,-0.0017015092798955411,0.0,0.0,0.0,-0.0004253773199738853
2021-01-05,-0.001860475746368273,0.0,0.0,0.0,-0.00046511893659206827
2021-01-06,-0.002699220707989336,0.0,0.0,0.0,-0.000674805176997334
2021-01-07,0.005210888133178271,0.0,0.0,0.0,0.0013027220332945677
2021-01-08,0.0032958448588578104,0.0,0.0,0.0,0.0008239612147144526
2021-01-09,,,,,
2021-01-10,0.003902748597345518,0.0,0.0,0.0,0.0009756871493363795
2021-01-11,0.002394953236710684,0.0,0.0,0.0,0.000598738309177671
2021-01-12,0.0,0.0,0.0,0.0,0.0
2021-01-13,0.0,0.0,0.0,0.0,0.0
2021-01-14,0.0,0.0,0.0,0.0,0.0
2021-01-15,0.0,0.0,0.0,0.0,0.0
2021-01-16,,,,,
2021-01-17,0.0,0.0,0.0,0.0,0.0
2021-01-18,0.0,0.0,0.0,0.0,0.0
2021-01-19,0.0,0.0,0.0,0.0,0.0
2021-01-20,0.0,0.0,0.0,0.0,0.0
2021-01-21,0.0,0.0,0.0,0.0,0.0
2021-01-22,0.0,0.0,0.0,0.0,0.0
2021-01-23,,,,,
2021-01-24,0.0,0.0,0.0,0.0,0.0
2021-01-25,0.0,0.0,0.0,0.0,0.0
2021-01-26,0.0,0.0,0.0,0.0,0.0
2021-01-27,0.0,0.0,0.0,0.0,0.0
2021-01-28,0.0,0.0,0.0,0.0,0.0
2021-01-29,0.0,0.0,0.0,0.0,0.0
2021-01-30,,,,,
2021-01-31,0.0,0.0,0.0,0.0,0.0
2021-02-01,0.0,0.0,0.0,0.0,0.0
2021-02-02,0.0,0.0,0.0,0.0,0.0
2021-02-03,0.0,0.0,0.0,0.0,0.0
2021-02-04,0.0,0.0,0.0,0.0,0.0
2021-02-05,0.0,0.0,0.0,0.0,0.0
2021-02-06,,,,,
2021-02-07,0.0,0.0,0.0,0.0,0.0
2021-02-08,0.0,0.0,0.0,0.0,0.0
2021-02-09,0.0,0.0,0.0,0.0,0.0
2021-02-10,0.0,0.0,0.0,0.0,0.0
2021-02-11,0.0,0.0,0.0,0.0,0.0
2021-02-12,0.0,0.0,0.0,0.0,0.0
2021-02-13,,,,,
2021-02-14,0.0,0.0,0.0,0.0,0.0
2021-02-15,0.0,0.0,0.0,0.0,0.0
2021-02-16,0.0,0.0,0.0,0.0,0.0
2021-02-17,0.0,0.0,0.0,0.0,0.0
2021-02-18,0.0,0.0,0.0,0.0,0.0
2021-02-19,0.0,0.0,0.0,0.0,0.0
2021-02-20,,,,,
2021-02-21,0.0,0.0,0.0,0.0,0.0
2021-02-22,0.0,0.0,0.0,0.0,0.0
2021-02-23,0.0,0.0,0.0,0.0,0.0
2021-02-24,0.0,0.0,0.0,0.0,0.0
2021-02-25,0.0,0.0,0.0,0.0,0.0
2021-02-26,0.0,0.0,0.0,0.0,0.0
2021-02-27,,,,,
2021-02-28,0.0,0.0,0.0,0.0,0.0
2021-03-01,0.0,0.0,0.0,0.0,0.0
2021-03-02,0.0,0.0,0.0,0.0,0.0
2021-03-03,0.0,0.0,0.0,0.0,0.0
2021-03-04,0.0,0.0,-0.00010001000100001711,0.0,-2.5002500250004278e-05
2021-03-05,0.0,0.0,-0.0030773961949954742,0.0,-0.0007693490487488686
2021-03-06,,,,,
2021-03-07,0.0,0.0,0.00021817158260084568,0.0,5.454289565021142e-05
2021-03-08,0.0,0.0,-0.00744870235320938,0.0,-0.001862175588302345
2021-03-09,0.0,0.0,0.003207574394229251,0.0,0.0008018935985573128
2021-03-10,0.0,0.0,0.0021393138618268637,0.0,0.0005348284654567159
2021-03-11,0.0,0.0,-0.0010650480515962402,0.0,-0.00026626201289906004
2021-03-12,0.0,0.0,-0.002933168823843979,0.0,-0.0007332922059609948
2021-03-13,,,,,
2021-03-14,0.0,0.0,-0.0008451831237027418,0.0,-0.00021129578092568546
2021-03-15,0.0,0.0,-0.00033181636704626705,0.0,-8.295409176156676e-05
2021-03-16,0.0,0.0,0.0006171027993171485,0.0,0.00015427569982928713
2021-03-17,0.0,0.0,0.0020136914855419796,0.0,0.0005034228713854949
2021-03-18,0.0,0.0,9.325497360324064e-06,0.0,2.331374340081016e-06
2021-03-19,0.0,0.0,-8.39286935664374e-05,0.0,-2.098217339160935e-05
2021-03-20,,,,,
2021-03-21,0.0,0.0,0.0010258812444627896,0.0,0.0002564703111156974
2021-03-22,0.0,0.0,0.0005403648514594739,0.0,0.00013509121286486847
2021-03-23,0.0,0.0,0.0016993676764616161,0.0,0.00042484191911540403
2021-03-24,0.0,0.0,-0.003499871227513607,0.0,-0.0008749678068784017
2021-03-25,0.0,0.0,-0.0030270836815082802,0.0,-0.0007567709203770701
2021-03-26,0.0,0.0,-0.0040982691395379245,0.0,-0.0010245672848844811
2021-03-27,,,,,
2021-03-28,0.0,0.0,0.0013717113554958527,0.0,0.00034292783887396316
2021-03-29,0.0,0.0,-0.0040438201296983944,0.0,-0.0010109550324245986
2021-03-30,0.0,0.0,-0.008365411223338115,0.0,-0.0020913528058345288
2021-03-31,0.0,0.0,0.00199499566736816,0.0,0.00049874891684204
2021-04-01,0.0,0.0,0.0003223561993053181,0.0,8.058904982632953e-05
2021-04-02,0.0,0.0,-0.0007677187606196512,0.0,-0.0001919296901549128
2021-04-03,,,,,
2021-04-04,0.0,0.0,0.0013042275711498963,0.0,0.0003260568927874741
2021-04-05,0.0,0.0,0.0018566955660541673,0.0,0.0004641738915135418
2021-04-06,0.0,0.0,0.005469937791584112,0.0,0.001367484447896028
2021-04-07,0.0,0.0,0.0003385419055610406,0.0,8.463547639026014e-05
2021-04-08,0.0,0.0,0.00419273863450198,0.0,0.001048184658625495
2021-04-09,0.0,0.0,-0.0034871620690118954,0.0,-0.0008717905172529739
2021-04-10,,,,,
2021-04-11,0.0,0.0,0.0011836777989950864,0.0,0.0002959194497487716
2021-04-12,0.0,0.0,-0.0015435300841730726,0.0,-0.00038588252104326815
2021-04-13,0.0,0.0,0.007608460838179898,0.0,0.0019021152095449745
2021-04-14,0.0,0.0,0.0,0.0,0.0
2021-04-15,0.0,0.0,0.0,0.0,0.0
2021-04-16,0.0,0.0,0.0,0.0,0.0
2021-04-17,,,,,
2021-04-18,0.0,0.0,0.0,0.0,0.0
2021-04-19,0.0,0.0,0.0,0.0,0.0
2021-04-20,0.0,0.0,0.0,0.0,0.0
2021-04-21,0.0,0.0,0.0,0.0,0.0
2021-04-22,0.0,0.0,0.0,0.0,0.0
2021-04-23,0.0,0.0,0.0,0.0,0.0
2021-04-24,,,,,
2021-04-25,0.0,0.0,0.0,0.0,0.0
2021-04-26,0.0,0.0,0.0,0.0,0.0
2021-04-27,0.0,0.0,0.0,0.0,0.0
2021-04-28,0.0,0.0,0.0,0.0,0.0
2021-04-29,0.0,0.0,0.0,0.0,0.0
2021-04-30,0.0,0.0,0.0,0.0,0.0
2021-05-01,,,,,
2021-05-02,0.0,0.0,0.0,0.0,0.0
2021-05-03,0.0,0.0,0.0,0.0,0.0
2021-05-04,0.0,0.0,0.0,0.0,0.0
2021-05-05,0.0,0.0,0.0,0.0,0.0
2021-05-06,0.0,0.0,0.0,-9.999000100002764e-05,-2.499750025000691e-05
2021-05-07,0.0,0.0,0.0,-0.0027739308037824095,-0.0006934827009456024
2021-05-08,,,,,
2021-05-09,0.0,0.0,0.0,-0.0006923210061733354,-0.00017308025154333384
2021-05-10,0.0,0.0,0.0,-0.002280468795104129,-0.0005701171987760323
2021-05-11,0.0,0.0,0.0,0.0028395352585961486,0.0007098838146490372
2021-05-12,0.0,0.0,0.0,-0.0009974116754868367,-0.0002493529188717092
2021-05-13,0.0,0.0,0.0,0.004657859777379869,0.0011644649443449673
2021-05-14,0.0,0.0,0.0,-0.005892860809395772,-0.001473215202348943
2021-05-15,,,,,
2021-05-16,0.0,0.0,0.0,0.00234633179114363,0.0005865829477859075
2021-05-17,0.0,0.0,0.0,-0.007587122086314402,-0.0018967805215786004
2021-05-18,0.0,0.0,0.0,0.0023878043412357552,0.0005969510853089388
2021-05-19,0.0,0.0,0.0,0.003670530528374183,0.0009176326320935457
2021-05-20,0.0,0.0,0.0,-0.002926511136427612,-0.000731627784106903
2021-05-21,0.0,0.0,0.0,-0.001072201822329144,-0.000268050455582286
2021-05-22,,,,,
2021-05-23,0.0,0.0,0.0,0.00029009531703283464,7.252382925820866e-05
2021-05-24,0.0,0.0,0.0,-0.0020673654555246612,-0.0005168413638811653
2021-05-25,0.0,0.0,0.0,0.0004774339791839832,0.0001193584947959958
2021-05-26,0.0,0.0,0.0,0.0061040890342176635,0.0015260222585544159
2021-05-27,0.0,0.0,0.0,-0.003753242843060778,-0.0009383107107651945
2021-05-28,0.0,0.0,0.0,-0.0002525388433720632,-6.31347108430158e-05
2021-05-29,,,,,
2021-05-30,0.0,0.0,0.0,0.0002526026353495414,6.315065883738535e-05
2021-05-31,0.0,0.0,0.0,-0.0023432292680101163,-0.0005858073170025291
2021-06-01,0.0,0.0,0.0,0.0010042285491389524,0.0002510571372847381
2021-06-02,0.0,0.0,0.0,-0.0018613482130643844,-0.0004653370532660961
2021-06-03,0.0,0.0,0.0,0.006607856330002271,0.0016519640825005677
2021-06-04,0.0,0.0,0.0,-0.002966599962865857,-0.0007416499907164642
2021-06-05,,,,,
2021-06-06,0.0,0.0,0.0,0.00032692450940641216,8.173112735160304e-05
2021-06-07,0.0,0.0,0.0,9.514944668520542e-05,2.3787361671301355e-05
2021-06-08,0.0,0.0,0.0,0.001815940566209484,0.000453985141552371
2021-06-09,0.0,0.0,0.0,0.0005821947503374947,0.00014554868758437367
2021-06-10,0.0,0.0,0.0,-0.0022944108811198127,-0.0005736027202799532
2021-06-11,0.0,0.0,0.0,0.005648643349933202,0.0014121608374833006
2021-06-12,,,,,
2021-06-13,0.0,0.0,0.0,0.0,0.0
2021-06-14,0.0,0.0,0.0,0.0,0.0
2021-06-15,0.0,0.0,0.0,0.0,0.0
2021-06-16,0.0,0.0,0.0,0.0,0.0
2021-06-17,0.0,0.0,0.0,0.0,0.0
2021-06-18,0.0,0.0,0.0,-0.00010001000100012813,-2.5002500250032034e-05
2021-06-19,,,,,
2021-06-20,0.0,0.0,0.0,0.00035285374940663417,8.821343735165854e-05
2021-06-21,0.0,0.0,0.0,0.00770392830318678,0.001925982075796695
2021-06-22,0.0,0.0,0.0,0.003786716969329973,0.0009466792423324932
2021-06-23,0.0,0.0,0.0,0.001355222361853814,0.0003388055904634535
2021-06-24,0.0,0.0,0.0,-0.0003719838966904643,-9.299597417261607e-05
2021-06-25,0.0,0.0,0.0,0.001033233250771426,0.0002583083126928565
2021-06-26,,,,,
2021-06-27,0.0,0.0,0.0,-0.000668337877826608,-0.000167084469456652
2021-06-28,0.0,0.0,0.0,-0.0031895892945131843,-0.0007973973236282961
2021-06-29,0.0,0.0,0.0,-0.0038349904296544057,-0.0009587476074136014
2021-06-30,0.0,0.0,0.0,-0.00011557233106085363,-2.8893082765213407e-05
2021-07-01,0.0,0.0,0.0,-0.002726227988444241,-0.0006815569971110602
2021-07-02,0.0,0.0,0.0,0.008512777385104142,0.0021281943462760355
2021-07-03,,,,,
2021-07-04,0.0,0.0,0.0,-0.0017119615837721813,-0.00042799039594304533
2021-07-05,0.0,0.0,0.0,0.0018022301613769276,0.0004505575403442319
2021-07-06,0.0,0.0,0.0,-0.01115848045445722,-0.002789620113614305
2021-07-07,0.0,0.0,0.0,-0.00435587348525357,-0.0010889683713133924
2021-07-08,0.0,0.0,0.0,-0.001988238714749957,-0.0004970596786874892
2021-07-09,0.0,0.0,0.0,0.007956700354507795,0.001989175088626949
2021-07-10,,,,,
2021-07-11,0.0,0.0,0.0,-0.0021965261910281697,-0.0005491315477570424
2021-07-12,0.0,0.0,0.0,0.0017161798521359017,0.00042904496303397543
2021-07-13,0.0,0.0,0.0,-0.004239067202508773,-0.0010597668006271932
2021-07-14,0.0,0.0,0.0,-0.0027094376075431637,-0.0006773594018857909
2021-07-15,0.0,0.0,0.0,-0.0029344649608376017,-0.0007336162402094004
2021-07-16,0.0,0.0,0.0,-0.003234177350262879,-0.0008085443375657198
2021-07-17,,,,,
2021-07-18,0.0,0.0,0.0,-0.0020644220461277785,-0.0005161055115319446
2021-07-19,0.0,0.0,0.0,-0.009327406185995146,-0.0023318515464987866
2021-07-20,0.0,0.0,0.0,0.004385567060241513,0.0010963917650603783
2021-07-21,0.0,0.0,0.0,0.010248215496289292,0.002562053874072323
2021-07-22,0.0,0.0,0.0,0.00036792634661186874,9.198158665296718e-05
2021-07-23,0.0,0.0,0.0,0.0004890408155930892,0.0001222602038982723
2021-07-24,,,,,
2021-07-25,0.0,0.0,0.0,-0.0012765401637852003,-0.0003191350409463001
2021-07-26,0.0,0.0,0.0,0.002924424722882568,0.000731106180720642
2021-07-27,0.0,0.0,0.0,-0.00353698757978127,-0.0008842468949453175
2021-07-28,0.0,0.0,0.0,0.007661730289499902,0.0019154325723749754
2021-07-29,0.0,0.0,0.0,0.0,0.0
2021-07-30,0.0,0.0,0.0,0.0,0.0
2021-07-31,,,,,
2021-08-01,0.0,0.0,0.0,0.0,0.0
2021-08-02,0.0,0.0,0.0,0.0,0.0
2021-08-03,0.0,0.0,0.0,0.0,0.0
2021-08-04,0.0,0.0,0.0,0.0,0.0
2021-08-05,0.0,0.0,0.0,0.0,0.0
2021-08-06,0.0,0.0,0.0,0.0,0.0
2021-08-07,,,,,
2021-08-08,0.0,0.0,0.0,0.0,0.0
2021-08-09,0.0,0.0,0.0,0.0,0.0
2021-08-10,0.0,0.0,0.0,0.0,0.0
2021-08-11,0.0,0.0,0.0,0.0,0.0
2021-08-12,0.0,0.0,0.0,0.0,0.0
2021-08-13,0.0,0.0,0.0,0.0,0.0
2021-08-14,,,,,
2021-08-15,0.0,0.0,0.0,0.0,0.0
2021-08-16,0.0,0.0,0.0,0.0,0.0
2021-08-17,0.0,0.0,0.0,0.0,0.0
2021-08-18,0.0,0.0,0.0,0.0,0.0
2021-08-19,0.0,0.0,0.0,-0.00010001000100023916,-2.500250025005979e-05
2021-08-20,0.0,0.0,0.0,0.00215553645070643,0.0005388841126766075
2021-08-21,,,,,
2021-08-22,0.0,0.0,0.0,0.0040261433413131265,0.0010065358353282816
2021-08-23,0.0,0.0,0.0,0.009346351402816033,0.0023365878507040083
2021-08-24,0.0,0.0,0.0,0.0030227500767801008,0.0007556875191950252
2021-08-25,0.0,0.0,0.0,-0.0006646051501050243,-0.00016615128752625608
2021-08-26,0.0,0.0,0.0,-0.004620931016833918,-0.0011552327542084795
2021-08-27,0.0,0.0,0.0,0.005368115502455861,0.0013420288756139653
2021-08-28,,,,,
2021-08-29,0.0,0.0,0.0,-0.0011419859502026508,-0.0002854964875506627
2021-08-30,0.0,0.0,0.0,0.0015210259319513586,0.00038025648298783965
2021-08-31,0.0,0.0,0.0,0.0,0.0
2021-09-01,0.0,0.0,0.0,0.0,0.0
2021-09-02,0.0,0.0,0.0,0.0,0.0
2021-09-03,0.0,0.0,0.0,0.0,0.0
2021-09-04,,,,,
2021-09-05,0.0,0.0,0.0,0.0,0.0
2021-09-06,0.0,0.0,0.0,0.0,0.0
2021-09-07,0.0,0.0,0.0,0.0,0.0
2021-09-08,0.0,0.0,0.0,0.0,0.0
2021-09-09,0.0,0.0,0.0,0.0,0.0
2021-09-10,0.0,0.0,0.0,0.0,0.0
2021-09-11,,,,,
2021-09-12,0.0,0.0,0.0,0.0,0.0
2021-09-13,0.0,0.0,0.0,0.0,0.0
2021-09-14,0.0,0.0,0.0,0.0,0.0
2021-09-15,0.0,0.0,0.0,0.0,0.0
2021-09-16,0.0,0.0,0.0,0.0,0.0
2021-09-17,0.0,0.0,0.0,0.0,0.0
2021-09-18,,,,,
2021-09-19,0.0,0.0,0.0,0.0,0.0
2021-09-20,0.0,0.0,0.0,0.0,0.0
2021-09-21,0.0,0.0,0.0,0.0,0.0
2021-09-22,0.0,0.0,0.0,0.0,0.0
2021-09-23,0.0,0.0,0.0,0.0,0.0
2021-09-24,0.0,0.0,0.0,0.0,0.0
2021-09-25,,,,,
2021-09-26,0.0,0.0,0.0,0.0,0.0
2021-09-27,0.0,0.0,0.0,0.0,0.0
2021-09-28,0.0,0.0,0.0,0.0,0.0
2021-09-29,0.0,0.0,0.0,0.0,0.0
2021-09-30,-9.999000099958355e-05,0.0,0.0,0.0,-2.4997500249895888e-05
2021-10-01,0.0014729067231065152,0.0,0.0,0.0,0.0003682266807766288
2021-10-02,,,,,
2021-10-03,-0.0002070250500311177,0.0,0.0,0.0,-5.175626250777943e-05
2021-10-04,0.0007851325234677908,0.0,0.0,0.0,0.0001962831308669477
2021-10-05,-0.0005129531445322577,0.0,0.0,0.0,-0.00012823828613306443
2021-10-06,-0.003256120860305911,0.0,0.0,0.0,-0.0008140302150764778
2021-10-07,-0.0003288391976323801,0.0,0.0,0.0,-8.220979940809503e-05
2021-10-08,0.0020775623268696197,0.0,0.0,0.0,0.0005193905817174049
2021-10-09,,,,,
2021-10-10,-0.0003714581893572433,0.0,0.0,0.0,-9.286454733931082e-05
2021-10-11,-0.0009894829627452584,0.0,-0.00010001000100001711,0.0,-0.00027237324093631887
2021-10-12,-0.0007569040461929966,0.0,-0.0014654363579833518,0.0,-0.0005555851010440871
2021-10-13,0.0036748474224128636,0.0,-0.000698429964185121,0.0,0.0007441043645569356
2021-10-14,0.001198901151031384,0.0,-0.0035078611446934804,0.0,-0.0005772399984155241
2021-10-15,-0.0006848813518437469,0.0,-0.0028454657278563777,0.0,-0.0008825867699250312
2021-10-16,,,,,
2021-10-17,-0.001564668660936741,0.0,-0.001126298180074703,0.0,-0.000672741710252861
2021-10-18,0.005446966132061082,0.0,0.0021615437021695882,0.0,0.0019021274585576675
2021-10-19,0.0,0.0,-0.0032019684250317315,0.0,-0.0008004921062579329
2021-10-20,0.0,0.0,0.0025831875601332044,0.0,0.0006457968900333011
2021-10-21,0.0,0.0,0.0013038408380536826,0.0,0.00032596020951342064
2021-10-22,0.0,0.0,0.005013028536742459,0.0,0.0012532571341856147
2021-10-23,,,,,
2021-10-24,0.0,0.0,-0.0012027857923380125,0.0,-0.00030069644808450313
2021-10-25,0.0,0.0,-0.0023641951391049076,0.0,-0.0005910487847762269
2021-10-26,0.0,0.0,-0.000705613952743045,0.0,-0.00017640348818576124
2021-10-27,0.0,0.0,0.0032019301437413716,0.0,0.0008004825359353429
2021-10-28,0.0,0.0,0.0001770713181497019,0.0,4.4267829537425474e-05
2021-10-29,0.0,0.0,-0.003474409400437861,0.0,-0.0008686023501094653
2021-10-30,,,,,
2021-10-31,0.0,0.0,-0.0017810136643445773,0.0,-0.0004452534160861443
2021-11-01,0.0,0.0,0.0022335761830714063,0.0,0.0005583940457678516
2021-11-02,0.0,0.0,0.0012696795885691614,0.0,0.00031741989714229035
2021-11-03,0.0,0.0,-0.0036490253035306175,0.0,-0.0009122563258826544
2021-11-04,0.0,0.0,0.004605799618785822,0.0,0.0011514499046964555
2021-11-05,0.0,0.0,0.002746380445322494,0.0,0.0006865951113306235
2021-11-06,,,,,
2021-11-07,0.0,0.0,-0.0016919077495100021,0.0,-0.00042297693737750053
2021-11-08,0.0,0.0,0.006484538954354191,0.0,0.0016211347385885477
2021-11-09,0.0,0.0,0.0,0.0,0.0
2021-11-10,0.0,0.0,0.0,0.0,0.0
2021-11-11,0.0,0.0,0.0,0.0,0.0
2021-11-12,0.0,0.0,0.0,0.0,0.0
2021-11-13,,,,,
2021-11-14,0.0,0.0,0.0,0.0,0.0
2021-11-15,0.0,0.0,0.0,0.0,0.0
2021-11-16,-9.999000100002764e-05,0.0,0.0,0.0,-2.499750025000691e-05
2021-11-17,0.0026248113278535268,0.0,0.0,0.0,0.0006562028319633817
2021-11-18,0.0023530554402817483,0.0,0.0,0.0,0.0005882638600704371
2021-11-19,-0.006258616057468136,0.0,0.0,0.0,-0.001564654014367034
2021-11-20,,,,,
2021-11-21,-0.0002880873658178684,0.0,0.0,0.0,-7.20218414544671e-05
2021-11-22,-0.003772815335984392,0.0,0.0,0.0,-0.000943203833996098
2021-11-23,0.000569623069734293,0.0,0.0,0.0,0.00014240576743357325
2021-11-24,-0.0024595486528078414,0.0,0.0,0.0,-0.0006148871632019604
2021-11-25,0.0006019127449452544,0.0,0.0,0.0,0.0001504781862363136
2021-11-26,0.008386061848320026,0.0,0.0,0.0,0.0020965154620800064
2021-11-27,,,,,
2021-11-28,-0.0036765030799551512,0.0,0.0,0.0,-0.0009191257699887878
2021-11-29,0.002004701290637234,0.0,0.0,0.0,0.0005011753226593085
2021-11-30,0.003049725126371028,0.0,0.0,0.0,0.000762431281592757
2021-12-01,-0.0006972300550280863,0.0,0.0,0.0,-0.00017430751375702158
2021-12-02,-0.002278618521282638,0.0,0.0,0.0,-0.0005696546303206595
2021-12-03,0.0012437095296475853,0.0,0.0,0.0,0.0003109273824118963
2021-12-04,,,,,
2021-12-05,-0.0018124110371410262,0.0,0.0,0.0,-0.00045310275928525656
2021-12-06,-0.00024356975837891426,0.0,0.0,0.0,-6.0892439594728565e-05
2021-12-07,0.0002702068189570639,0.0,0.0,0.0,6.755170473926597e-05
2021-12-08,0.00402986528736049,0.0,0.0,0.0,0.0010074663218401225
2021-12-09,-0.0033520932940491743,0.0,0.0,0.0,-0.0008380233235122936
2021-12-10,0.0017392150962101116,0.0,0.0,0.0,0.0004348037740525279
2021-12-11,,,,,
2021-12-12,-0.0020321880922612445,0.0,0.0,0.0,-0.0005080470230653111
2021-12-13,-0.0015582322917082614,0.0,0.0,0.0,-0.00038955807292706535
2021-12-14,-0.0011084262564012848,0.0,0.0,0.0,-0.0002771065641003212
2021-12-15,0.0020417674604409353,0.0,0.0,0.0,0.0005104418651102338
2021-12-16,0.0041298265819138535,0.0,0.0,0.0,0.0010324566454784634
2021-12-17,0.0,0.0,0.0,0.0,0.0
2021-12-18,,,,,
2021-12-19,0.0,0.0,0.0,0.0,0.0
2021-12-20,0.0,0.0,0.0,0.0,0.0
2021-12-21,0.0,0.0,0.0,0.0,0.0
2021-12-22,0.0,0.0,0.0,0.0,0.0
2021-12-23,0.0,0.0,0.0,0.0,0.0
2021-12-24,0.0,0.0,0.0,0.0,0.0
2021-12-25,,,,,
2021-12-26,0.0,0.0,0.0,0.0,0.0
2021-12-27,0.0,0.0,0.0,0.0,0.0
2021-12-28,0.0,0.0,0.0,0.0,0.0
2021-12-29,0.0,0.0,0.0,0.0,0.0
2021-12-30,0.0,0.0,0.0,0.0,0.0
2021-12-31,0.0,0.0,0.0,0.0,0.0
2022-01-01,,,,,
2022-01-02,0.0,0.0,0.0,0.0,0.0
2022-01-03,0.0,0.0,0.0,0.0,0.0
2022-01-04,0.0,0.0,-0.00010001000100001711,0.0,-2.5002500250004278e-05
2022-01-05,0.0,0.0,0.0014479788940802152,0.0,0.0003619947235200538
2022-01-06,0.0,0.0,-0.00022807119042711488,0.0,-5.701779760677872e-05
2022-01-07,0.0,0.0,0.0030516860773901477,0.0,0.0007629215193475369
2022-01-08,,,,,
2022-01-09,0.0,0.0,-0.0022227983646925242,0.0,-0.0005556995911731311
2022-01-10,0.0,0.0,0.00483826057862724,0.0,0.00120956514465681
2022-01-11,0.0,0.0,-0.0011470315492038141,0.0,-0.00028675788730095353
2022-01-12,0.0,-0.00010001000100001711,0.0069033203120700826,0.0,0.0017008275777675164
2022-01-13,0.0,-0.0009699987991999004,0.0,0.0,-0.0002424996997999751
2022-01-14,0.0,0.003325289083075722,0.0,0.0,0.0008313222707689305
2022-01-15,,,,,
2022-01-16,0.0,0.00018917886446745413,0.0,0.0,4.729471611686353e-05
2022-01-17,0.0,0.0028771572756116637,0.0,0.0,0.0007192893189029159
2022-01-18,0.0,0.002448178910982257,0.0,0.0,0.0006120447277455643
2022-01-19,0.0,-0.0013784862044553536,0.0,0.0,-0.0003446215511138384
2022-01-20,0.0,0.002271663872515317,0.0,0.0,0.0005679159681288293
2022-01-21,0.0,0.002834047604183043,0.0,0.0,0.0007085119010457608
2022-01-22,,,,,
2022-01-23,0.0,-0.00014418563656171113,0.0,0.0,-3.604640914042778e-05
2022-01-24,0.0,0.00594150171894281,0.0,0.0,0.0014853754297357025
2022-01-25,0.0,0.0,0.0,0.0,0.0
2022-01-26,0.0,0.0,0.0,0.0,0.0
2022-01-27,0.0,0.0,0.0,0.0,0.0
2022-01-28,0.0,0.0,0.0,0.0,0.0
2022-01-29,,,,,
2022-01-30,0.0,0.0,0.0,0.0,0.0
2022-01-31,0.0,0.0,0.0,0.0,0.0
2022-02-01,0.0,0.0,0.0,0.0,0.0
2022-02-02,0.0,0.0,0.0,0.0,0.0
2022-02-03,0.0,0.0,0.0,0.0,0.0
2022-02-04,0.0,0.0,0.0,0.0,0.0
2022-02-05,,,,,
2022-02-06,0.0,0.0,0.0,0.0,0.0
2022-02-07,0.0,0.0,0.0,0.0,0.0
2022-02-08,0.0,0.0,0.0,0.0,0.0
2022-02-09,0.0,0.0,0.0,0.0,0.0
2022-02-10,0.0,0.0,0.0,0.0,0.0
2022-02-11,0.0,0.0,0.0,0.0,0.0
2022-02-12,,,,,
2022-02-13,0.0,0.0,0.0,0.0,0.0
2022-02-14,0.0,0.0,0.0,0.0,0.0
2022-02-15,0.0,0.0,0.0,0.0,0.0
2022-02-16,0.0,0.0,0.0,0.0,0.0
2022-02-17,0.0,0.0,0.0,0.0,0.0
2022-02-18,0.0,0.0,0.0,0.0,0.0
2022-02-19,,,,,
2022-02-20,0.0,0.0,0.0,0.0,0.0
2022-02-21,0.0,0.0,0.0,0.0,0.0
2022-02-22,0.0,0.0,0.0,0.0,0.0
2022-02-23,0.0,0.0,0.0,0.0,0.0
2022-02-24,0.0,0.0,0.0,0.0,0.0
2022-02-25,0.0,0.0,0.0,0.0,0.0
2022-02-26,,,,,
2022-02-27,0.0,0.0,0.0,0.0,0.0
2022-02-28,0.0,0.0,0.0,0.0,0.0
2022-03-01,0.0,0.0,0.0,0.0,0.0
2022-03-02,0.0,0.0,0.0,0.0,0.0
2022-03-03,0.0,0.0,0.0,0.0,0.0
2022-03-04,0.0,0.0,0.0,0.0,0.0
2022-03-05,,,,,
2022-03-06,-9.999000099991662e-05,0.0,0.0,0.0,-2.4997500249979154e-05
2022-03-07,-0.0008319123412585672,0.0,0.0,0.0,-0.0002079780853146418
2022-03-08,0.004356226137356867,0.0,0.0,0.0,0.0010890565343392167
2022-03-09,0.012595208324745588,0.0,0.0,0.0,0.003148802081186397
2022-03-10,-0.004785446453206221,0.0,0.0,0.0,-0.0011963616133015553
2022-03-11,-0.00806257356984752,0.0,0.0,0.0,-0.00201564339246188
2022-03-12,,,,,
2022-03-13,-0.0006964330714074318,0.0,0.0,0.0,-0.00017410826785185796
2022-03-14,0.006712424863482003,0.0,-0.00010001000100012813,0.0,0.0016531037156204687
2022-03-15,-0.0009199925307536994,0.0,0.0010142387953333554,0.0,2.3561566144914003e-05
2022-03-16,0.006113099172611713,0.0,-0.003997962358060492,0.0,0.0005287842036378054
2022-03-17,0.0042998377932634835,0.0,-0.000678185464806691,0.0,0.0009054130821141981
2022-03-18,-0.0028467663711623237,0.0,-0.003223567134206795,0.0,-0.0015175833763422797
2022-03-19,,,,,
2022-03-20,-0.0004976835094830934,0.0,-0.0003148887069013284,0.0,-0.00020314305409610545
2022-03-21,-0.003920077496220253,0.0,-0.006227395777099853,0.0,-0.0025368683183300267
2022-03-22,0.0023222206064130724,0.0,-0.009954311918459746,0.0,-0.0019080228280116684
2022-03-23,-0.0039399888465218025,0.0,-0.001245983733672018,0.0,-0.0012964931450484551
2022-03-24,0.0037962583640585024,0.0,-0.003144835742812102,0.0,0.00016285565531160007
2022-03-25,-0.0037592280205327455,0.0,-0.004432303132073434,0.0,-0.002047882788151545
2022-03-26,,,,,
2022-03-27,-0.0028949225062019357,0.0,-0.008995731372261506,0.0,-0.0029726634696158605
2022-03-28,0.003565249544643212,0.0,-0.00019819626913542,0.0,0.000841763318876948
2022-03-29,0.011111578875546035,0.0,0.013286187666438742,0.0,0.0060994416354961944
2022-03-30,0.0,0.0,-0.006090810081236131,0.0,-0.0015227025203090327
2022-03-31,0.0,0.0,-0.002506368007493376,0.0,-0.000626592001873344
2022-04-01,0.0,0.0,0.00062707014161556,0.0,0.00015676753540389
2022-04-02,,,,,
2022-04-03,0.0,0.0,-0.0014330310135730606,0.0,-0.00035825775339326515
2022-04-04,0.0,0.0,0.001619410708608493,0.0,0.00040485267715212325
2022-04-05,0.0,0.0,-0.010506960198641058,0.0,-0.0026267400496602644
2022-04-06,0.0,0.0,0.0002391161582386836,0.0,5.97790395596709e-05
2022-04-07,0.0,0.0,-0.002085125681840161,0.0,-0.0005212814204600402
2022-04-08,0.0,0.0,-0.0030521528039504364,0.0,-0.0007630382009876091
2022-04-09,,,,,
2022-04-10,0.0,0.0,-0.005041680314283203,0.0,-0.0012604200785708009
2022-04-11,0.0,0.0,-0.004982252082094352,0.0,-0.001245563020523588
2022-04-12,0.0,0.0,-0.0007101772668800521,0.0,-0.00017754431672001303
2022-04-13,0.0,0.0,0.0024918849069213156,0.0,0.0006229712267303289
2022-04-14,0.0,0.0,-0.010351062805401545,0.0,-0.0025877657013503863
2022-04-15,0.0,0.0,-0.0008070049319299777,0.0,-0.00020175123298249442
2022-04-16,,,,,
2022-04-17,0.0,0.0,-0.001878482471691978,0.0,-0.0004696206179229945
2022-04-18,0.0,0.0,-0.011505765881592356,0.0,-0.002876441470398089
2022-04-19,0.0,0.0,-0.003945813324756409,0.0,-0.0009864533311891022
2022-04-20,0.0,0.0,1.8468272471316993e-05,0.0,4.617068117829248e-06
2022-04-21,0.0,0.0,-0.000997268295612308,0.0,-0.000249317073903077
2022-04-22,0.0,0.0,-0.0009289399552272481,0.0,-0.00023223498880681204
2022-04-23,,,,,
2022-04-24,0.0,0.0,0.002044642933651808,0.0,0.000511160733412952
2022-04-25,0.0,-9.999000100002764e-05,0.003037624098878089,0.0,0.0007344085244695153
2022-04-26,0.0,-0.014690907381877394,0.0025773828787007957,0.0,-0.0030283811257941495
2022-04-27,-9.999000099991662e-05,-0.0054416739209069975,-0.018128427864670282,0.0,-0.005917522946644299
2022-04-28,0.0001998011502839514,-0.0023060813403248392,-0.008766365923867703,0.0,-0.0027181615284771476
2022-04-29,0.003115324065045888,0.0077193938252861916,0.00792412968826084,0.0,0.00468971189464823
2022-04-30,,,,,
2022-05-01,-0.0019771841483883223,-0.001546363065376477,-0.004459717520537754,0.0,-0.0019958161835756383
2022-05-02,-0.0005083401032833779,-0.0021340213163248967,0.0028203750459152577,0.0,4.4503406576745785e-05
2022-05-03,-0.00027568898479901627,-0.0038542410616320133,-0.0013546599978618845,0.0,-0.0013711475110732285
2022-05-04,0.00942831060649274,0.007730296755277921,0.009481401846328286,0.0,0.006660002302024737
2022-05-05,-0.007705822229130299,-0.01672515967996424,-0.01373514829899114,0.0,-0.00954153255202142
2022-05-06,0.0011676974998933165,-0.002785087453362922,0.0004620142613769307,0.0,-0.00028884392302316875
2022-05-07,,,,,
2022-05-08,-0.003442112300099054,-0.0036400486420755662,-0.004010128247558087,0.0,-0.0027730722974331767
2022-05-09,0.006613032908164396,0.006183839024906268,0.006779848200324734,0.0,0.0048941800333488494
2022-05-10,-0.003861405324674716,-0.0027696686910182455,-0.001273528172166083,0.0,-0.001976150546964761
2022-05-11,-0.0014803287088877015,-0.008449664892128728,0.00527470671637853,0.0,-0.0011638217211594748
2022-05-12,-0.012487408055043225,-0.0008300859118475223,0.007105255842747793,0.0,-0.0015530595310357387
2022-05-13,0.0015301408884440537,0.003454061796603236,-0.001775400955668971,0.0,0.0008022004323445797
2022-05-14,,,,,
2022-05-15,-0.0010473618971663656,-0.0018883006925130008,0.003398816192506482,0.0,0.00011578840070677887
2022-05-16,0.004347742444354763,0.008200840923299424,-0.004143646452421046,0.0,0.0021012342288082853
2022-05-17,0.008653054188135556,0.01069555560959401,0.0021480058563154714,0.0,0.005374153913511259
2022-05-18,-0.0030954019987181614,-0.006989417628730732,0.0033848080749008247,0.0,-0.0016750028881370171
2022-05-19,0.0063767066857793875,0.005411211707600616,0.010224304268519946,0.0,0.005503055665474987
2022-05-20,-0.001012672603893705,0.0034501594544009695,0.0,0.0,0.0006093717126268161
2022-05-21,,,,,
2022-05-22,0.003414437160126793,0.004042353091865181,0.0,0.0,0.0018641975629979934
2022-05-23,0.0,0.0,0.0,0.0,0.0
2022-05-24,0.0,0.0,0.0,0.0,0.0
2022-05-25,0.0,0.0,0.0,0.0,0.0
2022-05-26,0.0,0.0,0.0,0.0,0.0
2022-05-27,0.0,0.0,0.0,0.0,0.0
2022-05-28,,,,,
2022-05-29,0.0,0.0,0.0,0.0,0.0
2022-05-30,0.0,0.0,0.0,0.0,0.0
2022-05-31,0.0,0.0,0.0,0.0,0.0
2022-06-01,0.0,0.0,0.0,0.0,0.0
2022-06-02,0.0,0.0,0.0,0.0,0.0
2022-06-03,0.0,0.0,0.0,0.0,0.0
2022-06-04,,,,,
2022-06-05,0.0,0.0,0.0,0.0,0.0
2022-06-06,0.0,0.0,0.0,0.0,0.0
2022-06-07,0.0,0.0,0.0,0.0,0.0
2022-06-08,0.0,0.0,0.0,0.0,0.0
2022-06-09,0.0,0.0,-0.00010001000100001711,0.0,-2.5002500250004278e-05
2022-06-10,0.0,0.0,-0.00228632923464267,0.0,-0.0005715823086606675
2022-06-11,,,,,
2022-06-12,0.0,0.0,-0.004011179471952064,0.0,-0.001002794867988016
2022-06-13,0.0,0.0,0.0026498580470668553,0.0,0.0006624645117667138
2022-06-14,0.0,0.0,-0.0036910125904549007,0.0,-0.0009227531476137252
2022-06-15,0.0,0.0,0.00571483607763712,0.0,0.00142870901940928
2022-06-16,0.0,0.0,0.0009302486619453543,0.0,0.00023256216548633857
2022-06-17,0.0,0.0,-0.006065257704390592,0.0,-0.001516314426097648
2022-06-18,,,,,
2022-06-19,0.0,0.0,0.0010965308961163878,0.0,0.00027413272402909694
2022-06-20,0.0,0.0,-0.0011403433878983682,0.0,-0.00028508584697459205
2022-06-21,0.0,0.0,-0.00898294556314494,0.0,-0.002245736390786235
2022-06-22,0.0,0.0,0.006298070005103407,0.0,0.0015745175012758517
2022-06-23,0.0,0.0,0.005185417926055758,0.0,0.0012963544815139394
2022-06-24,0.0,0.0,-0.0040572531056344285,0.0,-0.0010143132764086071
2022-06-25,,,,,
2022-06-26,0.0,0.0,0.002749708451722954,0.0,0.0006874271129307385
2022-06-27,0.0,0.0,-0.0034136431497236996,0.0,-0.0008534107874309249
2022-06-28,0.0,0.0,-0.006511902552222337,0.0,-0.0016279756380555843
2022-06-29,0.0,0.0,-0.0031522630235293336,0.0,-0.0007880657558823334
2022-06-30,0.0,0.0,0.011349065369233857,0.0,0.0028372663423084643
2022-07-01,0.0,0.0,-0.0010823350043742686,0.0,-0.00027058375109356714
2022-07-02,,,,,
2022-07-03,0.0,0.0,0.0005605647593187602,0.0,0.00014014118982969004
2022-07-04,0.0,0.0,-0.007208057696160619,0.0,-0.0018020144240401548
2022-07-05,0.0,0.0,0.005836339359299059,0.0,0.0014590848398247647
2022-07-06,-9.99900009998056e-05,0.0,-0.002903119773162821,0.0,-0.0007507774435406567
2022-07-07,-0.004537969969028222,0.0,0.0011820002158249299,0.0,-0.0008389924383008229
2022-07-08,0.0028405454634963245,0.0,-0.0038511100329797765,0.0,-0.000252641142370863
2022-07-09,,,,,
2022-07-10,-0.0036964856386869638,0.0,-0.007145092081573212,0.0,-0.002710394430065044
2022-07-11,-0.012051992077022344,0.0,-0.0015216789701428812,0.0,-0.0033934177617913064
2022-07-12,0.001022403096135882,0.0,0.0008746755472222034,0.0,0.0004742696608395214
2022-07-13,-0.0001046270047282416,0.0,-0.006739419676478731,0.0,-0.001711011670301743
2022-07-14,-0.000896896737289099,0.0,-0.007876303878595392,0.0,-0.0021933001539711228
2022-07-15,0.006199130226619998,0.0,0.0038261300222721673,0.0,0.0025063150622230412
2022-07-16,,,,,
2022-07-17,0.0016604297291269443,0.0,0.0015739989799916643,0.0,0.0008086071772796521
2022-07-18,0.0025780592805184632,0.0,0.002553728775997799,0.0,0.0012829470141290655
2022-07-19,0.011144508442286094,0.0,-0.0007760772536066218,0.0,0.002592107797169868
2022-07-20,-0.0033338377206899583,0.0,-0.0013995620113750329,0.0,-0.0011833499330162478
2022-07-21,-0.0019051257187072679,0.0,0.004920733714109282,0.0,0.0007539019988505036
2022-07-22,0.002477956005240367,0.0,0.011842290324923122,0.0,0.003580061582540872
2022-07-23,,,,,
2022-07-24,-0.0006803653415041744,0.0,0.0,0.0,-0.0001700913353760436
2022-07-25,0.002091466132452924,0.0,0.0,0.0,0.000522866533113231
2022-07-26,-0.00836306759861194,0.0,0.0,0.0,-0.002090766899652985
2022-07-27,0.006304250316691462,0.0,0.0,0.0,0.0015760625791728655
2022-07-28,0.0006220672224452883,0.0,0.0,0.0,0.00015551680561132208
2022-07-29,0.0012042000146854637,0.0,0.0,0.0,0.0003010500036713659
2022-07-30,,,,,
2022-07-31,-0.00015645550063325686,0.0,0.0,0.0,-3.9113875158314215e-05
2022-08-01,0.004564592980895066,0.0,0.0,0.0,0.0011411482452237665
2022-08-02,0.0,0.0,0.0,0.0,0.0
2022-08-03,0.0,0.0,0.0,0.0,0.0
2022-08-04,0.0,0.0,0.0,0.0,0.0
2022-08-05,0.0,0.0,0.0,0.0,0.0
2022-08-06,,,,,
2022-08-07,0.0,0.0,0.0,0.0,0.0
2022-08-08,0.0,0.0,0.0,0.0,0.0
2022-08-09,0.0,0.0,0.0,0.0,0.0
2022-08-10,0.0,0.0,0.0,0.0,0.0
2022-08-11,0.0,0.0,0.0,0.0,0.0
2022-08-12,0.0,0.0,0.0,0.0,0.0
2022-08-13,,,,,
2022-08-14,0.0,0.0,0.0,0.0,0.0
2022-08-15,0.0,0.0,0.0,0.0,0.0
2022-08-16,0.0,0.0,0.0,0.0,0.0
2022-08-17,0.0,0.0,0.0,0.0,0.0
2022-08-18,0.0,0.0,0.0,0.0,0.0
2022-08-19,0.0,0.0,0.0,0.0,0.0
2022-08-20,,,,,
2022-08-21,0.0,0.0,0.0,0.0,0.0
2022-08-22,0.0,0.0,0.0,0.0,0.0
2022-08-23,0.0,0.0,0.0,0.0,0.0
2022-08-24,0.0,0.0,0.0,0.0,0.0
2022-08-25,0.0,0.0,0.0,0.0,0.0
2022-08-26,0.0,0.0,0.0,0.0,0.0
2022-08-27,,,,,
2022-08-28,0.0,0.0,0.0,0.0,0.0
2022-08-29,0.0,0.0,0.0,0.0,0.0
2022-08-30,0.0,0.0,0.0,0.0,0.0
2022-08-31,0.0,0.0,0.0,0.0,0.0
2022-09-01,0.0,-9.999000100002764e-05,0.0,0.0,-2.499750025000691e-05
2022-09-02,0.0,-0.0032814989263697525,0.0,0.0,-0.0008203747315924381
2022-09-03,,,,,
2022-09-04,0.0,-0.003309676242431725,0.0,0.0,-0.0008274190606079312
2022-09-05,0.0,0.00789638823037242,-0.00010001000100001711,0.0,0.0019490945573431007
2022-09-06,0.0,-0.00860414036422752,-0.024272970329933363,0.0,-0.00821927767354022
2022-09-07,0.0,0.003161879508404075,3.6454871428226454e-06,0.0,0.0007913812488867245
2022-09-08,0.0,0.007086371125863522,0.006047841122386988,0.0,0.0032835530620626274
2022-09-09,0.0,0.0007468195416342471,0.003938808788616299,0.0,0.0011714070825626366
2022-09-10,,,,,
2022-09-11,0.0,0.0018807533366116402,-0.0020717626711576065,0.0,-4.775233363649156e-05
2022-09-12,0.0,0.006454029570563735,0.003132179853198913,0.0,0.002396552355940662
2022-09-13,0.0,-0.015426276004568806,-0.013809228350069369,0.0,-0.007308876088659544
2022-09-14,0.0,0.0020942772353802486,0.007235282573884394,0.0,0.0023323899523161606
2022-09-15,0.0,-0.00603556299402086,0.00021778603237820882,0.0,-0.0014544442404106628
2022-09-16,0.0,-0.0036642659908130426,0.0032261604337224803,0.0,-0.00010952638927264058
2022-09-17,,,,,
2022-09-18,0.0,-0.001628714410182197,-0.0017543938239872325,0.0,-0.0008457770585423574
2022-09-19,0.0,0.0028417438132870565,-5.4354962814917585e-05,0.0,0.0006968472126180347
2022-09-20,0.0,-0.005033300244449812,-0.004761753567514404,0.0,-0.002448763452991054
2022-09-21,0.0,-0.012675474451271374,-0.007282399315906463,0.0,-0.004989468441794459
2022-09-22,0.0,-0.0002003187293562192,0.019194177474982643,0.0,0.004748464686406606
2022-09-23,0.0,-0.03396305382529585,-0.008129766429154639,-0.00010001000100012813,-0.010548207563862655
2022-09-24,,,,,
2022-09-25,0.0,-0.032018398941784265,-0.0042850597097998655,-0.0029437345282741223,-0.009811798294964563
2022-09-26,0.0,0.026411518793268973,-0.003447173108451329,-0.004794001207167109,0.004542586119412634
2022-09-27,-9.99900009998056e-05,-0.011008076300395686,-0.001974537522505093,-0.00548459011809832,-0.004641798485499726
2022-09-28,0.013207241229607147,0.012293851667010802,0.0022129262904266866,0.008505302635215983,0.009054830455565155
2022-09-29,0.011801267887748601,0.02738431170853084,-0.002522429870468801,-0.00450332808590348,0.00803995540997679
2022-09-30,0.00019898568323517551,0.0071980408339984425,-0.0001246079606331829,-0.008260023262275595,-0.00024690117641879006
2022-10-01,,,,,
2022-10-02,0.00031627328051886394,-0.004441996569990447,-0.0007550717317853506,0.004718665726830107,-4.053232360670678e-05
2022-10-03,0.0039266681965375305,0.018055796087814935,0.0008510146245337413,0.012278004600639214,0.008777870877381355
2022-10-04,0.012602866939273039,0.0,0.004903833522964751,0.005096129866273946,0.005650707582127934
2022-10-05,0.0,0.0,-0.003672692535614086,-0.0035242918689805114,-0.0017992461011486494
2022-10-06,0.0,0.0,-0.002818667144876552,-0.011474237859540604,-0.003573226251104289
2022-10-07,0.0,0.0,-0.0030689174426319354,5.206790736345113e-05,-0.0007542123838171211
2022-10-08,,,,,
2022-10-09,0.0,0.0,-0.0004971043458283919,0.00014131981890219691,-8.894613173154875e-05
2022-10-10,0.0,0.0,-0.0021367697573883015,-0.00752979466122794,-0.0024166411046540603
2022-10-11,0.0,0.0,-0.003511067928724909,0.0011726947078638528,-0.0005845933052152641
2022-10-12,0.0,0.0,-0.004386700032934621,-9.355599886584631e-05,-0.0011200640079501167
2022-10-13,0.0,0.0,-0.004316716578429136,0.00735418953941247,0.0007593682402458335
2022-10-14,0.0,0.0,-0.010277962387423623,-0.011922292818196123,-0.005550063801404936
2022-10-15,,,,,
2022-10-16,0.0,0.0,0.0007288168396184513,0.0035608111821761046,0.001072407005448639
2022-10-17,0.0,0.0,-0.0017659993396913487,0.010565848532932076,0.002199962298310182
2022-10-18,0.0,0.0,-0.0023437107664707746,-0.003655674924192609,-0.0014998464226658459
2022-10-19,0.0,0.0,-0.005369096764876402,-0.004413324816861852,-0.0024456053954345636
2022-10-20,0.0,0.0,-0.0034285614811715437,0.0012409097919416912,-0.0005469129223074631
2022-10-21,0.0,0.0,0.02086003101299827,0.010481326988444284,0.007835339500360639
2022-10-22,,,,,
2022-10-23,0.0,0.0,-0.009432416361569551,0.0,-0.0023581040903923878
2022-10-24,0.0,0.0,0.0004006974227854787,0.0,0.00010017435569636968
2022-10-25,0.0,0.0,0.0046893049856611135,0.0,0.0011723262464152784
2022-10-26,0.0,0.0,0.015558457794454528,0.0,0.003889614448613632
2022-10-27,0.0,0.0,0.0,0.0,0.0
2022-10-28,0.0,0.0,0.0,0.0,0.0
2022-10-29,,,,,
2022-10-30,0.0,0.0,0.0,0.0,0.0
2022-10-31,0.0,0.0,0.0,0.0,0.0
2022-11-01,0.0,0.0,0.0,0.0,0.0
2022-11-02,0.0,0.0,0.0,0.0,0.0
2022-11-03,0.0,0.0,0.0,0.0,0.0
2022-11-04,0.0,0.0,0.0,0.0,0.0
2022-11-05,,,,,
2022-11-06,0.0,0.0,0.0,0.0,0.0
2022-11-07,0.0,0.0,0.0,0.0,0.0
2022-11-08,0.0,0.0,0.0,0.0,0.0
2022-11-09,0.0,0.0,0.0,0.0,0.0
2022-11-10,0.0,0.0,0.0,0.0,0.0
2022-11-11,0.0,0.0,0.0,0.0,0.0
2022-11-12,,,,,
2022-11-13,0.0,0.0,0.0,0.0,0.0
2022-11-14,0.0,0.0,0.0,0.0,0.0
2022-11-15,0.0,0.0,0.0,0.0,0.0
2022-11-16,0.0,0.0,0.0,0.0,0.0
2022-11-17,0.0,0.0,0.0,0.0,0.0
2022-11-18,0.0,0.0,0.0,0.0,0.0
2022-11-19,,,,,
2022-11-20,0.0,0.0,0.0,0.0,0.0
2022-11-21,0.0,0.0,0.0,0.0,0.0
2022-11-22,0.0,0.0,0.0,0.0,0.0
2022-11-23,0.0,0.0,0.0,0.0,0.0
2022-11-24,0.0,0.0,0.0,0.0,0.0
2022-11-25,0.0,0.0,0.0,0.0,0.0
2022-11-26,,,,,
2022-11-27,0.0,0.0,0.0,0.0,0.0
2022-11-28,0.0,0.0,0.0,0.0,0.0
2022-11-29,0.0,0.0,0.0,0.0,0.0
2022-11-30,0.0,0.0,0.0,0.0,0.0
2022-12-01,0.0,0.0,0.0,0.0,0.0
2022-12-02,0.0,0.0,-9.999000100047173e-05,0.0,-2.4997500250117932e-05
2022-12-03,,,,,
2022-12-04,0.0,0.0,-0.00018239141197018416,0.0,-4.559785299254604e-05
2022-12-05,0.0,0.0,0.01906524102396112,0.0,0.00476631025599028
2022-12-06,0.0,0.0,0.004179377112065064,0.0,0.001044844278016266
2022-12-07,0.0,0.0,-0.0035180395024539957,0.0,-0.0008795098756134989
2022-12-08,0.0,0.0,-0.006801702798811204,0.0,-0.001700425699702801
2022-12-09,0.0,0.0,0.0039810468351964,0.0,0.0009952617087991
2022-12-10,,,,,
2022-12-11,0.0,0.0,0.002727718748398056,0.0,0.000681929687099514
2022-12-12,0.0,0.0,0.005466156930188593,0.0,0.0013665392325471482
2022-12-13,0.0,0.0,-0.015557589227350066,0.0,-0.0038893973068375165
2022-12-14,0.0,0.0,0.0015124686439429436,0.0,0.0003781171609857359
2022-12-15,0.0,0.0,0.01070020995248444,0.0,0.00267505248812111
2022-12-16,0.0,0.0,-0.0033273201042290923,0.0,-0.0008318300260572731
2022-12-17,,,,,
2022-12-18,0.0,0.0,-0.004351291858330941,0.0,-0.0010878229645827353
2022-12-19,0.0,0.0,-0.02089668444170223,0.0,-0.005224171110425557
2022-12-20,0.0,0.0,-0.008259502929460427,0.0,-0.002064875732365107
2022-12-21,0.0,0.0,-0.0029614220877457464,0.0,-0.0007403555219364366
2022-12-22,0.0,0.0,0.006922922269808174,0.0,0.0017307305674520435
2022-12-23,0.0,0.0,0.0008137370875747063,0.0,0.00020343427189367658
2022-12-24,,,,,
2022-12-25,,,,,
2022-12-26,,,,,
2022-12-27,0.0,0.0,0.008894894940110865,0.0,0.002223723735027716
2022-12-28,0.0,0.0,-0.0025744251383286176,0.0,-0.0006436062845821544
2022-12-29,0.0,0.0,-0.007436473884435468,0.0,-0.001859118471108867
2022-12-30,0.0,0.0,-0.011860120673995445,0.0,-0.002965030168498861
2022-12-31,,,,,
2023-01-01,,,,,
2023-01-02,,,,,
2023-01-03,0.0,0.0,-0.0022273413782055718,0.0,-0.0005568353445513929
2023-01-04,0.0,0.0,0.011440606699998357,0.0,0.0028601516749995892
2023-01-05,0.0,0.0,0.011999017403299117,0.0,0.0029997543508247793
2023-01-06,0.0,0.0,-0.01342146538203004,0.0,-0.00335536634550751
2023-01-07,,,,,
2023-01-08,0.0,0.0,-0.0030168139114107317,0.0,-0.0007542034778526829
2023-01-09,0.0,0.0,0.002175489485134019,0.0,0.0005438723712835047
2023-01-10,0.0,0.0,0.0022351702138945218,0.0,0.0005587925534736304
2023-01-11,0.0,0.0,-0.0062634189119721295,0.0,-0.0015658547279930324
2023-01-12,0.0,0.0,-0.01701439738298549,0.0,-0.004253599345746373
2023-01-13,0.0,0.0,-0.010436417952031984,0.0,-0.002609104488007996
2023-01-14,,,,,
2023-01-15,0.0,0.0,-0.001399941343239841,0.0,-0.0003499853358099603
2023-01-16,0.0,0.0,0.007843613309472364,0.0,0.001960903327368091
2023-01-17,0.0,0.0,0.02061234798150524,0.0,0.00515308699537631
2023-01-18,0.0,0.0,-0.025187018178357334,0.0,-0.006296754544589334
2023-01-19,0.0,0.0,0.007947387125623262,0.0,0.0019868467814058155
2023-01-20,0.0,0.0,0.0041302781157253055,0.0,0.0010325695289313264
2023-01-21,,,,,
2023-01-22,0.0,0.0,1.5434480629572533e-05,0.0,3.858620157393133e-06
2023-01-23,0.0,0.0,0.005513883101048167,0.0,0.0013784707752620418
2023-01-24,0.0,0.0,0.0013008791487107985,0.0,0.0003252197871776996
2023-01-25,0.0,0.0,-0.009305106311222833,0.0,-0.002326276577805708
2023-01-26,0.0,0.0,0.006158512053971998,0.0,0.0015396280134929996
2023-01-27,0.0,0.0,-0.0016609251968504601,0.0,-0.00041523129921261503
2023-01-28,,,,,
2023-01-29,0.0,0.0,-0.00263417339330807,0.0,-0.0006585433483270176
2023-01-30,0.0,0.0,0.006243725384199372,0.0,0.001560931346049843
2023-01-31,0.0,0.0,-0.0003798969289744436,0.0,-9.49742322436109e-05
2023-02-01,0.0,0.0,-0.013938686669379363,0.0,-0.003484671667344841
2023-02-02,0.0,0.0,0.0008798327539154549,0.0,0.00021995818847886373
2023-02-03,0.0,0.0,0.02059083172237286,0.0,0.005147707930593215
2023-02-04,,,,,
2023-02-05,0.0,0.0,0.0,0.0,0.0
2023-02-06,0.0,0.0,0.0,0.0,0.0
2023-02-07,0.0,0.0,0.0,0.0,0.0
2023-02-08,0.0,0.0,0.0,0.0,0.0
2023-02-09,0.0,0.0,0.0,0.0,0.0
2023-02-10,0.0,0.0,0.0,0.0,0.0
2023-02-11,,,,,
2023-02-12,0.0,0.0,0.0,0.0,0.0
2023-02-13,0.0,0.0,0.0,0.0,0.0
2023-02-14,0.0,0.0,0.0,0.0,0.0
2023-02-15,0.0,0.0,0.0,0.0,0.0
2023-02-16,0.0,0.0,0.0,0.0,0.0
2023-02-17,0.0,0.0,0.0,0.0,0.0
2023-02-18,,,,,
2023-02-19,0.0,0.0,0.0,0.0,0.0
2023-02-20,0.0,0.0,0.0,0.0,0.0
2023-02-21,0.0,0.0,0.0,0.0,0.0
2023-02-22,0.0,0.0,0.0,0.0,0.0
2023-02-23,0.0,0.0,0.0,0.0,0.0
2023-02-24,0.0,0.0,0.0,0.0,0.0
2023-02-25,,,,,
2023-02-26,0.0,0.0,0.0,0.0,0.0
2023-02-27,0.0,0.0,0.0,0.0,0.0
2023-02-28,0.0,0.0,0.0,0.0,0.0
2023-03-01,0.0,0.0,0.0,0.0,0.0
2023-03-02,0.0,0.0,0.0,0.0,0.0
2023-03-03,0.0,0.0,0.0,0.0,0.0
2023-03-04,,,,,
2023-03-05,0.0,0.0,0.0,0.0,0.0
2023-03-06,0.0,0.0,0.0,0.0,0.0
2023-03-07,0.0,0.0,0.0,0.0,0.0
2023-03-08,0.0,0.0,0.0,-0.00010001000100001711,-2.5002500250004278e-05
2023-03-09,0.0,0.0,0.0,-0.002438381162383929,-0.0006095952905959823
2023-03-10,0.0,0.0,0.0,0.0009588501176505115,0.00023971252941262788
2023-03-11,,,,,
2023-03-12,0.0,0.0,0.0,0.007612653435261629,0.0019031633588154073
2023-03-13,0.0,0.0,0.0,-0.0009614976429026534,-0.00024037441072566335
2023-03-14,0.0,0.0,0.0,0.0040803851974751115,0.0010200962993687779
2023-03-15,0.0,0.0,0.0,-0.005718762084923501,-0.0014296905212308753
2023-03-16,0.0,0.0,0.0,0.004397686813270241,0.0010994217033175602
2023-03-17,0.0,0.0,0.0,-0.0029045754743591834,-0.0007261438685897958
2023-03-18,,,,,
2023-03-19,0.0,0.0,0.0,0.00110320445837786,0.000275801114594465
2023-03-20,0.0,0.0,0.0,0.002664940088956236,0.000666235022239059
2023-03-21,0.0,0.0,0.0,-0.0013863957092212775,-0.0003465989273053194
2023-03-22,0.0,0.0,0.0,0.0017515856716645573,0.0004378964179161393
2023-03-23,0.0,0.0,0.0,-0.003295983776556155,-0.0008239959441390388
2023-03-24,0.0,0.0,0.0,-0.0017867255687838979,-0.00044668139219597447
2023-03-25,,,,,
2023-03-26,0.0,0.0,0.0,0.0015264873244078547,0.0003816218311019637
2023-03-27,0.0,0.0,0.0,0.006383915795901585,0.0015959789489753962
2023-03-28,0.0,0.0,0.0,0.0,0.0
2023-03-29,0.0,0.0,0.0,0.0,0.0
2023-03-30,0.0,0.0,0.0,0.0,0.0
2023-03-31,0.0,0.0,0.0,0.0,0.0
2023-04-01,,,,,
2023-04-02,0.0,0.0,0.0,0.0,0.0
2023-04-03,0.0,0.0,0.0,0.0,0.0
2023-04-04,0.0,0.0,0.0,0.0,0.0
2023-04-05,0.0,0.0,0.0,0.0,0.0
2023-04-06,0.0,0.0,0.0,0.0,0.0
2023-04-07,0.0,0.0,0.0,0.0,0.0
2023-04-08,,,,,
2023-04-09,0.0,0.0,0.0,0.0,0.0
2023-04-10,0.0,0.0,0.0,0.0,0.0
2023-04-11,0.0,0.0,0.0,0.0,0.0
2023-04-12,0.0,0.0,0.0,0.0,0.0
2023-04-13,0.0,0.0,0.0,0.0,0.0
2023-04-14,0.0,0.0,0.0,0.0,0.0
2023-04-15,,,,,
2023-04-16,0.0,0.0,0.0,0.0,0.0
2023-04-17,0.0,0.0,0.0,0.0,0.0
2023-04-18,0.0,0.0,0.0,0.0,0.0
2023-04-19,0.0,0.0,0.0,0.0,0.0
2023-04-20,0.0,0.0,0.0,0.0,0.0
2023-04-21,0.0,0.0,0.0,0.0,0.0
2023-04-22,,,,,
2023-04-23,0.0,0.0,0.0,0.0,0.0
2023-04-24,0.0,0.0,0.0,0.0,0.0
2023-04-25,0.0,0.0,0.0,0.0,0.0
2023-04-26,0.0,0.0,0.0,0.0,0.0
2023-04-27,0.0,0.0,0.0,0.0,0.0
2023-04-28,0.0,0.0,0.0,0.0,0.0
2023-04-29,,,,,
2023-04-30,0.0,0.0,0.0,0.0,0.0
2023-05-01,0.0,0.0,0.0,0.0,0.0
2023-05-02,0.0,0.0,0.0,0.0,0.0
2023-05-03,0.0,0.0,0.0,0.0,0.0
2023-05-04,0.0,0.0,0.0,0.0,0.0
2023-05-05,0.0,0.0,0.0,0.0,0.0
2023-05-06,,,,,
2023-05-07,0.0,0.0,0.0,0.0,0.0
2023-05-08,0.0,0.0,0.0,0.0,0.0
2023-05-09,0.0,0.0,0.0,0.0,0.0
2023-05-10,0.0,0.0,0.0,0.0,0.0
2023-05-11,0.0,0.0,0.0,0.0,0.0
2023-05-12,0.0,0.0,0.0,0.0,0.0
2023-05-13,,,,,
2023-05-14,0.0,0.0,0.0,0.0,0.0
2023-05-15,0.0,0.0,0.0,0.0,0.0
2023-05-16,0.0,0.0,0.0,0.0,0.0
2023-05-17,0.0,0.0,0.0,0.0,0.0
2023-05-18,0.0,0.0,0.0,0.0,0.0
2023-05-19,0.0,0.0,0.0,0.0,0.0
2023-05-20,,,,,
2023-05-21,0.0,0.0,0.0,0.0,0.0
2023-05-22,0.0,0.0,0.0,0.0,0.0
2023-05-23,0.0,0.0,0.0,0.0,0.0
2023-05-24,0.0,0.0,0.0,0.0,0.0
2023-05-25,0.0,0.0,0.0,0.0,0.0
2023-05-26,0.0,0.0,0.0,0.0,0.0
2023-05-27,,,,,
2023-05-28,0.0,0.0,0.0,0.0,0.0
2023-05-29,0.0,0.0,0.0,0.0,0.0
2023-05-30,0.0,0.0,0.0,0.0,0.0
2023-05-31,0.0,0.0,0.0,0.0,0.0
2023-06-01,0.0,0.0,0.0,0.0,0.0
2023-06-02,0.0,0.0,0.0,0.0,0.0
2023-06-03,,,,,
2023-06-04,0.0,0.0,0.0,0.0,0.0
2023-06-05,0.0,0.0,0.0,0.0,0.0
2023-06-06,0.0,0.0,0.0,0.0,0.0
2023-06-07,0.0,0.0,0.0,0.0,0.0
2023-06-08,0.0,0.0,0.0,0.0,0.0
2023-06-09,0.0,0.0,0.0,0.0,0.0
2023-06-10,,,,,
2023-06-11,0.0,0.0,0.0,0.0,0.0
2023-06-12,0.0,0.0,0.0,0.0,0.0
2023-06-13,0.0,0.0,0.0,0.0,0.0
2023-06-14,0.0,0.0,0.0,0.0,0.0
2023-06-15,0.0,0.0,0.0,0.0,0.0
2023-06-16,0.0,0.0,0.0,0.0,0.0
2023-06-17,,,,,
2023-06-18,0.0,0.0,0.0,0.0,0.0
2023-06-19,0.0,0.0,0.0,0.0,0.0
2023-06-20,0.0,0.0,0.0,0.0,0.0
2023-06-21,0.0,0.0,0.0,0.0,0.0
2023-06-22,0.0,0.0,0.0,0.0,0.0
2023-06-23,0.0,0.0,0.0,0.0,0.0
2023-06-24,,,,,
2023-06-25,0.0,0.0,0.0,0.0,0.0
2023-06-26,0.0,0.0,0.0,0.0,0.0
2023-06-27,0.0,0.0,0.0,0.0,0.0
2023-06-28,0.0,0.0,-0.00010001000100012813,0.0,-2.5002500250032034e-05
2023-06-29,0.0,0.0,-0.002503703316573014,0.0,-0.0006259258291432535
2023-06-30,0.0,0.0,0.0029821290897791286,0.0,0.0007455322724447822
2023-07-01,,,,,
2023-07-02,0.0,0.0,-0.001820647313222734,0.0,-0.0004551618283056835
2023-07-03,0.0,0.0,-0.00016297813963106478,0.0,-4.0744534907766194e-05
2023-07-04,0.0,0.0,0.0008080871587134997,0.0,0.00020202178967837492
2023-07-05,0.0,0.0,0.0018366539956715666,0.0,0.00045916349891789165
2023-07-06,0.0,0.0,0.0023244694050950088,0.0,0.0005811173512737522
2023-07-07,0.0,0.0,0.012008022880638514,0.0,0.0030020057201596284
2023-07-08,,,,,
2023-07-09,0.0,0.0,0.0,0.0,0.0
2023-07-10,0.0,0.0,0.0,0.0,0.0
2023-07-11,0.0,0.0,0.0,0.0,0.0
2023-07-12,0.0,-0.00010001000100023916,0.0,0.0,-2.500250025005979e-05
2023-07-13,-0.00010001000100001711,-0.009754561983800647,0.0,0.0,-0.002463642996200166
2023-07-14,0.0012545374986421276,0.003535832485816348,0.0,0.0,0.001197592496114619
2023-07-15,,,,,
2023-07-16,3.110198313538426e-05,0.00037902381290755294,0.0,0.0,0.0001025314490107343
2023-07-17,-0.0024125502281072686,-0.00047553332264493875,0.0,0.0,-0.0007220208876880518
2023-07-18,0.0024673759213278412,0.0055466602614007154,0.0,0.0,0.002003509045682139
2023-07-19,1.7771140517597317e-05,0.005446825221830931,0.0,0.0,0.001366149090587132
2023-07-20,0.008045740887278274,0.005841980680065362,0.0,0.0,0.003471930391835909
2023-07-21,0.0008902638158518883,0.0016480659936175535,0.0,0.0,0.0006345824523673604
2023-07-22,,,,,
2023-07-23,-4.403326490876047e-06,0.0,0.0,0.0,-1.1008316227190118e-06
2023-07-24,0.004121531743917162,0.0,0.0,0.0,0.0010303829359792904
2023-07-25,0.002477244449465399,0.0,0.0,0.0,0.0006193111123663497
2023-07-26,0.0,0.0,0.0,0.0,0.0
2023-07-27,0.0,0.0,0.0,0.0,0.0
2023-07-28,0.0,0.0,0.0,0.0,0.0
2023-07-29,,,,,
2023-07-30,0.0,0.0,0.0,0.0,0.0
2023-07-31,0.0,0.0,0.0,0.0,0.0
2023-08-01,0.0,0.0,0.0,0.0,0.0
2023-08-02,0.0,0.0,0.0,0.0,0.0
2023-08-03,0.0,0.0,0.0,0.0,0.0
2023-08-04,0.0,0.0,0.0,0.0,0.0
2023-08-05,,,,,
2023-08-06,0.0,0.0,0.0,0.0,0.0
2023-08-07,0.0,0.0,0.0,0.0,0.0
2023-08-08,0.0,0.0,0.0,0.0,0.0
2023-08-09,0.0,0.0,0.0,0.0,0.0
2023-08-10,0.0,0.0,0.0,0.0,0.0
2023-08-11,0.0,0.0,0.0,0.0,0.0
2023-08-12,,,,,
2023-08-13,0.0,0.0,0.0,0.0,0.0
2023-08-14,0.0,0.0,0.0,0.0,0.0
2023-08-15,0.0,0.0,0.0,0.0,0.0
2023-08-16,0.0,0.0,0.0,0.0,0.0
2023-08-17,0.0,0.0,0.0,0.0,0.0
2023-08-18,0.0,0.0,0.0,0.0,0.0
2023-08-19,,,,,
2023-08-20,0.0,0.0,0.0,0.0,0.0
2023-08-21,0.0,0.0,0.0,0.0,0.0
2023-08-22,0.0,0.0,0.0,0.0,0.0
2023-08-23,0.0,0.0,0.0,0.0,0.0
2023-08-24,0.0,0.0,0.0,0.0,0.0
2023-08-25,0.0,0.0,0.0,0.0,0.0
2023-08-26,,,,,
2023-08-27,0.0,0.0,0.0,0.0,0.0
2023-08-28,0.0,0.0,0.0,0.0,0.0
2023-08-29,0.0,0.0,0.0,0.0,0.0
2023-08-30,0.0,0.0,0.0,0.0,0.0
2023-08-31,0.0,0.0,0.0,0.0,0.0
2023-09-01,0.0,0.0,0.0,0.0,0.0
2023-09-02,,,,,
2023-09-03,0.0,0.0,0.0,0.0,0.0
2023-09-04,0.0,0.0,0.0,0.0,0.0
2023-09-05,0.0,0.0,0.0,0.0,0.0
2023-09-06,0.0,0.0,0.0,0.0,0.0
2023-09-07,0.0,0.0,0.0,0.0,0.0
2023-09-08,0.0,0.0,0.0,0.0,0.0
2023-09-09,,,,,
2023-09-10,0.0,0.0,0.0,0.0,0.0
2023-09-11,0.0,0.0,0.0,0.0,0.0
2023-09-12,0.0,0.0,0.0,0.0,0.0
2023-09-13,0.0,0.0,0.0,0.0,0.0
2023-09-14,0.0,0.0,0.0,0.0,0.0
2023-09-15,0.0,0.0,0.0,0.0,0.0
2023-09-16,,,,,
2023-09-17,0.0,0.0,0.0,0.0,0.0
2023-09-18,0.0,0.0,0.0,0.0,0.0
2023-09-19,0.0,0.0,0.0,0.0,0.0
2023-09-20,0.0,0.0,0.0,0.0,0.0
2023-09-21,0.0,-9.999000099991662e-05,0.0,0.0,-2.4997500249979154e-05
2023-09-22,0.0,-0.0031600980607749962,0.0,0.0,-0.0007900245151937491
2023-09-23,,,,,
2023-09-24,0.0,-4.0852009509650955e-06,0.0,0.0,-1.0213002377412739e-06
2023-09-25,0.0,-0.0033539636824152508,0.0,0.0,-0.0008384909206038127
2023-09-26,0.0,-0.004652325752979802,0.0,0.0,-0.0011630814382449506
2023-09-27,-9.99900009998056e-05,-0.00030474119647982967,0.0,0.0,-0.00010118279936990882
2023-09-28,0.006802041088326716,0.006698111264443529,0.0,0.0,0.0033750380881925612
2023-09-29,-0.0001181960446875463,-0.0012194074007390032,0.0,0.0,-0.0003344008613566374
2023-09-30,,,,,
2023-10-01,-0.00046811166591020914,-0.0011307628962279326,0.0,0.0,-0.00039971864053453543
2023-10-02,-0.00956057316132819,-0.009277830415041488,0.0,0.0,-0.0047096008940924194
2023-10-03,-0.000917045584807541,-0.0012709847026433074,0.0,0.0,-0.0005470075718627121
2023-10-04,0.006329598041840301,0.008075013057644131,0.0,0.0,0.003601152774871108
2023-10-05,0.0016532066508314625,0.0017599697350998422,0.0,0.0,0.0008532940964828262
2023-10-06,0.004249506753680521,0.0046836388713293875,0.0,0.0,0.002233286406252477
2023-10-07,,,,,
2023-10-08,-0.003324769533021188,-0.003244060386917491,0.0,0.0,-0.0016422074799846698
2023-10-09,0.0016679302501894089,0.0031931333286876473,0.0,0.0,0.001215265894719264
2023-10-10,0.0033444974265819383,0.0044268006864427445,0.0,0.0,0.0019428245282561707
2023-10-11,0.00214401057996505,0.0,0.0,0.0,0.0005360026449912625
2023-10-12,0.0,0.0,0.0,0.0,0.0
2023-10-13,0.0,0.0,0.0,0.0,0.0
2023-10-14,,,,,
2023-10-15,0.0,0.0,0.0,0.0,0.0
2023-10-16,0.0,0.0,0.0,0.0,0.0
2023-10-17,0.0,0.0,0.0,0.0,0.0
2023-10-18,0.0,0.0,0.0,0.0,0.0
2023-10-19,0.0,0.0,0.0,0.0,0.0
2023-10-20,0.0,0.0,0.0,0.0,0.0
2023-10-21,,,,,
2023-10-22,0.0,0.0,0.0,0.0,0.0
2023-10-23,0.0,0.0,0.0,0.0,0.0
2023-10-24,0.0,0.0,0.0,0.0,0.0
2023-10-25,0.0,0.0,0.0,0.0,0.0
2023-10-26,0.0,0.0,0.0,0.0,0.0
2023-10-27,0.0,0.0,0.0,0.0,0.0
2023-10-28,,,,,
2023-10-29,0.0,0.0,0.0,0.0,0.0
2023-10-30,0.0,0.0,0.0,0.0,0.0
2023-10-31,0.0,0.0,0.0,0.0,0.0
2023-11-01,0.0,0.0,0.0,0.0,0.0
2023-11-02,0.0,0.0,0.0,0.0,0.0
2023-11-03,0.0,0.0,0.0,0.0,0.0
2023-11-04,,,,,
2023-11-05,0.0,0.0,0.0,0.0,0.0
2023-11-06,0.0,0.0,0.0,0.0,0.0
2023-11-07,0.0,0.0,0.0,0.0,0.0
2023-11-08,0.0,0.0,0.0,0.0,0.0
2023-11-09,0.0,0.0,0.0,0.0,0.0
2023-11-10,0.0,0.0,0.0,0.0,0.0
2023-11-11,,,,,
2023-11-12,0.0,0.0,0.0,0.0,0.0
2023-11-13,0.0,0.0,0.0,0.0,0.0
2023-11-14,0.0,0.0,0.0,0.0,0.0
2023-11-15,0.0,0.0,0.0,0.0,0.0
2023-11-16,0.0,0.0,0.0,0.0,0.0
2023-11-17,0.0,0.0,0.0,0.0,0.0
2023-11-18,,,,,
2023-11-19,0.0,0.0,0.0,0.0,0.0
2023-11-20,0.0,0.0,0.0,0.0,0.0
2023-11-21,0.0,0.0,0.0,0.0,0.0
2023-11-22,0.0,0.0,0.0,0.0,0.0
2023-11-23,0.0,0.0,0.0,0.0,0.0
2023-11-24,0.0,0.0,0.0,0.0,0.0
2023-11-25,,,,,
2023-11-26,0.0,0.0,0.0,0.0,0.0
2023-11-27,0.0,0.0,0.0,0.0,0.0
2023-11-28,0.0,0.0,0.0,0.0,0.0
2023-11-29,0.0,0.0,0.0,0.0,0.0
2023-11-30,0.0,0.0,0.0,0.0,0.0
2023-12-01,0.0,0.0,0.0,0.0,0.0
2023-12-02,,,,,
2023-12-03,0.0,0.0,0.0,0.0,0.0
2023-12-04,0.0,0.0,0.0,0.0,0.0
2023-12-05,0.0,0.0,0.0,0.0,0.0
2023-12-06,0.0,0.0,0.0,0.0,0.0
2023-12-07,0.0,0.0,0.0,0.0,0.0
2023-12-08,0.0,0.0,0.0,0.0,0.0
2023-12-09,,,,,
2023-12-10,0.0,0.0,0.0,0.0,0.0
2023-12-11,0.0,0.0,0.0,0.0,0.0
2023-12-12,0.0,0.0,0.0,0.0,0.0
2023-12-13,0.0,0.0,0.0,0.0,0.0
2023-12-14,0.0,0.0,0.0,0.0,0.0
2023-12-15,0.0,0.0,0.0,0.0,0.0
2023-12-16,,,,,
2023-12-17,0.0,0.0,0.0,0.0,0.0
2023-12-18,0.0,0.0,0.0,0.0,0.0
2023-12-19,0.0,0.0,0.0,0.0,0.0
2023-12-20,0.0,0.0,0.0,0.0,0.0
2023-12-21,0.0,0.0,0.0,0.0,0.0
2023-12-22,0.0,0.0,0.0,0.0,0.0
2023-12-23,,,,,
2023-12-24,,,,,
2023-12-25,0.0,0.0,0.0,-9.999000099969457e-05,-2.4997500249923643e-05
2023-12-26,0.0,0.0,0.0,-0.004758023741066819,-0.0011895059352667048
2023-12-27,0.0,0.0,0.0,0.0012776524557844837,0.00031941311394612093
2023-12-28,0.0,0.0,0.0,0.0017341784613520428,0.0004335446153380107
2023-12-29,0.0,0.0,0.0,0.0017916540671303327,0.0004479135167825832
2023-12-30,,,,,
2023-12-31,,,,,
2024-01-01,0.0,0.0,0.0,-0.0005206879117395369,-0.00013017197793488422
2024-01-02,0.0,0.0,0.0,0.006266610292341213,0.0015666525730853031
2024-01-03,0.0,0.0,0.0,0.0008516034154173457,0.00021290085385433644
2024-01-04,0.0,0.0,0.0,0.0018441954697263618,0.00046104886743159046
2024-01-05,0.0,0.0,0.0,-0.00012720980263780657,-3.180245065945164e-05
2024-01-06,,,,,
2024-01-07,0.0,0.0,0.0,0.0008120011525178938,0.00020300028812947346
2024-01-08,0.0,0.0,0.0,-0.0013273112040022017,-0.0003318278010005504
2024-01-09,0.0,0.0,0.0,0.001925233336952381,0.00048130833423809527
2024-01-10,0.0,0.0,0.0,0.0,0.0
2024-01-11,0.0,0.0,0.0,0.0,0.0
2024-01-12,0.0,0.0,0.0,0.0,0.0
2024-01-13,,,,,
2024-01-14,0.0,0.0,0.0,0.0,0.0
2024-01-15,0.0,0.0,0.0,0.0,0.0
2024-01-16,0.0,0.0,0.0,0.0,0.0
2024-01-17,0.0,0.0,0.0,0.0,0.0
2024-01-18,0.0,0.0,0.0,0.0,0.0
2024-01-19,0.0,0.0,0.0,0.0,0.0
2024-01-20,,,,,
2024-01-21,0.0,0.0,0.0,0.0,0.0
2024-01-22,0.0,0.0,0.0,0.0,0.0
2024-01-23,0.0,0.0,0.0,0.0,0.0
2024-01-24,0.0,0.0,0.0,0.0,0.0
2024-01-25,0.0,0.0,0.0,0.0,0.0
2024-01-26,0.0,0.0,0.0,0.0,0.0
2024-01-27,,,,,
2024-01-28,0.0,0.0,0.0,0.0,0.0
2024-01-29,0.0,0.0,0.0,0.0,0.0
2024-01-30,0.0,0.0,0.0,0.0,0.0
2024-01-31,0.0,0.0,0.0,0.0,0.0
2024-02-01,0.0,0.0,0.0,0.0,0.0
2024-02-02,0.0,0.0,0.0,0.0,0.0
2024-02-03,,,,,
2024-02-04,0.0,0.0,0.0,0.0,0.0
2024-02-05,0.0,0.0,0.0,0.0,0.0
2024-02-06,0.0,0.0,0.0,0.0,0.0
2024-02-07,0.0,0.0,0.0,0.0,0.0
2024-02-08,0.0,0.0,0.0,0.0,0.0
2024-02-09,0.0,0.0,0.0,0.0,0.0
2024-02-10,,,,,
2024-02-11,0.0,0.0,0.0,0.0,0.0
2024-02-12,0.0,0.0,0.0,0.0,0.0
2024-02-13,0.0,0.0,0.0,0.0,0.0
2024-02-14,0.0,0.0,0.0,0.0,0.0
2024-02-15,0.0,0.0,0.0,0.0,0.0
2024-02-16,0.0,0.0,0.0,0.0,0.0
2024-02-17,,,,,
2024-02-18,0.0,0.0,0.0,0.0,0.0
2024-02-19,0.0,0.0,0.0,0.0,0.0
2024-02-20,0.0,0.0,0.0,0.0,0.0
2024-02-21,0.0,0.0,0.0,0.0,0.0
2024-02-22,0.0,0.0,0.0,0.0,0.0
2024-02-23,0.0,0.0,0.0,0.0,0.0
2024-02-24,,,,,
2024-02-25,0.0,0.0,0.0,0.0,0.0
2024-02-26,0.0,0.0,0.0,0.0,0.0
2024-02-27,0.0,0.0,0.0,0.0,0.0
2024-02-28,0.0,0.0,0.0,0.0,0.0
2024-02-29,0.0,0.0,0.0,0.0,0.0
2024-03-01,0.0,0.0,0.0,0.0,0.0
2024-03-02,,,,,
2024-03-03,0.0,0.0,0.0,0.0,0.0
2024-03-04,0.0,0.0,0.0,0.0,0.0
2024-03-05,0.0,0.0,0.0,0.0,0.0
2024-03-06,0.0,0.0,0.0,0.0,0.0
2024-03-07,0.0,0.0,0.0,0.0,0.0
2024-03-08,0.0,0.0,0.0,0.0,0.0
2024-03-09,,,,,
2024-03-10,0.0,0.0,0.0,0.0,0.0
2024-03-11,0.0,0.0,0.0,0.0,0.0
2024-03-12,0.0,0.0,0.0,0.0,0.0
2024-03-13,0.0,0.0,0.0,0.0,0.0
2024-03-14,0.0,0.0,0.0,0.0,0.0
2024-03-15,0.0,0.0,0.0,0.0,0.0
2024-03-16,,,,,
2024-03-17,0.0,0.0,0.0,0.0,0.0
2024-03-18,0.0,0.0,0.0,0.0,0.0
2024-03-19,0.0,0.0,0.0,0.0,0.0
2024-03-20,0.0,0.0,0.0,0.0,0.0
2024-03-21,0.0,0.0,0.0,0.0,0.0
2024-03-22,0.0,0.0,0.0,0.0,0.0
2024-03-23,,,,,
2024-03-24,0.0,0.0,0.0,0.0,0.0
2024-03-25,0.0,0.0,0.0,0.0,0.0
2024-03-26,0.0,0.0,0.0,0.0,0.0
2024-03-27,0.0,0.0,0.0,0.0,0.0
2024-03-28,0.0,0.0,0.0,0.0,0.0
2024-03-29,0.0,0.0,0.0,0.0,0.0
2024-03-30,,,,,
2024-03-31,0.0,0.0,0.0,0.0,0.0
2024-04-01,0.0,0.0,0.0,0.0,0.0
2024-04-02,0.0,0.0,0.0,0.0,0.0
2024-04-03,0.0,0.0,0.0,0.0,0.0
2024-04-04,0.0,0.0,0.0,0.0,0.0
2024-04-05,0.0,0.0,0.0,0.0,0.0
2024-04-06,,,,,
2024-04-07,0.0,0.0,0.0,0.0,0.0
2024-04-08,0.0,0.0,0.0,0.0,0.0
2024-04-09,0.0,0.0,0.0,0.0,0.0
2024-04-10,0.0,0.0,0.0,0.0,0.0
2024-04-11,0.0,0.0,0.0,0.0,0.0
2024-04-12,0.0,0.0,0.0,0.0,0.0
2024-04-13,,,,,
2024-04-14,0.0,0.0,0.0,0.0,0.0
2024-04-15,0.0,0.0,-0.00010001000100012813,0.0,-2.5002500250032034e-05
2024-04-16,0.0,0.0,-0.0019050873914421285,0.0,-0.0004762718478605321
2024-04-17,0.0,0.0,0.0027202558523853337,0.0,0.0006800639630963334
2024-04-18,0.0,0.0,-0.000508259610055628,0.0,-0.000127064902513907
2024-04-19,0.0,0.0,-0.002166869989357445,0.0,-0.0005417174973393613
2024-04-20,,,,,
2024-04-21,0.0,0.0,-0.00029538620555413786,0.0,-7.384655138853446e-05
2024-04-22,0.0,0.0,-0.0003701535957735258,0.0,-9.253839894338145e-05
2024-04-23,0.0,0.0,-0.0006886107014113518,0.0,-0.00017215267535283796
2024-04-24,0.0,0.0,-0.003978491983700483,0.0,-0.0009946229959251207
2024-04-25,0.0,0.0,-0.0031132695759350515,0.0,-0.0007783173939837629
2024-04-26,0.0,0.0,-0.015834291111531007,0.0,-0.003958572777882752
2024-04-27,,,,,
2024-04-28,0.0,0.0,-0.006898633306965829,0.0,-0.0017246583267414572
2024-04-29,0.0,0.0,0.017828598116510497,0.0,0.004457149529127624
2024-04-30,0.0,0.0,-0.007736396312004512,0.0,-0.001934099078001128
2024-05-01,0.0,0.0,0.01289724534611425,0.0,0.0032243113365285625
2024-05-02,0.0,0.0,0.019243262955313423,0.0,0.004810815738828356
2024-05-03,0.0,0.0,0.0,0.0,0.0
2024-05-04,,,,,
2024-05-05,0.0,0.0,0.0,0.0,0.0
2024-05-06,0.0,0.0,0.0,0.0,0.0
2024-05-07,0.0,0.0,0.0,0.0,0.0
2024-05-08,0.0,0.0,0.0,0.0,0.0
2024-05-09,0.0,0.0,0.0,0.0,0.0
2024-05-10,0.0,0.0,0.0,0.0,0.0
2024-05-11,,,,,
2024-05-12,0.0,0.0,0.0,0.0,0.0
2024-05-13,0.0,0.0,0.0,0.0,0.0
2024-05-14,0.0,0.0,0.0,0.0,0.0
2024-05-15,0.0,0.0,0.0,0.0,0.0
2024-05-16,0.0,0.0,0.0,0.0,0.0
2024-05-17,0.0,0.0,0.0,0.0,0.0
2024-05-18,,,,,
2024-05-19,0.0,0.0,0.0,0.0,0.0
2024-05-20,0.0,0.0,0.0,0.0,0.0
2024-05-21,0.0,0.0,0.0,0.0,0.0
2024-05-22,0.0,0.0,0.0,0.0,0.0
2024-05-23,0.0,0.0,0.0,0.0,0.0
2024-05-24,0.0,0.0,0.0,0.0,0.0
2024-05-25,,,,,
2024-05-26,0.0,0.0,0.0,0.0,0.0
2024-05-27,0.0,0.0,0.0,0.0,0.0
2024-05-28,0.0,0.0,0.0,0.0,0.0
2024-05-29,0.0,0.0,0.0,0.0,0.0
2024-05-30,0.0,0.0,0.0,0.0,0.0
2024-05-31,0.0,0.0,0.0,0.0,0.0
2024-06-01,,,,,
2024-06-02,0.0,0.0,0.0,0.0,0.0
2024-06-03,0.0,0.0,0.0,0.0,0.0
2024-06-04,0.0,0.0,0.0,0.0,0.0
2024-06-05,0.0,0.0,0.0,0.0,0.0
2024-06-06,0.0,0.0,0.0,0.0,0.0
2024-06-07,0.0,0.0,0.0,0.0,0.0
2024-06-08,,,,,
2024-06-09,0.0,0.0,0.0,0.0,0.0
2024-06-10,0.0,0.0,0.0,0.0,0.0
2024-06-11,0.0,0.0,0.0,0.0,0.0
2024-06-12,0.0,0.0,0.0,0.0,0.0
2024-06-13,0.0,0.0,0.0,0.0,0.0
2024-06-14,0.0,0.0,0.0,0.0,0.0
2024-06-15,,,,,
2024-06-16,0.0,0.0,0.0,0.0,0.0
2024-06-17,0.0,0.0,0.0,0.0,0.0
2024-06-18,0.0,0.0,0.0,0.0,0.0
2024-06-19,0.0,0.0,0.0,0.0,0.0
2024-06-20,0.0,0.0,0.0,0.0,0.0
2024-06-21,0.0,0.0,0.0,0.0,0.0
2024-06-22,,,,,
2024-06-23,0.0,0.0,0.0,0.0,0.0
2024-06-24,0.0,0.0,0.0,0.0,0.0
2024-06-25,0.0,0.0,0.0,0.0,0.0
2024-06-26,0.0,0.0,0.0,0.0,0.0
2024-06-27,0.0,0.0,-0.00010001000100023916,0.0,-2.500250025005979e-05
2024-06-28,0.0,0.0,0.0007672270441021478,0.0,0.00019180676102553695
2024-06-29,,,,,
2024-06-30,0.0,0.0,-0.0009280365123608414,0.0,-0.00023200912809021035
2024-07-01,0.0,0.0,-0.004038689409323726,0.0,-0.0010096723523309314
2024-07-02,0.0,0.0,0.00025266183973871037,0.0,6.316545993467759e-05
2024-07-03,0.0,0.0,0.0006486467619093439,0.0,0.00016216169047733597
2024-07-04,0.0,0.0,0.005781056594732048,0.0,0.001445264148683012
2024-07-05,0.0,0.0,-0.0010349189095206768,0.0,-0.0002587297273801692
2024-07-06,,,,,
2024-07-07,0.0,0.0,0.001895181280252567,0.0,0.00047379532006314173
2024-07-08,0.0,0.0,-0.0037429459933627784,0.0,-0.0009357364983406946
2024-07-09,0.0,0.0,-0.002293359888377311,0.0,-0.0005733399720943277
2024-07-10,0.0,0.0,-0.0012427560427709095,0.0,-0.00031068901069272736
2024-07-11,0.0,0.0,0.014944584599361654,0.0,0.0037361461498404136
2024-07-12,0.0,-0.00010001000100001711,0.0,0.0,-2.5002500250004278e-05
2024-07-13,,,,,
2024-07-14,0.0,0.0011589134262424139,0.0,0.0,0.00028972835656060347
2024-07-15,0.0,0.0007691507645348761,0.0,0.0,0.00019228769113371902
2024-07-16,0.0,-0.0008338871945470228,0.0,0.0,-0.0002084717986367557
2024-07-17,0.0,-0.0021729929753437904,0.0,0.0,-0.0005432482438359476
2024-07-18,0.0,0.004794849725794137,0.0,0.0,0.0011987124314485342
2024-07-19,0.0,0.002113629290667829,0.0,0.0,0.0005284073226669572
2024-07-20,,,,,
2024-07-21,0.0,-0.0006507425015580548,0.0,0.0,-0.0001626856253895137
2024-07-22,0.0,-0.0007086220880881955,0.0,0.0,-0.00017715552202204887
2024-07-23,0.0,0.0031814778877374827,0.0,0.0,0.0007953694719343707
2024-07-24,0.0,-0.0002827502720358366,-9.99900009998056e-05,0.0,-9.568506825891054e-05
2024-07-25,0.0,0.0022741080298178673,0.009185059757034209,0.0,0.002864791946713019
2024-07-26,0.0,-0.00019066791567257102,0.00020810774778623475,0.0,4.359958028415933e-06
2024-07-27,,,,,
2024-07-28,0.0,-0.0011709242599184932,-0.0016417585347060504,0.0,-0.0007031706986561359
2024-07-29,0.0,0.001981830967762388,0.003262865851275887,0.0,0.0013111742047595687
2024-07-30,0.0,0.0009653932466580084,-0.006533720228241835,0.0,-0.0013920817453959566
2024-07-31,0.0,0.0,-0.02262799716414965,0.0,-0.005656999291037412
2024-08-01,0.0,0.0,-0.0005448680449932075,0.0,-0.00013621701124830188
2024-08-02,0.0,0.0,-0.019769759726012692,0.0,-0.004942439931503173
2024-08-03,,,,,
2024-08-04,0.0,0.0,-0.015152807585616435,0.0,-0.0037882018964041086
2024-08-05,0.0,0.0,0.0071646341463416086,0.0,0.0017911585365854021
2024-08-06,0.0,0.0,0.013191931422595893,0.0,0.003297982855648973
2024-08-07,0.0,0.0,-0.006229990188189705,0.0,-0.0015574975470474262
2024-08-08,0.0,0.0,0.005852248657364889,0.0,0.0014630621643412223
2024-08-09,0.0,0.0,-0.004055417242655901,0.0,-0.0010138543106639752
2024-08-10,,,,,
2024-08-11,0.0,0.0,0.00411626487328931,0.0,0.0010290662183223276
2024-08-12,0.0,0.0,0.0017830821168749456,0.0,0.0004457705292187364
2024-08-13,0.0,0.0,-0.004610810316010072,0.0,-0.001152702579002518
2024-08-14,0.0,0.0,0.004168951529126552,0.0,0.001042237882281638
2024-08-15,0.0,0.0,0.010436770536898399,0.0,0.0026091926342245997
2024-08-16,0.0,0.0,-0.008966096005370905,0.0,-0.0022415240013427262
2024-08-17,,,,,
2024-08-18,0.0,0.0,-0.00784814499930564,0.0,-0.00196203624982641
2024-08-19,0.0,0.0,0.004219697383514687,0.0,0.0010549243458786717
2024-08-20,0.0,0.0,-0.010800685369270036,0.0,-0.002700171342317509
2024-08-21,-0.00010001000100012813,0.0,-0.0015018678837409594,0.0,-0.0004004694711852719
2024-08-22,0.0017142465566373222,0.0,0.002860250435405165,0.0,0.0011436242480106218
2024-08-23,-0.006034394073279659,-0.00010001000100001711,-0.008755341238652403,-9.999000100002764e-05,-0.0037474338284830266
2024-08-24,,,,,
2024-08-25,0.000874372410300861,0.0010972665052708663,-0.003074643195967064,0.0003257232536792998,-0.0001943202566790092
2024-08-26,0.0014410037956067434,0.0009259849607916593,0.006199509596215735,-0.002516132851814623,0.0015125913751998787
2024-08-27,3.147660012858822e-05,-0.00435376708855284,-0.0031272544018002835,-0.0021997507196485078,-0.002412323902468261
2024-08-28,0.0027743501413715066,0.0031667757117121997,0.0009244992295838195,0.0012231256250394562,0.0020221876769267455
2024-08-29,0.005488508083304033,0.0031567789009616654,0.0018126971827088223,0.001537250475285079,0.0029988086605649
2024-08-30,0.002399264094149256,0.002777514694835226,0.009520159118219906,0.0004968004567598161,0.003798434590991051
2024-08-31,,,,,
2024-09-01,-0.00015571235900846414,-2.630766665534523e-05,-0.0014400399517021656,0.00029645001111688885,-0.00033140249156227153
2024-09-02,-0.0008053807500367771,-6.765006540021545e-05,0.0037714262225450046,0.0020041490701636633,0.0012256361193179188
2024-09-03,0.00032063068283294527,0.0013267827061751447,-0.008367658250094667,0.0010056159212663562,-0.0014286572349550553
2024-09-04,-0.001976588789124656,-0.002650049372671992,-0.010499654141186254,-0.0020055179443995153,-0.004282952561845604
2024-09-05,-0.0034703415958131645,-0.002280732324993928,-0.0049455708969498025,-0.0009474112727139161,-0.002911014022617703
2024-09-06,0.002721485216323316,0.003576034267533945,-0.0050994729263074134,0.0054379635048935615,0.0016590025156108523
2024-09-07,,,,,
2024-09-08,0.0005490693369822885,7.517493278097476e-06,0.0030388302786941157,-0.0009652865279896616,0.00065753264524121
2024-09-09,0.003546573532291264,0.004206005870573959,0.003236268624305483,0.0005642425136451745,0.00288827263520397
2024-09-10,0.0,-0.001530876941243764,-0.012494850543573133,0.0028483290516856385,-0.0027943496082828145
2024-09-11,0.0,0.003782135513449303,0.00820903701137321,0.0,0.0029977931312056283
2024-09-12,0.0,0.0,-0.011322633695793116,0.0,-0.002830658423948279
2024-09-13,0.0,0.0,-0.0010143570536829127,0.0,-0.0002535892634207282
2024-09-14,,,,,
2024-09-15,0.0,0.0,-0.005009479312377052,0.0,-0.001252369828094263
2024-09-16,0.0,0.0,0.00320065654493229,0.0,0.0008001641362330725
2024-09-17,0.0,0.0,0.005801132483496563,0.0,0.0014502831208741407
2024-09-18,0.0,0.0,0.01218955877828587,0.0,0.0030473896945714674
2024-09-19,0.0,0.0,-0.005900848967613559,0.0,-0.0014752122419033897
2024-09-20,0.0,0.0,0.011387529389437878,0.0,0.0028468823473594695
2024-09-21,,,,,
2024-09-22,0.0,0.0,0.0,0.0,0.0
2024-09-23,0.0,0.0,0.0,0.0,0.0
2024-09-24,0.0,0.0,0.0,0.0,0.0
2024-09-25,0.0,0.0,0.0,0.0,0.0
2024-09-26,0.0,0.0,0.0,0.0,0.0
2024-09-27,0.0,0.0,0.0,0.0,0.0
2024-09-28,,,,,
2024-09-29,0.0,0.0,0.0,0.0,0.0
2024-09-30,0.0,0.0,0.0,0.0,0.0
2024-10-01,0.0,0.0,0.0,0.0,0.0
2024-10-02,0.0,0.0,0.0,0.0,0.0
2024-10-03,0.0,0.0,0.0,0.0,0.0
2024-10-04,0.0,0.0,0.0,0.0,0.0
2024-10-05,,,,,
2024-10-06,0.0,0.0,0.0,0.0,0.0
2024-10-07,0.0,0.0,0.0,0.0,0.0
2024-10-08,0.0,0.0,0.0,0.0,0.0
2024-10-09,0.0,0.0,0.0,0.0,0.0
2024-10-10,0.0,0.0,0.0,0.0,0.0
2024-10-11,0.0,0.0,0.0,0.0,0.0
2024-10-12,,,,,
2024-10-13,0.0,0.0,0.0,0.0,0.0
2024-10-14,0.0,0.0,0.0,-0.00010001000100012813,-2.5002500250032034e-05
2024-10-15,0.0,0.0,0.0,0.002043279976834622,0.0005108199942086555
2024-10-16,-9.999000099991662e-05,0.0,0.0,0.0009327859614192135,0.00020819899010482423
2024-10-17,-0.0013636154235961984,0.0,0.0,-0.002250325942916631,-0.0009034853416282074
2024-10-18,0.002657145229594038,0.0,0.0,-0.0006625015145762525,0.0004986609287544463
2024-10-19,,,,,
2024-10-20,-0.00011502185415235289,0.0,0.0,-0.0002246028647857612,-8.490617973452852e-05
2024-10-21,-0.004362130449787172,0.0,0.0,-0.001659535834436232,-0.001505416571055851
2024-10-22,-0.0015297374489894322,0.0,0.0,0.0007440401019525034,-0.0001964243367592322
2024-10-23,-0.0014626514723715678,0.0,0.0,-0.0005331345215949801,-0.000498946498491637
2024-10-24,0.0032679738562091387,0.0,0.0,-0.002082873821975695,0.000296275008558361
2024-10-25,-0.0023840876013585532,0.0,0.0,-0.002854475041393023,-0.001309640660687894
2024-10-26,,,,,
2024-10-27,-0.001190261162750672,0.0,0.0,-0.0007548634440432966,-0.0004862811516984922
2024-10-28,0.002336990290361607,0.0,0.0,0.0005547145960629329,0.000722926221606135
2024-10-29,0.0005458767798822706,0.0,0.0,-0.0017762910357166373,-0.0003076035639585917
2024-10-30,0.0032734737659743107,0.0,0.0,0.00014615621027536108,0.000854907494062418
2024-10-31,0.0024793540775698286,0.0,0.0,-0.0006612602042112004,0.00045452346833965707
2024-11-01,-0.0038569392727438867,0.0,0.0,-0.001773057529967259,-0.0014074992006777864
2024-11-02,,,,,
2024-11-03,0.005681849269235872,0.0,0.0,0.003812435727039931,0.002373571249068951
2024-11-04,0.0,0.0,0.0,-9.120932427708617e-05,-2.2802331069271542e-05
2024-11-05,0.0,0.0,0.0,-0.00020797622872270605,-5.199405718067651e-05
2024-11-06,0.0,0.0,0.0,0.0007408413481042597,0.00018521033702606493
2024-11-07,0.0,0.0,0.0,0.0007767605394686239,0.00019419013486715597
2024-11-08,0.0,0.0,0.0,-0.0020223826113259236,-0.0005055956528314809
2024-11-09,,,,,
2024-11-10,0.0,0.0,0.0,-0.0007850331534983157,-0.00019625828837457893
2024-11-11,0.0,0.0,0.0,-0.0015603372725069287,-0.00039008431812673217
2024-11-12,0.0,0.0,0.0,-0.0006551214417354068,-0.0001637803604338517
2024-11-13,-9.999000099991662e-05,0.0,0.0,-0.004446026823071936,-0.001136504206017963
2024-11-14,-0.000578273049157918,0.0,0.0,-0.0035866846779104566,-0.0010412394317670937
2024-11-15,-0.0002703330788091929,-9.99900009998056e-05,0.0,-0.0020305409334908653,-0.0006002160033249659
2024-11-16,,,,,
2024-11-17,0.00014706300938360783,0.0011529912396437414,0.0,0.0008582618204304726,0.0005395790173644555
2024-11-18,0.004283173247954464,0.003197745747552272,0.0,0.00421370455244463,0.0029236558869878415
2024-11-19,0.000628164437391332,0.0010178076895765997,0.0,0.00468555985201724,0.001582882994746293
2024-11-20,-0.003912942920122009,-0.0025419320259789657,0.0,-0.0005605241860404675,-0.0017538497830353605
2024-11-21,-0.0072832556200009835,-0.005515628271940964,0.0,-0.0007221254527685073,-0.0033802523361776138
2024-11-22,-0.00516480106923789,-0.004167610239051545,0.0,-0.0003338116945401648,-0.0024165557507074
2024-11-23,,,,,
2024-11-24,0.005498697298153221,0.004963016748186666,0.0,0.0023448011045690276,0.0032016287877272287
2024-11-25,0.00014792969998889127,-0.003441869328061453,0.0,-0.011422011779758101,-0.0036789878519576658
2024-11-26,-5.725464001149483e-05,0.001704968709044019,0.0,0.002299686700904857,0.0009868501924843454
2024-11-27,0.007157239786618863,0.007353087382038437,0.0,0.003580166759335146,0.0045226234819981115
2024-11-28,0.0015302400060641652,0.0035016659560691554,0.0,0.0026580589381908215,0.0019224912250810355
2024-11-29,0.000714282335466665,0.0021676272153268172,0.0,-0.001318162670875922,0.00039093671997939006
2024-11-30,,,,,
2024-12-01,-0.0051098547874754985,-0.003591813021597945,0.0,-0.002062577471016347,-0.0026910613200224476
2024-12-02,-0.003672715005867744,-0.0037584061836418714,0.0,-0.001385262075057403,-0.0022040958161417545
2024-12-03,0.00254175051741079,0.0028353705556456443,0.0,-0.000841164576772746,0.0011339891240709221
2024-12-04,0.0005850707079355644,0.001774489932726997,0.0,-0.0007089454570877729,0.0004126537958936971
2024-12-05,0.005471728609867332,0.003528929634236677,0.0,0.0029264747214461373,0.0029817832413875367
2024-12-06,-0.0007848514219522817,0.0,0.0,-0.009199602066109924,-0.0024961133720155515
2024-12-07,,,,,
2024-12-08,-0.0030093830291616497,0.0,0.0,-0.0005726444398510555,-0.0008955068672531763
2024-12-09,0.0021546916750116996,0.0,0.0,-0.0011385038968511063,0.0002540469445401483
2024-12-10,-0.003111428936762639,0.0,0.0,0.0012403722917313509,-0.00046776416125782205
2024-12-11,-0.0015249406175773528,0.0,0.0,0.0013355615827899125,-4.7344758696860056e-05
2024-12-12,-0.004310611431208589,0.0,0.0,-0.0066317485328815096,-0.0027355899910225245
2024-12-13,0.0037749733601564195,0.0,0.0,-2.2440410868962424e-05,0.0009381332373218643
2024-12-14,,,,,
2024-12-15,0.0012282029676806694,0.0,0.0,0.0010285419123998718,0.0005641862200201353
2024-12-16,-0.0007227048178735096,0.0,0.0,-0.002738714832605571,-0.0008653549126197702
2024-12-17,-0.0004948398669643028,0.0,0.0,-0.004930486442886406,-0.0013563315774626772
2024-12-18,-0.011805869611786646,0.0,0.0,-0.008381188703436626,-0.005046764578805818
2024-12-19,-0.001989546450851587,0.0,0.0,0.0010251784448760404,-0.00024109200149388665
2024-12-20,0.006690093255845575,0.0,0.0,0.0036147944053859238,0.0025762219153078747
2024-12-21,,,,,
2024-12-22,0.0014959867279122907,0.0,0.0,0.0016289243533409437,0.0007812277703133086
2024-12-23,-0.0045243452865416645,0.0,0.0,-0.0020337874075517792,-0.001639533173523361
2024-12-24,3.366598533127707e-05,0.0,0.0,0.0,8.416496332819268e-06
2024-12-25,0.00024046322836301925,0.0,0.0,0.00202658927781596,0.0005667631265447448
2024-12-26,0.0009568135704050018,0.0,0.0,-0.00415440683349777,-0.0007993983157731921
2024-12-27,0.0015899625806390372,0.0,0.0,-0.00036374826638163604,0.0003065535785643503
2024-12-28,,,,,
2024-12-29,-1.4387661141590513e-05,0.0,0.0,0.0011030131515905595,0.00027215637261224224
2024-12-30,-0.0020095055848907695,0.0,0.0,0.003702949488926466,0.0004233609760089241
2024-12-31,-2.883367773587331e-05,0.0,0.0,2.2633670189620148e-05,-1.5500018865632903e-06
2025-01-01,-0.005122931123968888,0.0,0.0,-0.0018898686861746894,-0.0017531999525358943
2025-01-02,-0.007849558975548288,0.0,0.0,-0.0010619932569733148,-0.0022278880581304006
2025-01-03,0.0038024664910685235,0.0,0.0,-0.0045211072291030385,-0.00017966018450862875
2025-01-04,,,,,
2025-01-05,0.0006256851009340814,0.0,0.0,0.0034014796845565076,0.0010067911963726472
2025-01-06,0.007474442931028724,0.0,0.0,0.006173873310807654,0.0034120790604590945
2025-01-07,-0.003950058938151146,0.0,0.0,-0.0021118347613029442,-0.0015154734248635227
2025-01-08,-0.004096143442306244,0.0,0.0,-0.0020031327064071736,-0.0015248190371783543
2025-01-09,-0.0013435123389723413,0.0,0.0,-0.002638404903916758,-0.0009954793107222748
2025-01-10,-0.004910174405898138,0.0,0.0,-0.0008110491158473954,-0.0014303058804363833
2025-01-11,,,,,
2025-01-12,-0.003152942095193456,0.0,0.0,-0.0014185915255657822,-0.0011428834051898096
2025-01-13,0.0037798298097353467,0.0,0.0,0.005078479340379305,0.002214577287528663
2025-01-14,0.005043558000917159,0.0,0.0,0.001723324853753594,0.0016917207136676882
2025-01-15,-0.0014850908526168327,0.0,0.0,-0.00025654492934201745,-0.00043540894548971254
2025-01-16,0.0006561616004510107,0.0,0.0,-0.003468018968347475,-0.0007029643419741161
2025-01-17,-0.0022732019603938225,0.0,0.0,-0.005994536748100132,-0.0020669346771234887
2025-01-18,,,,,
2025-01-19,0.0032569166881684097,0.0,0.0,0.0023924649520534746,0.001412345410055471
2025-01-20,0.008226111472355191,0.0,0.0,0.0022461338256203334,0.002618061324493881
2025-01-21,0.0,0.0,0.0,0.006189858327273701,0.0015474645818184252
2025-01-22,0.0,0.0,0.0,0.0,0.0
2025-01-23,0.0,0.0,0.0,0.0,0.0
2025-01-24,0.0,0.0,0.0,0.0,0.0
2025-01-25,,,,,
2025-01-26,0.0,0.0,0.0,0.0,0.0
2025-01-27,0.0,0.0,0.0,0.0,0.0
2025-01-28,0.0,0.0,0.0,0.0,0.0
2025-01-29,0.0,0.0,0.0,0.0,0.0
2025-01-30,0.0,0.0,0.0,0.0,0.0
2025-01-31,0.0,0.0,0.0,0.0,0.0
2025-02-01,,,,,
2025-02-02,0.0,0.0,0.0,-0.00010001000100001711,-2.5002500250004278e-05
2025-02-03,0.0,0.0,0.0,0.018233484367577102,0.0045583710918942755
2025-02-04,0.0,0.0,0.0,0.009265947496152283,0.0023164868740380706
2025-02-05,0.0,0.0,0.0,0.0,0.0
2025-02-06,0.0,0.0,0.0,0.0,0.0
2025-02-07,0.0,0.0,0.0,0.0,0.0
2025-02-08,,,,,
2025-02-09,0.0,0.0,0.0,0.0,0.0
2025-02-10,0.0,0.0,0.0,0.0,0.0
2025-02-11,0.0,0.0,0.0,0.0,0.0
2025-02-12,0.0,0.0,0.0,0.0,0.0
2025-02-13,0.0,0.0,0.0,0.0,0.0
2025-02-14,0.0,0.0,0.0,0.0,0.0
2025-02-15,,,,,
2025-02-16,0.0,0.0,0.0,0.0,0.0
2025-02-17,0.0,0.0,0.0,0.0,0.0
2025-02-18,0.0,0.0,0.0,0.0,0.0
2025-02-19,0.0,0.0,0.0,0.0,0.0
2025-02-20,0.0,0.0,0.0,0.0,0.0
2025-02-21,0.0,0.0,0.0,0.0,0.0
2025-02-22,,,,,
2025-02-23,0.0,0.0,0.0,0.0,0.0
2025-02-24,0.0,0.0,0.0,0.0,0.0
2025-02-25,0.0,0.0,0.0,0.0,0.0
2025-02-26,0.0,0.0,0.0,0.0,0.0
2025-02-27,0.0,0.0,0.0,0.0,0.0
2025-02-28,0.0,0.0,0.0,0.0,0.0
2025-03-01,,,,,
2025-03-02,0.0,0.0,0.0,0.0,0.0
2025-03-03,0.0,0.0,0.0,0.0,0.0
2025-03-04,0.0,0.0,0.0,0.0,0.0
2025-03-05,0.0,0.0,0.0,0.0,0.0
2025-03-06,0.0,0.0,0.0,0.0,0.0
2025-03-07,0.0,0.0,0.0,0.0,0.0
2025-03-08,,,,,
2025-03-09,0.0,0.0,0.0,0.0,0.0
2025-03-10,0.0,0.0,0.0,0.0,0.0
2025-03-11,-0.00010001000100001711,0.0,0.0,0.0,-2.5002500250004278e-05
2025-03-12,0.0010968212748199146,0.0,0.0,0.0,0.00027420531870497866
2025-03-13,0.003676514225606331,0.0,0.0,0.0,0.0009191285564015828
2025-03-14,-0.0029916406143793983,0.0,0.0,0.0,-0.0007479101535948496
2025-03-15,,,,,
2025-03-16,-0.0004443662384294722,0.0,0.0,0.0,-0.00011109155960736805
2025-03-17,-0.002328230969942502,0.0,0.0,0.0,-0.0005820577424856255
2025-03-18,-0.002852766766736181,0.0,0.0,0.0,-0.0007131916916840453
2025-03-19,0.002764181959412637,0.0,0.0,0.0,0.0006910454898531593
2025-03-20,0.0067995203882949,0.0,0.0,0.0,0.001699880097073725
2025-03-21,0.002007826775263455,0.0,0.0,0.0,0.0005019566938158637
2025-03-22,,,,,
2025-03-23,-0.0007058853185705205,0.0,0.0,0.0,-0.00017647132964263013
2025-03-24,0.001626961730526233,0.0,0.0,0.0,0.00040674043263155824
2025-03-25,0.0017107673771372678,0.0,0.0,0.0,0.00042769184428431695
2025-03-26,0.0005359728371292505,0.0,0.0,0.0,0.00013399320928231262
2025-03-27,-0.001139467091161639,0.0,0.0,0.0,-0.00028486677279040973
2025-03-28,-0.003517743526526229,0.0,0.0,0.0,-0.0008794358816315573
2025-03-29,,,,,
2025-03-30,-0.0003010215428764784,0.0,0.0,0.0,-7.52553857191196e-05
2025-03-31,0.0005429143925994584,0.0,0.0,0.0,0.0001357285981498646
2025-04-01,0.0028544537194168385,0.0,0.0,0.0,0.0007136134298542096
2025-04-02,-0.01058052331411996,0.0,0.0,0.0,-0.00264513082852999
2025-04-03,-0.016483965112874754,0.0,0.0,0.0,-0.004120991278218689
2025-04-04,0.011774687937267991,0.0,0.0,0.0,0.002943671984316998
2025-04-05,,,,,
2025-04-06,0.0014269985581698563,0.0,0.0,0.0,0.0003567496395424641
2025-04-07,-0.0012589497794455173,0.0,0.0,0.0,-0.00031473744486137933
2025-04-08,-0.005203754200863164,0.0,0.0,0.0,-0.001300938550215791
2025-04-09,0.003369731839914847,0.0,0.0,0.0,0.0008424329599787117
2025-04-10,-0.03294577244094632,0.0,0.0,0.0,-0.00823644311023658
2025-04-11,-0.0015163734068422974,0.0,0.0,0.0,-0.00037909335171057434
2025-04-12,,,,,
2025-04-13,-0.001461186964003991,0.0,0.0,0.0,-0.00036529674100099774
2025-04-14,0.0022837468002863126,0.0,0.0,0.0,0.0005709367000715782
2025-04-15,0.0005839963624341138,0.0,0.0,0.0,0.00014599909060852845
2025-04-16,-0.002315485792736993,0.0,0.0,0.0,-0.0005788714481842483
2025-04-17,-0.0007768166799351217,0.0,0.0,0.0,-0.00019420416998378043
2025-04-18,-0.0021307082925269283,0.0,0.0,0.0,-0.0005326770731317321
2025-04-19,,,,,
2025-04-20,-0.011767964170495415,0.0,0.0,0.0,-0.002941991042623854
2025-04-21,-0.0016643112380210212,0.0,0.0,0.0,-0.0004160778095052553
2025-04-22,0.015052517287158063,0.0,0.0,0.0,0.0037631293217895156
2025-04-23,0.003909018585523949,0.0,0.0,0.0,0.0009772546463809872
2025-04-24,0.0011432649143592322,0.0,0.0,0.0,0.00028581622858980804
2025-04-25,-0.003191752499309919,0.0,0.0,0.0,-0.0007979381248274797
2025-04-26,,,,,
2025-04-27,0.0004553703267355935,0.0,0.0,0.0,0.00011384258168389838
2025-04-28,-0.0032196797435536384,0.0,0.0,0.0,-0.0008049199358884096
2025-04-29,0.0021678063749259735,0.0,0.0,0.0,0.0005419515937314934
2025-04-30,0.0053622283373537805,0.0,0.0,0.0,0.0013405570843384451
2025-05-01,-0.00017651542360175299,0.0,0.0,0.0,-4.4128855900438246e-05
2025-05-02,0.0012596837544467387,0.0,0.0,0.0,0.0003149209386116847
2025-05-03,,,,,
2025-05-04,-0.003035640263815087,0.0,0.0,0.0,-0.0007589100659537718
2025-05-05,0.001462691257421822,0.0,0.0,0.0,0.0003656728143554555
2025-05-06,-0.0027779181745473114,0.0,0.0,0.0,-0.0006944795436368278
2025-05-07,0.0017661636574495265,0.0,0.0,0.0,0.00044154091436238163
2025-05-08,0.00999805152893729,0.0,0.0,0.0,0.0024995128822343227
2025-05-09,0.0,0.0,0.0,0.0,0.0
2025-05-10,,,,,
2025-05-11,0.0,0.0,0.0,0.0,0.0
2025-05-12,0.0,0.0,0.0,0.0,0.0
2025-05-13,0.0,0.0,0.0,0.0,0.0
2025-05-14,0.0,0.0,0.0,0.0,0.0
2025-05-15,0.0,0.0,0.0,0.0,0.0
2025-05-16,0.0,0.0,0.0,0.0,0.0
2025-05-17,,,,,
2025-05-18,0.0,0.0,0.0,0.0,0.0
2025-05-19,0.0,0.0,0.0,0.0,0.0
2025-05-20,0.0,0.0,0.0,0.0,0.0
2025-05-21,0.0,0.0,0.0,0.0,0.0
2025-05-22,0.0,0.0,0.0,0.0,0.0
2025-05-23,0.0,0.0,0.0,0.0,0.0
2025-05-24,,,,,
2025-05-25,0.0,0.0,0.0,0.0,0.0
2025-05-26,0.0,0.0,0.0,0.0,0.0
2025-05-27,0.0,0.0,0.0,0.0,0.0
2025-05-28,0.0,0.0,0.0,0.0,0.0
2025-05-29,0.0,0.0,0.0,0.0,0.0
2025-05-30,0.0,0.0,0.0,0.0,0.0
2025-05-31,,,,,
2025-06-01,0.0,0.0,0.0,0.0,0.0
2025-06-02,0.0,0.0,0.0,0.0,0.0
2025-06-03,0.0,0.0,0.0,0.0,0.0
2025-06-04,0.0,0.0,0.0,0.0,0.0
2025-06-05,0.0,0.0,0.0,0.0,0.0
2025-06-06,0.0,0.0,0.0,0.0,0.0
2025-06-07,,,,,
2025-06-08,0.0,0.0,0.0,0.0,0.0
2025-06-09,0.0,0.0,0.0,0.0,0.0
2025-06-10,0.0,0.0,0.0,0.0,0.0
2025-06-11,0.0,0.0,0.0,0.0,0.0
2025-06-12,0.0,0.0,0.0,0.0,0.0
2025-06-13,0.0,0.0,0.0,0.0,0.0
2025-06-14,,,,,
2025-06-15,0.0,0.0,0.0,0.0,0.0
2025-06-16,0.0,0.0,0.0,0.0,0.0
2025-06-17,0.0,0.0,0.0,0.0,0.0
2025-06-18,0.0,0.0,0.0,0.0,0.0
2025-06-19,0.0,0.0,0.0,0.0,0.0
2025-06-20,0.0,0.0,0.0,0.0,0.0
2025-06-21,,,,,
2025-06-22,0.0,0.0,0.0,0.0,0.0
2025-06-23,0.0,0.0,0.0,0.0,0.0
2025-06-24,0.0,0.0,0.0,0.0,0.0
2025-06-25,0.0,0.0,0.0,0.0,0.0
2025-06-26,0.0,0.0,0.0,0.0,0.0
2025-06-27,0.0,0.0,0.0,0.0,0.0
2025-06-28,,,,,
2025-06-29,0.0,0.0,0.0,0.0,0.0
2025-06-30,0.0,0.0,0.0,0.0,0.0
2025-07-01,0.0,0.0,0.0,0.0,0.0
2025-07-02,0.0,0.0,0.0,0.0,0.0
2025-07-03,0.0,0.0,0.0,0.0,0.0
2025-07-04,0.0,0.0,0.0,0.0,0.0
2025-07-05,,,,,
2025-07-06,0.0,0.0,0.0,0.0,0.0
2025-07-07,0.0,0.0,0.0,0.0,0.0
2025-07-08,0.0,0.0,0.0,0.0,0.0
2025-07-09,0.0,0.0,0.0,0.0,0.0
2025-07-10,0.0,0.0,0.0,0.0,0.0
2025-07-11,0.0,0.0,0.0,0.0,0.0
2025-07-12,,,,,
2025-07-13,0.0,0.0,0.0,0.0,0.0
2025-07-14,0.0,0.0,0.0,0.0,0.0
2025-07-15,0.0,0.0,0.0,0.0,0.0
2025-07-16,0.0,0.0,0.0,0.0,0.0
2025-07-17,0.0,0.0,0.0,0.0,0.0
2025-07-18,0.0,0.0,0.0,0.0,0.0
2025-07-19,,,,,
2025-07-20,0.0,0.0,0.0,0.0,0.0
2025-07-21,0.0,0.0,0.0,0.0,0.0
2025-07-22,0.0,0.0,0.0,0.0,0.0
2025-07-23,0.0,0.0,0.0,0.0,0.0
2025-07-24,0.0,0.0,0.0,0.0,0.0
2025-07-25,0.0,0.0,0.0,0.0,0.0
2025-07-26,,,,,
2025-07-27,0.0,0.0,0.0,0.0,0.0
2025-07-28,0.0,0.0,0.0,0.0,0.0
2025-07-29,0.0,0.0,0.0,0.0,0.0
2025-07-30,0.0,0.0,0.0,0.0,0.0
2025-07-31,0.0,0.0,0.0,0.0,0.0
2025-08-01,0.0,0.0,0.0,0.0,0.0
2025-08-02,,,,,
2025-08-03,0.0,0.0,0.0,0.0,0.0
2025-08-04,0.0,0.0,0.0,0.0,0.0
2025-08-05,0.0,0.0,0.0,0.0,0.0
2025-08-06,0.0,0.0,0.0,0.0,0.0
2025-08-07,0.0,0.0,0.0,0.0,0.0
2025-08-08,0.0,0.0,0.0,0.0,0.0
2025-08-09,,,,,
2025-08-10,0.0,0.0,0.0,0.0,0.0
2025-08-11,0.0,0.0,0.0,0.0,0.0
2025-08-12,0.0,0.0,0.0,0.0,0.0
2025-08-13,0.0,0.0,0.0,0.0,0.0
2025-08-14,0.0,0.0,0.0,0.0,0.0
2025-08-15,0.0,0.0,0.0,0.0,0.0
2025-08-16,,,,,
2025-08-17,0.0,0.0,0.0,0.0,0.0
2025-08-18,0.0,0.0,0.0,0.0,0.0
2025-08-19,0.0,0.0,0.0,0.0,0.0
2025-08-20,0.0,0.0,0.0,0.0,0.0
2025-08-21,0.0,0.0,0.0,0.0,0.0
2025-08-22,0.0,0.0,0.0,0.0,0.0
2025-08-23,,,,,
2025-08-24,0.0,0.0,0.0,0.0,0.0
2025-08-25,0.0,0.0,0.0,0.0,0.0
2025-08-26,0.0,0.0,0.0,0.0,0.0
2025-08-27,0.0,0.0,0.0,0.0,0.0
2025-08-28,0.0,0.0,0.0,0.0,0.0
2025-08-29,0.0,0.0,0.0,0.0,0.0
2025-08-30,,,,,
2025-08-31,0.0,0.0,0.0,0.0,0.0
2025-09-01,0.0,0.0,0.0,0.0,0.0
2025-09-02,0.0,0.0,0.0,0.0,0.0
2025-09-03,0.0,0.0,0.0,0.0,0.0
2025-09-04,0.0,0.0,0.0,0.0,0.0
2025-09-05,0.0,0.0,0.0,0.0,0.0
2025-09-06,,,,,
2025-09-07,0.0,0.0,0.0,0.0,0.0
2025-09-08,0.0,0.0,0.0,0.0,0.0
2025-09-09,0.0,0.0,0.0,0.0,0.0
2025-09-10,0.0,0.0,0.0,0.0,0.0
2025-09-11,0.0,0.0,0.0,0.0,0.0
2025-09-12,0.0,0.0,0.0,0.0,0.0
2025-09-13,,,,,
2025-09-14,0.0,0.0,0.0,0.0,0.0
2025-09-15,0.0,0.0,0.0,0.0,0.0
2025-09-16,0.0,0.0,0.0,0.0,0.0
2025-09-17,0.0,0.0,0.0,0.0,0.0
2025-09-18,0.0,0.0,0.0,0.0,0.0
2025-09-19,0.0,0.0,0.0,0.0,0.0
2025-09-20,,,,,
2025-09-21,0.0,0.0,0.0,0.0,0.0
2025-09-22,0.0,0.0,0.0,0.0,0.0
2025-09-23,0.0,0.0,0.0,0.0,0.0
2025-09-24,0.0,0.0,0.0,0.0,0.0
2025-09-25,0.0,0.0,0.0,0.0,0.0
2025-09-26,0.0,0.0,0.0,0.0,0.0
2025-09-27,,,,,
2025-09-28,0.0,0.0,0.0,0.0,0.0
2025-09-29,0.0,0.0,0.0,0.0,0.0
2025-09-30,0.0,0.0,0.0,0.0,0.0
2025-10-01,0.0,0.0,0.0,0.0,0.0
2025-10-02,0.0,0.0,0.0,0.0,0.0
2025-10-03,0.0,0.0,0.0,0.0,0.0
2025-10-04,,,,,
2025-10-05,0.0,0.0,0.0,0.0,0.0
2025-10-06,0.0,0.0,0.0,0.0,0.0
2025-10-07,0.0,0.0,0.0,0.0,0.0
2025-10-08,0.0,0.0,0.0,0.0,0.0
2025-10-09,0.0,0.0,0.0,0.0,0.0
2025-10-10,0.0,0.0,0.0,0.0,0.0
2025-10-11,,,,,
2025-10-12,0.0,0.0,0.0,0.0,0.0
2025-10-13,0.0,0.0,0.0,0.0,0.0
2025-10-14,0.0,0.0,0.0,0.0,0.0
2025-10-15,0.0,0.0,0.0,0.0,0.0
2025-10-16,0.0,0.0,0.0,0.0,0.0
2025-10-17,0.0,0.0,0.0,0.0,0.0
2025-10-18,,,,,
2025-10-19,0.0,0.0,0.0,0.0,0.0
2025-10-20,0.0,0.0,0.0,0.0,0.0
2025-10-21,0.0,0.0,0.0,0.0,0.0
2025-10-22,0.0,0.0,0.0,0.0,0.0
2025-10-23,0.0,0.0,0.0,0.0,0.0
2025-10-24,0.0,0.0,0.0,0.0,0.0
2025-10-25,,,,,
2025-10-26,0.0,0.0,0.0,0.0,0.0
2025-10-27,0.0,0.0,0.0,0.0,0.0
2025-10-28,0.0,0.0,0.0,0.0,0.0
2025-10-29,0.0,0.0,0.0,0.0,0.0
2025-10-30,0.0,0.0,0.0,0.0,0.0
2025-10-31,0.0,0.0,0.0,0.0,0.0
2025-11-01,,,,,
2025-11-02,0.0,0.0,0.0,0.0,0.0
2025-11-03,0.0,0.0,0.0,0.0,0.0
2025-11-04,0.0,-9.999000099991662e-05,0.0,0.0,-2.4997500249979154e-05
2025-11-05,0.0,0.0027598331049465408,0.0,0.0,0.0006899582762366352
2025-11-06,0.0,0.00419151591244904,0.0,0.0,0.00104787897811226
2025-11-07,0.0,0.0034993157655991425,0.0,0.0,0.0008748289413997856
2025-11-08,,,,,
2025-11-09,0.0,-0.000653358910562063,0.0,0.0,-0.00016333972764051574
2025-11-10,0.0,0.0008590444840601563,0.0,0.0,0.00021476112101503908
2025-11-11,0.0,-0.002677462600974456,0.0,0.0,-0.000669365650243614
2025-11-12,0.0,-0.0005102740247674431,0.0,0.0,-0.00012756850619186078
2025-11-13,0.0,0.0015811330818760183,0.0,0.0,0.0003952832704690046
2025-11-14,0.0,0.0021302090267609763,0.0,0.0,0.0005325522566902441
2025-11-15,,,,,
2025-11-16,0.0,-0.0015828730854638984,0.0,0.0,-0.0003957182713659746
2025-11-17,0.0,0.0007489696914397825,0.0,0.0,0.00018724242285994563
2025-11-18,0.0,-0.0016715737486939775,0.0,0.0,-0.00041789343717349436
2025-11-19,0.0,-0.006084822193047512,-0.00010001000100012813,0.0,-0.00154620804851191
2025-11-20,0.0,0.0023431577496497713,0.0009340003803937069,0.0,0.0008192895325108696
2025-11-21,0.0,0.0006493556100501952,0.005516251428333119,0.0,0.0015414017595958285
2025-11-22,,,,,
2025-11-23,0.0,0.00027102546875967803,-0.0008554103043326711,0.0,-0.00014609620889324826
2025-11-24,0.0,-0.00030148184048939264,-0.0016238277712108395,0.0,-0.00048132740292505805
2025-11-25,0.0,0.006740054970224341,0.004670560431469406,0.0,0.0028526538504234367
2025-11-26,0.0,0.0,0.00029921445270675306,0.0,7.480361317668827e-05
2025-11-27,0.0,0.0,-0.0013192984645592487,0.0,-0.0003298246161398122
2025-11-28,0.0,0.0,0.00015133647492149294,0.0,3.7834118730373234e-05
2025-11-29,,,,,
2025-11-30,0.0,0.0,0.004091771275090084,0.0,0.001022942818772521
2025-12-01,0.0,0.0,-0.0005745321530363778,0.0,-0.00014363303825909446
2025-12-02,0.0,0.0,-0.0002450233308136651,0.0,-6.125583270341628e-05
2025-12-03,0.0,0.0,0.0013511006954221028,0.0,0.0003377751738555257
2025-12-04,0.0,0.0,0.003275968087566916,0.0,0.000818992021891729
2025-12-05,0.0,0.0,0.0,0.0,0.0
2025-12-06,,,,,
2025-12-07,0.0,0.0,0.0,0.0,0.0
2025-12-08,0.0,0.0,0.0,0.0,0.0
2025-12-09,0.0,0.0,0.0,0.0,0.0
2025-12-10,0.0,0.0,0.0,0.0,0.0
2025-12-11,0.0,0.0,0.0,0.0,0.0
2025-12-12,0.0,0.0,0.0,0.0,0.0
2025-12-13,,,,,
2025-12-14,0.0,0.0,0.0,0.0,0.0
2025-12-15,0.0,0.0,0.0,0.0,0.0
2025-12-16,0.0,0.0,0.0,0.0,0.0
2025-12-17,0.0,0.0,0.0,0.0,0.0
2025-12-18,0.0,0.0,0.0,0.0,0.0
2025-12-19,0.0,0.0,0.0,0.0,0.0
2025-12-20,,,,,
2025-12-21,0.0,0.0,0.0,0.0,0.0
2025-12-22,0.0,0.0,0.0,0.0,0.0
2025-12-23,0.0,0.0,0.0,-9.999000099991662e-05,-2.4997500249979154e-05
2025-12-24,0.0,0.0,0.0,7.308365520586335e-05,1.8270913801465838e-05
2025-12-25,0.0,0.0,0.0,-0.000310582836096307,-7.764570902407675e-05
2025-12-26,0.0,0.0,0.0,-0.0005226722808246986,-0.00013066807020617466
2025-12-27,,,,,
2025-12-28,0.0,0.0,0.0,-0.00045712028846134345,-0.00011428007211533586
2025-12-29,0.0,0.0,0.0,0.0014341848195926765,0.00035854620489816913
2025-12-30,0.0,0.0,0.0,0.0008987351946163624,0.0002246837986540906
2025-12-31,0.0,0.0,0.0,-7.3002292271251434e-06,-1.8250573067812859e-06
2026-01-01,0.0,0.0,0.0,0.001284849723684145,0.00032121243092103624
2026-01-02,0.0,0.0,0.0,0.0011410281648038811,0.0002852570412009703
2026-01-03,,,,,
2026-01-04,0.0,0.0,0.0,0.0029057594482697624,0.0007264398620674406
2026-01-05,0.0,0.0,0.0,-0.0005591358809112768,-0.0001397839702278192
2026-01-06,0.0,0.0,0.0,0.003452507165665919,0.0008631267914164797
2026-01-07,0.0,0.0,0.0,0.0,0.0
2026-01-08,0.0,0.0,0.0,0.0,0.0
2026-01-09,0.0,0.0,0.0,0.0,0.0
2026-01-10,,,,,
2026-01-11,0.0,0.0,0.0,0.0,0.0
2026-01-12,0.0,0.0,0.0,0.0,0.0
2026-01-13,0.0,0.0,0.0,0.0,0.0
2026-01-14,0.0,0.0,0.0,0.0,0.0
2026-01-15,0.0,0.0,0.0,0.0,0.0
2026-01-16,0.0,0.0,0.0,0.0,0.0
2026-01-17,,,,,
2026-01-18,0.0,0.0,0.0,0.0,0.0
2026-01-19,0.0,0.0,0.0,0.0,0.0
2026-01-20,0.0,0.0,0.0,0.0,0.0
2026-01-21,0.0,0.0,0.0,0.0,0.0
2026-01-22,0.0,0.0,0.0,0.0,0.0
2026-01-23,0.0,0.0,0.0,0.0,0.0
2026-01-24,,,,,
2026-01-25,0.0,0.0,0.0,0.0,0.0
2026-01-26,0.0,0.0,0.0,0.0,0.0
2026-01-27,-0.00010001000099990609,-0.00010001000100012813,0.0,0.0,-5.0005000500008556e-05
2026-01-28,0.0009375820595258766,-0.002692089555571542,0.0,0.0,-0.0004386268740114163
2026-01-29,0.005495329093915036,0.006350572140882527,0.0,0.0,0.0029614753086993906
2026-01-30,0.006007684670846336,0.004783414393410679,0.0,0.0,0.0026977747660642537
2026-01-31,,,,,
2026-02-01,-0.0008601708185816959,0.00033773613075771536,0.0,0.0,-0.00013060867195599513
2026-02-02,0.004341629484543752,-0.0004992497063500689,0.0,0.0,0.0009605949445484208
2026-02-03,-0.0021614306114006165,-0.0020267444730324158,0.0,0.0,-0.001047043771108258
2026-02-04,0.003843102846168067,0.006467066441461666,0.0,0.0,0.0025775423219074334
2026-02-05,-0.00046268242174718477,0.004861656321130559,0.0,0.0,0.0010997434748458434
2026-02-06,-0.0016590541710216344,0.0,0.0,0.0,-0.0004147635427554086
2026-02-07,,,,,
2026-02-08,-0.0009437446354118029,0.0,0.0,0.0,-0.00023593615885295072
2026-02-09,-0.0067274520959759165,0.0,0.0,0.0,-0.0016818630239939791
2026-02-10,2.0674655815122733e-05,0.0,0.0,0.0,5.168663953780683e-06
2026-02-11,0.0038371367878060614,0.0,0.0,0.0,0.0009592841969515153
2026-02-12,-8.23808071026555e-06,0.0,0.0,0.0,-2.0595201775663874e-06
2026-02-13,-0.0005972657718331664,0.0,0.0,0.0,-0.0001493164429582916
2026-02-14,,,,,
2026-02-15,0.0005770150317188083,0.0,0.0,0.0,0.00014425375792970208
2026-02-16,0.0017094510365083249,0.0,0.0,0.0,0.0004273627591270812
2026-02-17,-5.756981495774749e-05,0.0,0.0,0.0,-1.4392453739436872e-05
2026-02-18,0.004155216012066587,0.0,0.0,0.0,0.0010388040030166468
2026-02-19,0.0,0.0,0.0,0.0,0.0
2026-02-20,0.0,0.0,0.0,0.0,0.0
2026-02-21,,,,,
2026-02-22,0.0,0.0,0.0,0.0,0.0
2026-02-23,0.0,0.0,0.0,0.0,0.0
2026-02-24,0.0,0.0,0.0,0.0,0.0
2026-02-25,0.0,0.0,0.0,0.0,0.0
2026-02-26,0.0,0.0,0.0,0.0,0.0
2026-02-27,0.0,0.0,0.0,0.0,0.0
2026-02-28,,,,,
2026-03-01,0.0,0.0,0.0,0.0,0.0
2026-03-02,0.0,0.0,0.0,0.0,0.0
2026-03-03,0.0,0.0,0.0,0.0,0.0
2026-03-04,0.0,0.0,0.0,0.0,0.0
2026-03-05,0.0,0.0,0.0,0.0,0.0
2026-03-06,0.0,0.0,0.0,0.0,0.0
2026-03-07,,,,,
2026-03-08,0.0,0.0,0.0,0.0,0.0
2026-03-09,0.0,0.0,0.0,0.0,0.0
2026-03-10,0.0,0.0,0.0,0.0,0.0
2026-03-11,0.0,0.0,0.0,0.0,0.0
2026-03-12,0.0,0.0,0.0,0.0,0.0
2026-03-13,0.0,0.0,0.0,0.0,0.0
2026-03-14,,,,,
2026-03-15,0.0,0.0,0.0,0.0,0.0
2026-03-16,0.0,0.0,0.0,0.0,0.0
2026-03-17,0.0,0.0,0.0,0.0,0.0
2026-03-18,0.0,0.0,0.0,0.0,0.0
2026-03-19,0.0,0.0,0.0,0.0,0.0
2026-03-20,0.0,0.0,0.0,0.0,0.0
2026-03-21,,,,,
2026-03-22,0.0,0.0,0.0,0.0,0.0
2026-03-23,0.0,0.0,0.0,0.0,0.0
2026-03-24,0.0,0.0,0.0,0.0,0.0
2026-03-25,0.0,0.0,0.0,0.0,0.0
2026-03-26,0.0,0.0,0.0,0.0,0.0
2026-03-27,0.0,0.0,0.0,0.0,0.0
2026-03-28,,,,,
2026-03-29,0.0,0.0,0.0,0.0,0.0
2026-03-30,0.0,0.0,0.0,-0.00010001000100012813,-2.5002500250032034e-05
2026-03-31,0.0,0.0,0.0,0.0014431087968360679,0.00036077719920901696
2026-04-01,0.0,0.0,0.0,1.792324918992172e-05,4.48081229748043e-06
