target_vol_is,max_lev_is,vol_floor_is,cagr_pct_is,equity_dd_pct_is,sharpe_is,profit_factor_is,recovery_factor_is,trades_is,net_profit_is,years_is,vt_r,lev_r,vfl_r,calmar_is,cagr_robust,sharpe_robust,target_vol_oos,max_lev_oos,vol_floor_oos,cagr_pct_oos,equity_dd_pct_oos,sharpe_oos,profit_factor_oos,recovery_factor_oos,trades_oos,net_profit_oos,years_oos,calmar_oos,cagr_avg
0.5,56.0,0.04,10.2148,9.3112,1.1731,1.3887,3.702,630,4665.59,3.937,0.5,56.0,0.04,1.097044419623679,9.798249999999998,1.16105,0.5,56.0,0.04,4.6337,5.513,0.6717,1.2416,1.236,206,699.23,1.492,0.8405042626519137,7.424250000000001
0.5,40.0,0.04,10.2148,9.3112,1.1731,1.3887,3.702,630,4665.59,3.937,0.5,40.0,0.04,1.097044419623679,9.798249999999998,1.16105,0.5,40.0,0.04,4.6337,5.513,0.6717,1.2416,1.236,206,699.23,1.492,0.8405042626519137,7.424250000000001
0.5,32.0,0.04,10.2148,9.3112,1.1731,1.3887,3.702,630,4665.59,3.937,0.5,32.0,0.04,1.097044419623679,9.798249999999998,1.16105,0.5,32.0,0.04,4.6337,5.513,0.6717,1.2416,1.236,206,699.23,1.492,0.8405042626519137,7.424250000000001
0.5,64.0,0.04,10.2148,9.3112,1.1731,1.3887,3.702,630,4665.59,3.937,0.5,64.0,0.04,1.097044419623679,9.798249999999998,1.16105,0.5,64.0,0.04,4.6337,5.513,0.6717,1.2416,1.236,206,699.23,1.492,0.8405042626519137,7.424250000000001
0.5,16.0,0.04,10.2148,9.3112,1.1731,1.3887,3.702,630,4665.59,3.937,0.5,16.0,0.04,1.097044419623679,9.66355,1.1735833333333332,0.5,16.0,0.04,4.6337,5.513,0.6717,1.2416,1.236,206,699.23,1.492,0.8405042626519137,7.424250000000001
0.5,80.0,0.04,10.2148,9.3112,1.1731,1.3887,3.702,630,4665.59,3.937,0.5,80.0,0.04,1.097044419623679,9.79825,1.16105,0.5,80.0,0.04,4.6337,5.513,0.6717,1.2416,1.236,206,699.23,1.492,0.8405042626519137,7.424250000000001
0.5,72.0,0.04,10.2148,9.3112,1.1731,1.3887,3.702,630,4665.59,3.937,0.5,72.0,0.04,1.097044419623679,9.798249999999998,1.16105,0.5,72.0,0.04,4.6337,5.513,0.6717,1.2416,1.236,206,699.23,1.492,0.8405042626519137,7.424250000000001
0.5,48.0,0.04,10.2148,9.3112,1.1731,1.3887,3.702,630,4665.59,3.937,0.5,48.0,0.04,1.097044419623679,9.798249999999998,1.16105,0.5,48.0,0.04,4.6337,5.513,0.6717,1.2416,1.236,206,699.23,1.492,0.8405042626519137,7.424250000000001
0.5,24.0,0.04,10.2148,9.3112,1.1731,1.3887,3.702,630,4665.59,3.937,0.5,24.0,0.04,1.097044419623679,9.798249999999998,1.16105,0.5,24.0,0.04,4.6337,5.513,0.6717,1.2416,1.236,206,699.23,1.492,0.8405042626519137,7.424250000000001
0.5,16.0,0.03,10.4073,9.3761,1.1621,1.3931,3.729,630,4766.7,3.937,0.5,16.0,0.03,1.1099817621399088,9.827566666666668,1.1667666666666665,0.5,16.0,0.03,4.1949,5.6692,0.5887,1.2147,1.0711,206,632.35,1.492,0.7399456713469272,7.3011
0.5,16.0,0.02,10.4073,9.3761,1.1621,1.3931,3.729,630,4766.7,3.937,0.5,16.0,0.02,1.1099817621399088,9.6532,1.1490999999999998,0.5,16.0,0.02,4.1949,5.6692,0.5887,1.2147,1.0711,206,632.35,1.492,0.7399456713469272,7.3011
0.5,16.0,0.01,10.4073,9.3761,1.1621,1.3931,3.729,630,4766.7,3.937,0.5,16.0,0.01,1.1099817621399088,9.665366666666666,1.1497,0.5,16.0,0.01,4.1949,5.6692,0.5887,1.2147,1.0711,206,632.35,1.492,0.7399456713469272,7.3011
0.5,24.0,0.01,10.0459,9.4285,1.1167,1.3801,3.5927,630,4577.3,3.937,0.5,24.0,0.01,1.0654823142599565,9.397633333333333,1.0791,0.5,24.0,0.01,4.5537,6.0789,0.588,1.2301,1.0859,206,687.02,1.492,0.7490993436312491,7.299799999999999
0.5,24.0,0.02,10.0459,9.4285,1.1167,1.3801,3.5927,630,4577.3,3.937,0.5,24.0,0.02,1.0654823142599565,9.615050000000002,1.105883333333333,0.5,24.0,0.02,4.5537,6.0789,0.588,1.2301,1.0859,206,687.02,1.492,0.7490993436312491,7.299799999999999
0.5,24.0,0.03,10.221,9.3896,1.1364,1.3864,3.6661,630,4668.87,3.937,0.5,24.0,0.03,1.0885447729402744,10.02875,1.1486833333333333,0.5,24.0,0.03,4.0631,5.8564,0.5676,1.2072,1.0021,206,612.28,1.492,0.6937879926234548,7.14205
0.5,32.0,0.03,10.221,9.3896,1.1364,1.3864,3.6661,630,4668.87,3.937,0.5,32.0,0.03,1.0885447729402744,9.997700000000002,1.1444,0.5,32.0,0.03,4.0631,5.8564,0.5676,1.2072,1.0021,206,612.28,1.492,0.6937879926234548,7.14205
0.5,64.0,0.03,10.221,9.3896,1.1364,1.3864,3.6661,630,4668.87,3.937,0.5,64.0,0.03,1.0885447729402744,9.997700000000002,1.1444,0.5,64.0,0.03,4.0631,5.8564,0.5676,1.2072,1.0021,206,612.28,1.492,0.6937879926234548,7.14205
0.5,56.0,0.03,10.221,9.3896,1.1364,1.3864,3.6661,630,4668.87,3.937,0.5,56.0,0.03,1.0885447729402744,9.997700000000002,1.1444,0.5,56.0,0.03,4.0631,5.8564,0.5676,1.2072,1.0021,206,612.28,1.492,0.6937879926234548,7.14205
0.5,40.0,0.03,10.221,9.3896,1.1364,1.3864,3.6661,630,4668.87,3.937,0.5,40.0,0.03,1.0885447729402744,9.997700000000002,1.1444,0.5,40.0,0.03,4.0631,5.8564,0.5676,1.2072,1.0021,206,612.28,1.492,0.6937879926234548,7.14205
0.5,80.0,0.03,10.221,9.3896,1.1364,1.3864,3.6661,630,4668.87,3.937,0.5,80.0,0.03,1.0885447729402744,9.9977,1.1444,0.5,80.0,0.03,4.0631,5.8564,0.5676,1.2072,1.0021,206,612.28,1.492,0.6937879926234548,7.14205
0.5,48.0,0.03,10.221,9.3896,1.1364,1.3864,3.6661,630,4668.87,3.937,0.5,48.0,0.03,1.0885447729402744,9.997700000000002,1.1444,0.5,48.0,0.03,4.0631,5.8564,0.5676,1.2072,1.0021,206,612.28,1.492,0.6937879926234548,7.14205
0.5,72.0,0.03,10.221,9.3896,1.1364,1.3864,3.6661,630,4668.87,3.937,0.5,72.0,0.03,1.0885447729402744,9.997700000000002,1.1444,0.5,72.0,0.03,4.0631,5.8564,0.5676,1.2072,1.0021,206,612.28,1.492,0.6937879926234548,7.14205
0.5,72.0,0.05,10.0944,9.5035,1.1861,1.4004,3.7277,630,4602.6,3.937,0.5,72.0,0.05,1.0621770926500762,9.87315,1.2036,0.5,72.0,0.05,4.0676,4.9886,0.6164,1.2264,1.2014,206,612.97,1.492,0.8153790642665276,7.0809999999999995
0.5,80.0,0.05,10.0944,9.5035,1.1861,1.4004,3.7277,630,4602.6,3.937,0.5,80.0,0.05,1.0621770926500762,9.873149999999999,1.2036,0.5,80.0,0.05,4.0676,4.9886,0.6164,1.2264,1.2014,206,612.97,1.492,0.8153790642665276,7.0809999999999995
0.5,48.0,0.05,10.0944,9.5035,1.1861,1.4004,3.7277,630,4602.6,3.937,0.5,48.0,0.05,1.0621770926500762,9.87315,1.2036,0.5,48.0,0.05,4.0676,4.9886,0.6164,1.2264,1.2014,206,612.97,1.492,0.8153790642665276,7.0809999999999995
0.5,56.0,0.05,10.0944,9.5035,1.1861,1.4004,3.7277,630,4602.6,3.937,0.5,56.0,0.05,1.0621770926500762,9.87315,1.2036,0.5,56.0,0.05,4.0676,4.9886,0.6164,1.2264,1.2014,206,612.97,1.492,0.8153790642665276,7.0809999999999995
0.5,40.0,0.05,10.0944,9.5035,1.1861,1.4004,3.7277,630,4602.6,3.937,0.5,40.0,0.05,1.0621770926500762,9.87315,1.2036,0.5,40.0,0.05,4.0676,4.9886,0.6164,1.2264,1.2014,206,612.97,1.492,0.8153790642665276,7.0809999999999995
0.5,16.0,0.05,10.0944,9.5035,1.1861,1.4004,3.7277,630,4602.6,3.937,0.5,16.0,0.05,1.0621770926500762,9.713483333333333,1.2019499999999999,0.5,16.0,0.05,4.0676,4.9886,0.6164,1.2264,1.2014,206,612.97,1.492,0.8153790642665276,7.0809999999999995
0.5,24.0,0.05,10.0944,9.5035,1.1861,1.4004,3.7277,630,4602.6,3.937,0.5,24.0,0.05,1.0621770926500762,9.87315,1.2036,0.5,24.0,0.05,4.0676,4.9886,0.6164,1.2264,1.2014,206,612.97,1.492,0.8153790642665276,7.0809999999999995
0.5,32.0,0.05,10.0944,9.5035,1.1861,1.4004,3.7277,630,4602.6,3.937,0.5,32.0,0.05,1.0621770926500762,9.87315,1.2036,0.5,32.0,0.05,4.0676,4.9886,0.6164,1.2264,1.2014,206,612.97,1.492,0.8153790642665276,7.0809999999999995
0.5,64.0,0.05,10.0944,9.5035,1.1861,1.4004,3.7277,630,4602.6,3.937,0.5,64.0,0.05,1.0621770926500762,9.87315,1.2036,0.5,64.0,0.05,4.0676,4.9886,0.6164,1.2264,1.2014,206,612.97,1.492,0.8153790642665276,7.0809999999999995
0.5,48.0,0.02,9.602,9.4817,1.0712,1.3636,3.4684,630,4347.18,3.937,0.5,48.0,0.02,1.01268759821551,9.2797,1.0690000000000002,0.5,48.0,0.02,4.5373,6.2483,0.579,1.2296,1.0513,206,684.53,1.492,0.7261655170206296,7.06965
0.5,64.0,0.02,9.602,9.4817,1.0712,1.3636,3.4684,630,4347.18,3.937,0.5,64.0,0.02,1.01268759821551,9.2797,1.0690000000000002,0.5,64.0,0.02,4.5373,6.2483,0.579,1.2296,1.0513,206,684.53,1.492,0.7261655170206296,7.06965
0.5,72.0,0.02,9.602,9.4817,1.0712,1.3636,3.4684,630,4347.18,3.937,0.5,72.0,0.02,1.01268759821551,9.2797,1.0690000000000002,0.5,72.0,0.02,4.5373,6.2483,0.579,1.2296,1.0513,206,684.53,1.492,0.7261655170206296,7.06965
0.5,32.0,0.02,9.602,9.4817,1.0712,1.3636,3.4684,630,4347.18,3.937,0.5,32.0,0.02,1.01268759821551,9.353683333333334,1.0765833333333334,0.5,32.0,0.02,4.5373,6.2483,0.579,1.2296,1.0513,206,684.53,1.492,0.7261655170206296,7.06965
0.5,56.0,0.02,9.602,9.4817,1.0712,1.3636,3.4684,630,4347.18,3.937,0.5,56.0,0.02,1.01268759821551,9.2797,1.0690000000000002,0.5,56.0,0.02,4.5373,6.2483,0.579,1.2296,1.0513,206,684.53,1.492,0.7261655170206296,7.06965
0.5,80.0,0.02,9.602,9.4817,1.0712,1.3636,3.4684,630,4347.18,3.937,0.5,80.0,0.02,1.01268759821551,9.2797,1.069,0.5,80.0,0.02,4.5373,6.2483,0.579,1.2296,1.0513,206,684.53,1.492,0.7261655170206296,7.06965
0.5,40.0,0.02,9.602,9.4817,1.0712,1.3636,3.4684,630,4347.18,3.937,0.5,40.0,0.02,1.01268759821551,9.2797,1.0690000000000002,0.5,40.0,0.02,4.5373,6.2483,0.579,1.2296,1.0513,206,684.53,1.492,0.7261655170206296,7.06965
0.45,64.0,0.03,9.7744,9.074,1.1524,1.3876,3.6592,630,4436.22,3.937,0.45,64.0,0.03,1.0771875688781134,9.605133333333335,1.1376,0.45,64.0,0.03,4.1851,5.424,0.6219,1.2268,1.1274,206,630.85,1.492,0.771589233038348,6.97975
0.45,72.0,0.03,9.7744,9.074,1.1524,1.3876,3.6592,630,4436.22,3.937,0.45,72.0,0.03,1.0771875688781134,9.605133333333335,1.1376,0.45,72.0,0.03,4.1851,5.424,0.6219,1.2268,1.1274,206,630.85,1.492,0.771589233038348,6.97975
0.45,80.0,0.03,9.7744,9.074,1.1524,1.3876,3.6592,630,4436.22,3.937,0.45,80.0,0.03,1.0771875688781134,9.605133333333335,1.1376000000000002,0.45,80.0,0.03,4.1851,5.424,0.6219,1.2268,1.1274,206,630.85,1.492,0.771589233038348,6.97975
0.45,32.0,0.03,9.7744,9.074,1.1524,1.3876,3.6592,630,4436.22,3.937,0.45,32.0,0.03,1.0771875688781134,9.605133333333335,1.1376,0.45,32.0,0.03,4.1851,5.424,0.6219,1.2268,1.1274,206,630.85,1.492,0.771589233038348,6.97975
0.45,48.0,0.03,9.7744,9.074,1.1524,1.3876,3.6592,630,4436.22,3.937,0.45,48.0,0.03,1.0771875688781134,9.605133333333335,1.1376,0.45,48.0,0.03,4.1851,5.424,0.6219,1.2268,1.1274,206,630.85,1.492,0.771589233038348,6.97975
0.45,24.0,0.03,9.7744,9.074,1.1524,1.3876,3.6592,630,4436.22,3.937,0.45,24.0,0.03,1.0771875688781134,9.625833333333333,1.1404555555555556,0.45,24.0,0.03,4.1851,5.424,0.6219,1.2268,1.1274,206,630.85,1.492,0.771589233038348,6.97975
0.45,40.0,0.03,9.7744,9.074,1.1524,1.3876,3.6592,630,4436.22,3.937,0.45,40.0,0.03,1.0771875688781134,9.605133333333335,1.1376,0.45,40.0,0.03,4.1851,5.424,0.6219,1.2268,1.1274,206,630.85,1.492,0.771589233038348,6.97975
0.45,16.0,0.03,9.7744,9.074,1.1524,1.3876,3.6592,630,4436.22,3.937,0.45,16.0,0.03,1.0771875688781134,9.5147,1.1641444444444444,0.45,16.0,0.03,4.1851,5.424,0.6219,1.2268,1.1274,206,630.85,1.492,0.771589233038348,6.97975
0.45,56.0,0.03,9.7744,9.074,1.1524,1.3876,3.6592,630,4436.22,3.937,0.45,56.0,0.03,1.0771875688781134,9.605133333333335,1.1376,0.45,56.0,0.03,4.1851,5.424,0.6219,1.2268,1.1274,206,630.85,1.492,0.771589233038348,6.97975
0.5,32.0,0.01,8.8939,9.7351,0.9932,1.3347,3.2805,630,3985.68,3.937,0.5,32.0,0.01,0.9135910262863248,8.627550000000001,0.9853999999999999,0.5,32.0,0.01,4.9731,6.3877,0.6048,1.2539,1.1219,206,751.06,1.492,0.7785431375925607,6.9335
0.45,16.0,0.02,9.7203,9.122,1.1517,1.385,3.6697,630,4408.24,3.937,0.45,16.0,0.02,1.065588686691515,9.43468888888889,1.1518666666666666,0.45,16.0,0.02,3.8986,5.646,0.5782,1.2104,1.0031,206,587.26,1.492,0.6905065533120793,6.80945
0.45,16.0,0.01,9.7203,9.122,1.1517,1.385,3.6697,630,4408.24,3.937,0.45,16.0,0.01,1.065588686691515,9.42601111111111,1.1507333333333334,0.45,16.0,0.01,3.8986,5.646,0.5782,1.2104,1.0031,206,587.26,1.492,0.6905065533120793,6.80945
0.4,16.0,0.02,9.1578,8.7288,1.1395,1.3882,3.5787,630,4119.62,3.937,0.4,16.0,0.02,1.0491476491613967,8.915266666666668,1.1546444444444444,0.4,16.0,0.02,4.3372,5.0544,0.6777,1.2515,1.1612,206,654.02,1.492,0.8581038303260525,6.7475000000000005
0.4,16.0,0.01,9.1578,8.7288,1.1395,1.3882,3.5787,630,4119.62,3.937,0.4,16.0,0.01,1.0491476491613967,8.867866666666666,1.1475222222222223,0.4,16.0,0.01,4.3372,5.0544,0.6777,1.2515,1.1612,206,654.02,1.492,0.8581038303260525,6.7475000000000005
0.45,40.0,0.04,9.3817,9.2079,1.149,1.3821,3.6048,630,4233.97,3.937,0.45,40.0,0.04,1.0188750963846263,9.559033333333332,1.1686,0.45,40.0,0.04,4.0776,5.1981,0.6261,1.2235,1.1539,206,614.5,1.492,0.7844404686327697,6.72965
0.45,16.0,0.04,9.3817,9.2079,1.149,1.3821,3.6048,630,4233.97,3.937,0.45,16.0,0.04,1.0188750963846263,9.463266666666666,1.1819555555555556,0.45,16.0,0.04,4.0776,5.1981,0.6261,1.2235,1.1539,206,614.5,1.492,0.7844404686327697,6.72965
0.45,32.0,0.04,9.3817,9.2079,1.149,1.3821,3.6048,630,4233.97,3.937,0.45,32.0,0.04,1.0188750963846263,9.559033333333332,1.1686,0.45,32.0,0.04,4.0776,5.1981,0.6261,1.2235,1.1539,206,614.5,1.492,0.7844404686327697,6.72965
0.45,56.0,0.04,9.3817,9.2079,1.149,1.3821,3.6048,630,4233.97,3.937,0.45,56.0,0.04,1.0188750963846263,9.559033333333332,1.1686,0.45,56.0,0.04,4.0776,5.1981,0.6261,1.2235,1.1539,206,614.5,1.492,0.7844404686327697,6.72965
0.45,72.0,0.04,9.3817,9.2079,1.149,1.3821,3.6048,630,4233.97,3.937,0.45,72.0,0.04,1.0188750963846263,9.559033333333332,1.1686,0.45,72.0,0.04,4.0776,5.1981,0.6261,1.2235,1.1539,206,614.5,1.492,0.7844404686327697,6.72965
0.45,80.0,0.04,9.3817,9.2079,1.149,1.3821,3.6048,630,4233.97,3.937,0.45,80.0,0.04,1.0188750963846263,9.559033333333334,1.1685999999999999,0.45,80.0,0.04,4.0776,5.1981,0.6261,1.2235,1.1539,206,614.5,1.492,0.7844404686327697,6.72965
0.45,24.0,0.04,9.3817,9.2079,1.149,1.3821,3.6048,630,4233.97,3.937,0.45,24.0,0.04,1.0188750963846263,9.559033333333332,1.1686,0.45,24.0,0.04,4.0776,5.1981,0.6261,1.2235,1.1539,206,614.5,1.492,0.7844404686327697,6.72965
0.45,48.0,0.04,9.3817,9.2079,1.149,1.3821,3.6048,630,4233.97,3.937,0.45,48.0,0.04,1.0188750963846263,9.559033333333332,1.1686,0.45,48.0,0.04,4.0776,5.1981,0.6261,1.2235,1.1539,206,614.5,1.492,0.7844404686327697,6.72965
0.45,64.0,0.04,9.3817,9.2079,1.149,1.3821,3.6048,630,4233.97,3.937,0.45,64.0,0.04,1.0188750963846263,9.559033333333332,1.1686,0.45,64.0,0.04,4.0776,5.1981,0.6261,1.2235,1.1539,206,614.5,1.492,0.7844404686327697,6.72965
0.45,24.0,0.01,9.0304,9.0789,1.0704,1.36,3.3936,630,4054.85,3.937,0.45,24.0,0.01,0.9946579431428917,9.071688888888888,1.069988888888889,0.45,24.0,0.01,4.2745,6.0923,0.5757,1.2289,1.0164,206,644.47,1.492,0.7016233606355563,6.65245
0.45,64.0,0.05,9.6519,9.1066,1.2211,1.4146,3.8329,630,4372.93,3.937,0.45,64.0,0.05,1.0598796477280215,9.591066666666668,1.2119666666666664,0.45,64.0,0.05,3.5182,4.7777,0.5643,1.2082,1.085,206,529.48,1.492,0.7363794294325722,6.58505
0.45,48.0,0.05,9.6519,9.1066,1.2211,1.4146,3.8329,630,4372.93,3.937,0.45,48.0,0.05,1.0598796477280215,9.591066666666668,1.2119666666666664,0.45,48.0,0.05,3.5182,4.7777,0.5643,1.2082,1.085,206,529.48,1.492,0.7363794294325722,6.58505
0.45,40.0,0.05,9.6519,9.1066,1.2211,1.4146,3.8329,630,4372.93,3.937,0.45,40.0,0.05,1.0598796477280215,9.591066666666668,1.2119666666666664,0.45,40.0,0.05,3.5182,4.7777,0.5643,1.2082,1.085,206,529.48,1.492,0.7363794294325722,6.58505
0.45,32.0,0.05,9.6519,9.1066,1.2211,1.4146,3.8329,630,4372.93,3.937,0.45,32.0,0.05,1.0598796477280215,9.591066666666668,1.2119666666666664,0.45,32.0,0.05,3.5182,4.7777,0.5643,1.2082,1.085,206,529.48,1.492,0.7363794294325722,6.58505
0.45,16.0,0.05,9.6519,9.1066,1.2211,1.4146,3.8329,630,4372.93,3.937,0.45,16.0,0.05,1.0598796477280215,9.484622222222221,1.2108666666666668,0.45,16.0,0.05,3.5182,4.7777,0.5643,1.2082,1.085,206,529.48,1.492,0.7363794294325722,6.58505
0.45,80.0,0.05,9.6519,9.1066,1.2211,1.4146,3.8329,630,4372.93,3.937,0.45,80.0,0.05,1.0598796477280215,9.591066666666666,1.2119666666666664,0.45,80.0,0.05,3.5182,4.7777,0.5643,1.2082,1.085,206,529.48,1.492,0.7363794294325722,6.58505
0.45,24.0,0.05,9.6519,9.1066,1.2211,1.4146,3.8329,630,4372.93,3.937,0.45,24.0,0.05,1.0598796477280215,9.591066666666668,1.2119666666666664,0.45,24.0,0.05,3.5182,4.7777,0.5643,1.2082,1.085,206,529.48,1.492,0.7363794294325722,6.58505
0.45,56.0,0.05,9.6519,9.1066,1.2211,1.4146,3.8329,630,4372.93,3.937,0.45,56.0,0.05,1.0598796477280215,9.591066666666668,1.2119666666666664,0.45,56.0,0.05,3.5182,4.7777,0.5643,1.2082,1.085,206,529.48,1.492,0.7363794294325722,6.58505
0.45,72.0,0.05,9.6519,9.1066,1.2211,1.4146,3.8329,630,4372.93,3.937,0.45,72.0,0.05,1.0598796477280215,9.591066666666668,1.2119666666666664,0.45,72.0,0.05,3.5182,4.7777,0.5643,1.2082,1.085,206,529.48,1.492,0.7363794294325722,6.58505
0.45,24.0,0.02,8.9574,9.0944,1.0668,1.3569,3.3627,630,4017.83,3.937,0.45,24.0,0.02,0.984935784658691,9.384966666666665,1.1092,0.45,24.0,0.02,4.0663,5.9572,0.5571,1.217,0.99,206,612.77,1.492,0.682585778553683,6.51185
0.45,56.0,0.02,8.9574,9.0944,1.0668,1.3569,3.3627,630,4017.83,3.937,0.45,56.0,0.02,0.984935784658691,9.122566666666668,1.0806666666666667,0.45,56.0,0.02,4.0663,5.9572,0.5571,1.217,0.99,206,612.77,1.492,0.682585778553683,6.51185
0.45,40.0,0.02,8.9574,9.0944,1.0668,1.3569,3.3627,630,4017.83,3.937,0.45,40.0,0.02,0.984935784658691,9.122566666666668,1.0806666666666667,0.45,40.0,0.02,4.0663,5.9572,0.5571,1.217,0.99,206,612.77,1.492,0.682585778553683,6.51185
0.45,32.0,0.02,8.9574,9.0944,1.0668,1.3569,3.3627,630,4017.83,3.937,0.45,32.0,0.02,0.984935784658691,9.171888888888889,1.0857222222222223,0.45,32.0,0.02,4.0663,5.9572,0.5571,1.217,0.99,206,612.77,1.492,0.682585778553683,6.51185
0.45,72.0,0.02,8.9574,9.0944,1.0668,1.3569,3.3627,630,4017.83,3.937,0.45,72.0,0.02,0.984935784658691,9.122566666666668,1.0806666666666667,0.45,72.0,0.02,4.0663,5.9572,0.5571,1.217,0.99,206,612.77,1.492,0.682585778553683,6.51185
0.45,80.0,0.02,8.9574,9.0944,1.0668,1.3569,3.3627,630,4017.83,3.937,0.45,80.0,0.02,0.984935784658691,9.122566666666666,1.0806666666666667,0.45,80.0,0.02,4.0663,5.9572,0.5571,1.217,0.99,206,612.77,1.492,0.682585778553683,6.51185
0.45,48.0,0.02,8.9574,9.0944,1.0668,1.3569,3.3627,630,4017.83,3.937,0.45,48.0,0.02,0.984935784658691,9.122566666666668,1.0806666666666667,0.45,48.0,0.02,4.0663,5.9572,0.5571,1.217,0.99,206,612.77,1.492,0.682585778553683,6.51185
0.45,64.0,0.02,8.9574,9.0944,1.0668,1.3569,3.3627,630,4017.83,3.937,0.45,64.0,0.02,0.984935784658691,9.122566666666668,1.0806666666666667,0.45,64.0,0.02,4.0663,5.9572,0.5571,1.217,0.99,206,612.77,1.492,0.682585778553683,6.51185
0.4,24.0,0.04,9.0806,8.6405,1.1837,1.3985,3.7093,630,4080.34,3.937,0.4,24.0,0.04,1.0509345523985882,9.0419,1.1876333333333333,0.4,24.0,0.04,3.8617,4.5085,0.6424,1.2321,1.2522,206,581.66,1.492,0.8565376511034712,6.47115
0.4,32.0,0.04,9.0806,8.6405,1.1837,1.3985,3.7093,630,4080.34,3.937,0.4,32.0,0.04,1.0509345523985882,9.0419,1.1876333333333333,0.4,32.0,0.04,3.8617,4.5085,0.6424,1.2321,1.2522,206,581.66,1.492,0.8565376511034712,6.47115
0.4,40.0,0.04,9.0806,8.6405,1.1837,1.3985,3.7093,630,4080.34,3.937,0.4,40.0,0.04,1.0509345523985882,9.0419,1.1876333333333333,0.4,40.0,0.04,3.8617,4.5085,0.6424,1.2321,1.2522,206,581.66,1.492,0.8565376511034712,6.47115
0.4,16.0,0.04,9.0806,8.6405,1.1837,1.3985,3.7093,630,4080.34,3.937,0.4,16.0,0.04,1.0509345523985882,9.008811111111111,1.1992,0.4,16.0,0.04,3.8617,4.5085,0.6424,1.2321,1.2522,206,581.66,1.492,0.8565376511034712,6.47115
0.4,64.0,0.04,9.0806,8.6405,1.1837,1.3985,3.7093,630,4080.34,3.937,0.4,64.0,0.04,1.0509345523985882,9.0419,1.1876333333333333,0.4,64.0,0.04,3.8617,4.5085,0.6424,1.2321,1.2522,206,581.66,1.492,0.8565376511034712,6.47115
0.4,72.0,0.04,9.0806,8.6405,1.1837,1.3985,3.7093,630,4080.34,3.937,0.4,72.0,0.04,1.0509345523985882,9.0419,1.1876333333333333,0.4,72.0,0.04,3.8617,4.5085,0.6424,1.2321,1.2522,206,581.66,1.492,0.8565376511034712,6.47115
0.4,56.0,0.04,9.0806,8.6405,1.1837,1.3985,3.7093,630,4080.34,3.937,0.4,56.0,0.04,1.0509345523985882,9.0419,1.1876333333333333,0.4,56.0,0.04,3.8617,4.5085,0.6424,1.2321,1.2522,206,581.66,1.492,0.8565376511034712,6.47115
0.4,80.0,0.04,9.0806,8.6405,1.1837,1.3985,3.7093,630,4080.34,3.937,0.4,80.0,0.04,1.0509345523985882,9.0419,1.1876333333333333,0.4,80.0,0.04,3.8617,4.5085,0.6424,1.2321,1.2522,206,581.66,1.492,0.8565376511034712,6.47115
0.4,48.0,0.04,9.0806,8.6405,1.1837,1.3985,3.7093,630,4080.34,3.937,0.4,48.0,0.04,1.0509345523985882,9.0419,1.1876333333333333,0.4,48.0,0.04,3.8617,4.5085,0.6424,1.2321,1.2522,206,581.66,1.492,0.8565376511034712,6.47115
0.5,8.0,0.05,9.4621,9.6567,1.1804,1.3968,3.5266,630,4275.2,3.937,0.5,8.0,0.05,0.9798481883044932,9.63365,1.201125,0.5,8.0,0.05,3.4229000000000003,5.2162,0.5382,1.2135,0.9616,206,515.02,1.492,0.6562056669606228,6.4425
0.5,8.0,0.06,9.4621,9.6567,1.1804,1.3968,3.5266,630,4275.2,3.937,0.5,8.0,0.06,0.9798481883044932,9.067475,1.1664,0.5,8.0,0.06,3.4229000000000003,5.2162,0.5382,1.2135,0.9616,206,515.02,1.492,0.6562056669606228,6.4425
0.5,8.0,0.01,9.4621,9.6567,1.1804,1.3968,3.5266,630,4275.2,3.937,0.5,8.0,0.01,0.9798481883044932,9.728975,1.1777749999999998,0.5,8.0,0.01,3.4229000000000003,5.2162,0.5382,1.2135,0.9616,206,515.02,1.492,0.6562056669606228,6.4425
0.5,8.0,0.04,9.4621,9.6567,1.1804,1.3968,3.5266,630,4275.2,3.937,0.5,8.0,0.04,0.9798481883044932,9.5962,1.1798499999999998,0.5,8.0,0.04,3.4229000000000003,5.2162,0.5382,1.2135,0.9616,206,515.02,1.492,0.6562056669606228,6.4425
0.5,8.0,0.03,9.4621,9.6567,1.1804,1.3968,3.5266,630,4275.2,3.937,0.5,8.0,0.03,0.9798481883044932,9.7425,1.1779499999999998,0.5,8.0,0.03,3.4229000000000003,5.2162,0.5382,1.2135,0.9616,206,515.02,1.492,0.6562056669606228,6.4425
0.5,8.0,0.02,9.4621,9.6567,1.1804,1.3968,3.5266,630,4275.2,3.937,0.5,8.0,0.02,0.9798481883044932,9.728975,1.1777749999999998,0.5,8.0,0.02,3.4229000000000003,5.2162,0.5382,1.2135,0.9616,206,515.02,1.492,0.6562056669606228,6.4425
0.45,8.0,0.01,9.3262,9.1112,1.2169,1.4129,3.7122,630,4205.54,3.937,0.45,8.0,0.01,1.0235973307577486,9.516766666666667,1.1798833333333332,0.45,8.0,0.01,3.5345,4.6658,0.589,1.2296,1.1132,206,531.96,1.492,0.7575335419435038,6.43035
0.45,8.0,0.02,9.3262,9.1112,1.2169,1.4129,3.7122,630,4205.54,3.937,0.45,8.0,0.02,1.0235973307577486,9.516766666666667,1.1798833333333332,0.45,8.0,0.02,3.5345,4.6658,0.589,1.2296,1.1132,206,531.96,1.492,0.7575335419435038,6.43035
0.45,8.0,0.04,9.3262,9.1112,1.2169,1.4129,3.7122,630,4205.54,3.937,0.45,8.0,0.04,1.0235973307577486,9.415383333333333,1.1886333333333332,0.45,8.0,0.04,3.5345,4.6658,0.589,1.2296,1.1132,206,531.96,1.492,0.7575335419435038,6.43035
0.45,8.0,0.05,9.3262,9.1112,1.2169,1.4129,3.7122,630,4205.54,3.937,0.45,8.0,0.05,1.0235973307577486,9.4314,1.2103166666666665,0.45,8.0,0.05,3.5345,4.6658,0.589,1.2296,1.1132,206,531.96,1.492,0.7575335419435038,6.43035
0.45,8.0,0.03,9.3262,9.1112,1.2169,1.4129,3.7122,630,4205.54,3.937,0.45,8.0,0.03,1.0235973307577486,9.469483333333333,1.1774166666666666,0.45,8.0,0.03,3.5345,4.6658,0.589,1.2296,1.1132,206,531.96,1.492,0.7575335419435038,6.43035
0.5,56.0,0.06,9.4296,9.745,1.16,1.3905,3.4926,630,4258.54,3.937,0.5,56.0,0.06,0.967634684453566,9.05935,1.1613,0.5,56.0,0.06,3.4279,5.2155,0.5314,1.206,0.963,206,515.78,1.492,0.6572524206691593,6.428750000000001
0.5,64.0,0.06,9.4296,9.745,1.16,1.3905,3.4926,630,4258.54,3.937,0.5,64.0,0.06,0.967634684453566,9.05935,1.1613,0.5,64.0,0.06,3.4279,5.2155,0.5314,1.206,0.963,206,515.78,1.492,0.6572524206691593,6.428750000000001
0.5,40.0,0.06,9.4296,9.745,1.16,1.3905,3.4926,630,4258.54,3.937,0.5,40.0,0.06,0.967634684453566,9.05935,1.1613,0.5,40.0,0.06,3.4279,5.2155,0.5314,1.206,0.963,206,515.78,1.492,0.6572524206691593,6.428750000000001
0.5,48.0,0.06,9.4296,9.745,1.16,1.3905,3.4926,630,4258.54,3.937,0.5,48.0,0.06,0.967634684453566,9.05935,1.1613,0.5,48.0,0.06,3.4279,5.2155,0.5314,1.206,0.963,206,515.78,1.492,0.6572524206691593,6.428750000000001
0.5,72.0,0.06,9.4296,9.745,1.16,1.3905,3.4926,630,4258.54,3.937,0.5,72.0,0.06,0.967634684453566,9.05935,1.1613,0.5,72.0,0.06,3.4279,5.2155,0.5314,1.206,0.963,206,515.78,1.492,0.6572524206691593,6.428750000000001
0.5,80.0,0.06,9.4296,9.745,1.16,1.3905,3.4926,630,4258.54,3.937,0.5,80.0,0.06,0.967634684453566,9.05935,1.1613,0.5,80.0,0.06,3.4279,5.2155,0.5314,1.206,0.963,206,515.78,1.492,0.6572524206691593,6.428750000000001
0.5,32.0,0.06,9.4296,9.745,1.16,1.3905,3.4926,630,4258.54,3.937,0.5,32.0,0.06,0.967634684453566,9.05935,1.1613,0.5,32.0,0.06,3.4279,5.2155,0.5314,1.206,0.963,206,515.78,1.492,0.6572524206691593,6.428750000000001
0.5,24.0,0.06,9.4296,9.745,1.16,1.3905,3.4926,630,4258.54,3.937,0.5,24.0,0.06,0.967634684453566,9.05935,1.1613,0.5,24.0,0.06,3.4279,5.2155,0.5314,1.206,0.963,206,515.78,1.492,0.6572524206691593,6.428750000000001
0.5,16.0,0.06,9.4296,9.745,1.16,1.3905,3.4926,630,4258.54,3.937,0.5,16.0,0.06,0.967634684453566,9.064766666666666,1.1647,0.5,16.0,0.06,3.4279,5.2155,0.5314,1.206,0.963,206,515.78,1.492,0.6572524206691593,6.428750000000001
0.4,24.0,0.01,8.6572,8.7466,1.0902,1.3684,3.4189,630,3866.37,3.937,0.4,24.0,0.01,0.989778885509798,8.419977777777778,1.0567222222222221,0.4,24.0,0.01,4.15,5.6464,0.5896,1.2385,1.0345,206,625.51,1.492,0.7349815811844717,6.4036
0.4,32.0,0.02,8.8083,8.7554,1.104,1.3751,3.4622,630,3942.45,3.937,0.4,32.0,0.02,1.0060419855175091,8.653666666666668,1.0930333333333335,0.4,32.0,0.02,3.8759,5.6632,0.5805,1.2226,0.9954,206,583.82,1.492,0.6844010453453878,6.342099999999999
0.4,40.0,0.02,8.8083,8.7554,1.104,1.3751,3.4622,630,3942.45,3.937,0.4,40.0,0.02,1.0060419855175091,8.653666666666668,1.0930333333333335,0.4,40.0,0.02,3.8759,5.6632,0.5805,1.2226,0.9954,206,583.82,1.492,0.6844010453453878,6.342099999999999
0.4,64.0,0.02,8.8083,8.7554,1.104,1.3751,3.4622,630,3942.45,3.937,0.4,64.0,0.02,1.0060419855175091,8.653666666666668,1.0930333333333335,0.4,64.0,0.02,3.8759,5.6632,0.5805,1.2226,0.9954,206,583.82,1.492,0.6844010453453878,6.342099999999999
0.4,24.0,0.02,8.8083,8.7554,1.104,1.3751,3.4622,630,3942.45,3.937,0.4,24.0,0.02,1.0060419855175091,8.818944444444444,1.1115444444444447,0.4,24.0,0.02,3.8759,5.6632,0.5805,1.2226,0.9954,206,583.82,1.492,0.6844010453453878,6.342099999999999
0.4,48.0,0.02,8.8083,8.7554,1.104,1.3751,3.4622,630,3942.45,3.937,0.4,48.0,0.02,1.0060419855175091,8.653666666666668,1.0930333333333335,0.4,48.0,0.02,3.8759,5.6632,0.5805,1.2226,0.9954,206,583.82,1.492,0.6844010453453878,6.342099999999999
0.4,80.0,0.02,8.8083,8.7554,1.104,1.3751,3.4622,630,3942.45,3.937,0.4,80.0,0.02,1.0060419855175091,8.653666666666666,1.0930333333333333,0.4,80.0,0.02,3.8759,5.6632,0.5805,1.2226,0.9954,206,583.82,1.492,0.6844010453453878,6.342099999999999
0.4,72.0,0.02,8.8083,8.7554,1.104,1.3751,3.4622,630,3942.45,3.937,0.4,72.0,0.02,1.0060419855175091,8.653666666666668,1.0930333333333335,0.4,72.0,0.02,3.8759,5.6632,0.5805,1.2226,0.9954,206,583.82,1.492,0.6844010453453878,6.342099999999999
0.4,56.0,0.02,8.8083,8.7554,1.104,1.3751,3.4622,630,3942.45,3.937,0.4,56.0,0.02,1.0060419855175091,8.653666666666668,1.0930333333333335,0.4,56.0,0.02,3.8759,5.6632,0.5805,1.2226,0.9954,206,583.82,1.492,0.6844010453453878,6.342099999999999
0.4,64.0,0.03,8.82,8.6543,1.124,1.3738,3.5294,630,3948.37,3.937,0.4,64.0,0.03,1.019146551425303,8.967066666666668,1.1401666666666668,0.4,64.0,0.03,3.8479,5.176,0.6145,1.2217,1.04,206,579.56,1.492,0.7434119010819166,6.33395
0.4,48.0,0.03,8.82,8.6543,1.124,1.3738,3.5294,630,3948.37,3.937,0.4,48.0,0.03,1.019146551425303,8.967066666666668,1.1401666666666668,0.4,48.0,0.03,3.8479,5.176,0.6145,1.2217,1.04,206,579.56,1.492,0.7434119010819166,6.33395
0.4,72.0,0.03,8.82,8.6543,1.124,1.3738,3.5294,630,3948.37,3.937,0.4,72.0,0.03,1.019146551425303,8.967066666666668,1.1401666666666668,0.4,72.0,0.03,3.8479,5.176,0.6145,1.2217,1.04,206,579.56,1.492,0.7434119010819166,6.33395
0.4,56.0,0.03,8.82,8.6543,1.124,1.3738,3.5294,630,3948.37,3.937,0.4,56.0,0.03,1.019146551425303,8.967066666666668,1.1401666666666668,0.4,56.0,0.03,3.8479,5.176,0.6145,1.2217,1.04,206,579.56,1.492,0.7434119010819166,6.33395
0.4,40.0,0.03,8.82,8.6543,1.124,1.3738,3.5294,630,3948.37,3.937,0.4,40.0,0.03,1.019146551425303,8.967066666666668,1.1401666666666668,0.4,40.0,0.03,3.8479,5.176,0.6145,1.2217,1.04,206,579.56,1.492,0.7434119010819166,6.33395
0.4,32.0,0.03,8.82,8.6543,1.124,1.3738,3.5294,630,3948.37,3.937,0.4,32.0,0.03,1.019146551425303,8.967066666666668,1.1401666666666668,0.4,32.0,0.03,3.8479,5.176,0.6145,1.2217,1.04,206,579.56,1.492,0.7434119010819166,6.33395
0.4,24.0,0.03,8.82,8.6543,1.124,1.3738,3.5294,630,3948.37,3.937,0.4,24.0,0.03,1.019146551425303,8.967066666666668,1.1401666666666668,0.4,24.0,0.03,3.8479,5.176,0.6145,1.2217,1.04,206,579.56,1.492,0.7434119010819166,6.33395
0.4,80.0,0.03,8.82,8.6543,1.124,1.3738,3.5294,630,3948.37,3.937,0.4,80.0,0.03,1.019146551425303,8.967066666666668,1.1401666666666668,0.4,80.0,0.03,3.8479,5.176,0.6145,1.2217,1.04,206,579.56,1.492,0.7434119010819166,6.33395
0.4,16.0,0.03,8.82,8.6543,1.124,1.3738,3.5294,630,3948.37,3.937,0.4,16.0,0.03,1.019146551425303,8.958922222222222,1.1675555555555555,0.4,16.0,0.03,3.8479,5.176,0.6145,1.2217,1.04,206,579.56,1.492,0.7434119010819166,6.33395
0.35,16.0,0.01,8.5704,8.0461,1.1545,1.3915,3.6823,630,3822.84,3.937,0.35,16.0,0.01,1.0651620039522254,8.240555555555556,1.1380888888888887,0.35,16.0,0.01,4.0447,4.7309,0.672,1.2494,1.2381,206,609.49,1.492,0.8549536029085374,6.307549999999999
0.35,16.0,0.02,8.5704,8.0461,1.1545,1.3915,3.6823,630,3822.84,3.937,0.35,16.0,0.02,1.0651620039522254,8.341577777777779,1.1519555555555554,0.35,16.0,0.02,4.0447,4.7309,0.672,1.2494,1.2381,206,609.49,1.492,0.8549536029085374,6.307549999999999
0.45,64.0,0.06,8.6891,9.2117,1.1626,1.3877,3.4283,630,3882.41,3.937,0.45,64.0,0.06,0.9432678007316782,8.734466666666666,1.1656666666666666,0.45,64.0,0.06,3.5436,4.9122,0.5889,1.2384,1.0555,206,533.33,1.492,0.7213875656528642,6.11635
0.45,8.0,0.06,8.6891,9.2117,1.1626,1.3877,3.4283,630,3882.41,3.937,0.45,8.0,0.06,0.9432678007316782,8.739883333333333,1.1690666666666667,0.45,8.0,0.06,3.5436,4.9122,0.5889,1.2384,1.0555,206,533.33,1.492,0.7213875656528642,6.11635
0.45,16.0,0.06,8.6891,9.2117,1.1626,1.3877,3.4283,630,3882.41,3.937,0.45,16.0,0.06,0.9432678007316782,8.738077777777777,1.1679333333333333,0.45,16.0,0.06,3.5436,4.9122,0.5889,1.2384,1.0555,206,533.33,1.492,0.7213875656528642,6.11635
0.45,32.0,0.06,8.6891,9.2117,1.1626,1.3877,3.4283,630,3882.41,3.937,0.45,32.0,0.06,0.9432678007316782,8.734466666666666,1.1656666666666666,0.45,32.0,0.06,3.5436,4.9122,0.5889,1.2384,1.0555,206,533.33,1.492,0.7213875656528642,6.11635
0.45,56.0,0.06,8.6891,9.2117,1.1626,1.3877,3.4283,630,3882.41,3.937,0.45,56.0,0.06,0.9432678007316782,8.734466666666666,1.1656666666666666,0.45,56.0,0.06,3.5436,4.9122,0.5889,1.2384,1.0555,206,533.33,1.492,0.7213875656528642,6.11635
0.45,40.0,0.06,8.6891,9.2117,1.1626,1.3877,3.4283,630,3882.41,3.937,0.45,40.0,0.06,0.9432678007316782,8.734466666666666,1.1656666666666666,0.45,40.0,0.06,3.5436,4.9122,0.5889,1.2384,1.0555,206,533.33,1.492,0.7213875656528642,6.11635
0.45,48.0,0.06,8.6891,9.2117,1.1626,1.3877,3.4283,630,3882.41,3.937,0.45,48.0,0.06,0.9432678007316782,8.734466666666666,1.1656666666666666,0.45,48.0,0.06,3.5436,4.9122,0.5889,1.2384,1.0555,206,533.33,1.492,0.7213875656528642,6.11635
0.45,72.0,0.06,8.6891,9.2117,1.1626,1.3877,3.4283,630,3882.41,3.937,0.45,72.0,0.06,0.9432678007316782,8.734466666666666,1.1656666666666666,0.45,72.0,0.06,3.5436,4.9122,0.5889,1.2384,1.0555,206,533.33,1.492,0.7213875656528642,6.11635
0.45,24.0,0.06,8.6891,9.2117,1.1626,1.3877,3.4283,630,3882.41,3.937,0.45,24.0,0.06,0.9432678007316782,8.734466666666666,1.1656666666666666,0.45,24.0,0.06,3.5436,4.9122,0.5889,1.2384,1.0555,206,533.33,1.492,0.7213875656528642,6.11635
0.45,80.0,0.06,8.6891,9.2117,1.1626,1.3877,3.4283,630,3882.41,3.937,0.45,80.0,0.06,0.9432678007316782,8.734466666666668,1.1656666666666669,0.45,80.0,0.06,3.5436,4.9122,0.5889,1.2384,1.0555,206,533.33,1.492,0.7213875656528642,6.11635
0.35,24.0,0.03,8.3068,8.0268,1.1441,1.3782,3.6285,630,3691.17,3.937,0.35,24.0,0.03,1.0348831414760553,8.261966666666666,1.1428333333333334,0.35,24.0,0.03,3.8307,4.5213,0.6625,1.2408,1.1691,206,576.94,1.492,0.8472563200849313,6.0687500000000005
0.35,16.0,0.03,8.3068,8.0268,1.1441,1.3782,3.6285,630,3691.17,3.937,0.35,16.0,0.03,1.0348831414760553,8.322511111111112,1.1681,0.35,16.0,0.03,3.8307,4.5213,0.6625,1.2408,1.1691,206,576.94,1.492,0.8472563200849313,6.0687500000000005
0.35,32.0,0.03,8.3068,8.0268,1.1441,1.3782,3.6285,630,3691.17,3.937,0.35,32.0,0.03,1.0348831414760553,8.261966666666666,1.1428333333333334,0.35,32.0,0.03,3.8307,4.5213,0.6625,1.2408,1.1691,206,576.94,1.492,0.8472563200849313,6.0687500000000005
0.35,40.0,0.03,8.3068,8.0268,1.1441,1.3782,3.6285,630,3691.17,3.937,0.35,40.0,0.03,1.0348831414760553,8.261966666666666,1.1428333333333334,0.35,40.0,0.03,3.8307,4.5213,0.6625,1.2408,1.1691,206,576.94,1.492,0.8472563200849313,6.0687500000000005
0.35,48.0,0.03,8.3068,8.0268,1.1441,1.3782,3.6285,630,3691.17,3.937,0.35,48.0,0.03,1.0348831414760553,8.261966666666666,1.1428333333333334,0.35,48.0,0.03,3.8307,4.5213,0.6625,1.2408,1.1691,206,576.94,1.492,0.8472563200849313,6.0687500000000005
0.35,56.0,0.03,8.3068,8.0268,1.1441,1.3782,3.6285,630,3691.17,3.937,0.35,56.0,0.03,1.0348831414760553,8.261966666666666,1.1428333333333334,0.35,56.0,0.03,3.8307,4.5213,0.6625,1.2408,1.1691,206,576.94,1.492,0.8472563200849313,6.0687500000000005
0.35,64.0,0.03,8.3068,8.0268,1.1441,1.3782,3.6285,630,3691.17,3.937,0.35,64.0,0.03,1.0348831414760553,8.261966666666666,1.1428333333333334,0.35,64.0,0.03,3.8307,4.5213,0.6625,1.2408,1.1691,206,576.94,1.492,0.8472563200849313,6.0687500000000005
0.35,72.0,0.03,8.3068,8.0268,1.1441,1.3782,3.6285,630,3691.17,3.937,0.35,72.0,0.03,1.0348831414760553,8.261966666666666,1.1428333333333334,0.35,72.0,0.03,3.8307,4.5213,0.6625,1.2408,1.1691,206,576.94,1.492,0.8472563200849313,6.0687500000000005
0.35,80.0,0.03,8.3068,8.0268,1.1441,1.3782,3.6285,630,3691.17,3.937,0.35,80.0,0.03,1.0348831414760553,8.261966666666668,1.1428333333333336,0.35,80.0,0.03,3.8307,4.5213,0.6625,1.2408,1.1691,206,576.94,1.492,0.8472563200849313,6.0687500000000005
