name,path,digits,point,trade_mode,calc_mode,contract_size,currency_base,currency_profit,spread_current,swap_long,swap_short,swap_mode,swap_rollover3days,volume_min,volume_max,volume_step,tick_value,tick_size,stops_level,margin_initial,description,ref_spread,spread_ratio,max_units,verdict,verdict_reason
EURUSD.c,EURUSD_c\EURUSD.c,5,1e-05,4,0,100000.0,EUR,USD,86,-13.44,3.24,1,3,0.01,100.0,0.01,0.0,1e-05,0,100000.0,Euro vs US Dollar,86.0,1.0,10000000.0,ELIGIBLE,
EURTRY.c,FX Exotics_c\EURTRY.c,5,1e-05,4,0,100000.0,EUR,TRY,0,-13655.97,-2399.33,1,3,0.01,100.0,0.01,0.0,1e-05,0,0.0,Euro vs Turkish Lira,86.0,0.0,10000000.0,ELIGIBLE,
EURNOK.c,FX Exotics_c\EURNOK.c,5,1e-05,4,0,100000.0,EUR,NOK,0,-152.19,29.92,1,3,0.01,100.0,0.01,0.0,1e-05,0,0.0,Euro vs Norwegian Krone,86.0,0.0,10000000.0,ELIGIBLE,
EURSEK.c,FX Exotics_c\EURSEK.c,5,1e-05,4,0,100000.0,EUR,SEK,0,-63.73,-33.06,1,3,0.01,100.0,0.01,0.0,1e-05,0,0.0,Euro vs Swedish Krona,86.0,0.0,10000000.0,ELIGIBLE,
USDCNH.c,FX Exotics_c\USDCNH.c,5,1e-05,4,0,100000.0,USD,CNH,0,19.85,-120.23,1,3,0.01,100.0,0.01,0.0,1e-05,0,0.0,US Dollar vs Chinese Yuan,86.0,0.0,10000000.0,ELIGIBLE,
USDMXN.c,FX Exotics_c\USDMXN.c,5,1e-05,4,0,100000.0,USD,MXN,0,-310.06,84.73,1,3,0.01,100.0,0.01,0.0,1e-05,0,0.0,US Dollar vs Mexican Peso,86.0,0.0,10000000.0,ELIGIBLE,
USDNOK.c,FX Exotics_c\USDNOK.c,5,1e-05,4,0,100000.0,USD,NOK,0,-35.25,-51.34,1,3,0.01,100.0,0.01,0.0,1e-05,0,0.0,US Dollar vs Norwegian Krone,86.0,0.0,10000000.0,ELIGIBLE,
USDSEK.c,FX Exotics_c\USDSEK.c,5,1e-05,4,0,100000.0,USD,SEK,0,20.59,-117.93,1,3,0.01,100.0,0.01,0.0,1e-05,0,0.0,US Dollar vs Swedish Krona,86.0,0.0,10000000.0,ELIGIBLE,
USDTRY.c,FX Exotics_c\USDTRY.c,5,1e-05,4,0,100000.0,USD,TRY,0,-7190.04,827.91,1,3,0.01,100.0,0.01,0.0,1e-05,0,0.0,US Dollar vs Turkish Lira,86.0,0.0,10000000.0,ELIGIBLE,
USDZAR.c,FX Exotics_c\USDZAR.c,5,1e-05,4,0,100000.0,USD,ZAR,0,-445.62,-91.7,1,3,0.01,100.0,0.01,0.0,1e-05,0,0.0,US Dollar vs South African Rand,86.0,0.0,10000000.0,ELIGIBLE,
EURHUF.c,FX Exotics_c\EURHUF.c,5,1e-05,4,0,100000.0,EUR,HUF,0,-11521.4,-11521.4,1,3,0.01,100.0,0.01,0.0,1e-05,0,0.0,Euro vs Hungarian Forint,86.0,0.0,10000000.0,ELIGIBLE,
USDHUF.c,FX Exotics_c\USDHUF.c,5,1e-05,4,0,100000.0,USD,HUF,0,-36025.0,8937.0,1,3,0.01,100.0,0.01,0.0,1e-05,0,0.0,US Dollar vs Hungarian Forint,86.0,0.0,10000000.0,ELIGIBLE,
USDCLP.c,FX Exotics_c\USDCLP.c,2,0.01,4,0,100000.0,USD,CLP,0,-29.02,-24.48,1,3,0.01,50.0,0.01,0.0,0.01,500,0.0,US Dollar vs Chile Peso,86.0,0.0,5000000.0,ELIGIBLE,
EURSGD.c,FX Exotics_c\EURSGD.c,5,1e-05,4,0,100000.0,EUR,SGD,0,-9.22,-11.62,1,5,0.01,200.0,0.01,0.0,1e-05,0,0.0,Euro Vs. Singapore Dollar,86.0,0.0,20000000.0,ELIGIBLE,
USDSGD.c,FX Exotics_c\USDSGD.c,5,1e-05,4,0,100000.0,USD,SGD,0,0.34,-22.5,1,3,0.01,200.0,0.01,0.0,1e-05,0,0.0,US Dollar vs Singapore Dollar,86.0,0.0,20000000.0,ELIGIBLE,
USDBRL.c,FX Exotics_c\USDBRL.c,5,1e-05,4,0,100000.0,USD,BRL,0,-751.78,19.14,1,3,0.01,100.0,0.01,0.0,1e-05,0,0.0,US Dollar vs Brazilian Real,86.0,0.0,10000000.0,ELIGIBLE,
USDHKD.c,FX Exotics_c\USDHKD.c,5,1e-05,0,0,100000.0,USD,HKD,0,-10.39,-195.71,1,3,0.01,100.0,0.01,0.0,1e-05,0,0.0,US Dollar vs Hong Kong Dollar,86.0,0.0,10000000.0,REJECT_NOT_TRADABLE,trade_mode=0
NOKSEK.c,FX Exotics_c\NOKSEK.c,5,1e-05,3,0,100000.0,NOK,SEK,0,-4.04,-3.4,1,3,0.01,100.0,0.01,0.0,1e-05,0,0.0,Norwegian Krone v Swedish Krona,86.0,0.0,10000000.0,REJECT_NOT_TRADABLE,trade_mode=3
GBPJPY.c,FX Minors_c\GBPJPY.c,3,0.001,4,0,100000.0,GBP,JPY,0,13.22,-37.73,1,3,0.01,100.0,0.01,0.0,0.001,0,100000.0,Great Britain Pound vs Japanese Yen,86.0,0.0,10000000.0,ELIGIBLE,
AUDCAD.c,FX Minors_c\AUDCAD.c,5,1e-05,4,0,100000.0,AUD,CAD,0,0.75,-7.58,1,3,0.01,100.0,0.01,0.0,1e-05,0,100000.0,Australian Dollar vs Canadian Dollar,86.0,0.0,10000000.0,ELIGIBLE,
AUDCHF.c,FX Minors_c\AUDCHF.c,5,1e-05,4,0,100000.0,AUD,CHF,0,3.12,-45.11,1,3,0.01,100.0,0.01,0.0,1e-05,0,100000.0,Australian Dollar vs Swiss Franc,86.0,0.0,10000000.0,ELIGIBLE,
AUDJPY.c,FX Minors_c\AUDJPY.c,3,0.001,4,0,100000.0,AUD,JPY,0,6.03,-16.46,1,3,0.01,100.0,0.01,0.0,0.001,0,100000.0,Australian Dollar vs Japanese Yen,86.0,0.0,10000000.0,ELIGIBLE,
AUDNZD.c,FX Minors_c\AUDNZD.c,5,1e-05,4,0,100000.0,AUD,NZD,0,-0.31,-5.92,1,3,0.01,100.0,0.01,0.0,1e-05,0,100000.0,Australian Dollar vs New Zealand Dollar,86.0,0.0,10000000.0,ELIGIBLE,
CADCHF.c,FX Minors_c\CADCHF.c,5,1e-05,4,0,100000.0,CAD,CHF,0,1.78,-37.67,1,3,0.01,100.0,0.01,0.0,1e-05,0,100000.0,Canadian Dollar vs Swiss Franc,86.0,0.0,10000000.0,ELIGIBLE,
CADJPY.c,FX Minors_c\CADJPY.c,3,0.001,4,0,100000.0,CAD,JPY,0,2.91,-13.8,1,3,0.01,100.0,0.01,0.0,0.001,0,100000.0,Canadian Dollar vs Japanese Yen,86.0,0.0,10000000.0,ELIGIBLE,
CHFJPY.c,FX Minors_c\CHFJPY.c,3,0.001,4,0,100000.0,CHF,JPY,0,-32.66,-8.59,1,3,0.01,100.0,0.01,0.0,0.001,0,100000.0,Swiss Frank vs Japanese Yen,86.0,0.0,10000000.0,ELIGIBLE,
EURAUD.c,FX Minors_c\EURAUD.c,5,1e-05,4,0,100000.0,EUR,AUD,0,-19.03,4.68,1,3,0.01,100.0,0.01,0.0,1e-05,0,100000.0,Euro vs Australian Dollar,86.0,0.0,10000000.0,ELIGIBLE,
EURCAD.c,FX Minors_c\EURCAD.c,5,1e-05,4,0,100000.0,EUR,CAD,0,-10.0,-2.83,1,3,0.01,100.0,0.01,0.0,1e-05,0,100000.0,Euro vs Canadian Dollar,86.0,0.0,10000000.0,ELIGIBLE,
EURCHF.c,FX Minors_c\EURCHF.c,5,1e-05,4,0,100000.0,EUR,CHF,0,2.37,-36.56,1,3,0.01,100.0,0.01,0.0,1e-05,0,100000.0,Euro vs Swiss Franc,86.0,0.0,10000000.0,ELIGIBLE,
EURGBP.c,FX Minors_c\EURGBP.c,5,1e-05,4,0,100000.0,EUR,GBP,0,-11.27,2.38,1,3,0.01,100.0,0.01,0.0,1e-05,0,100000.0,Euro vs Great Britain Pound ,86.0,0.0,10000000.0,ELIGIBLE,
EURJPY.c,FX Minors_c\EURJPY.c,3,0.001,4,0,100000.0,EUR,JPY,0,3.82,-16.28,1,3,0.01,100.0,0.01,0.0,0.001,0,100000.0,Euro vs Japanese Yen,86.0,0.0,10000000.0,ELIGIBLE,
EURNZD.c,FX Minors_c\EURNZD.c,5,1e-05,4,0,100000.0,EUR,NZD,0,-15.93,-0.1,1,3,0.01,100.0,0.01,0.0,1e-05,0,100000.0,Euro vs New Zealand Dollar,86.0,0.0,10000000.0,ELIGIBLE,
GBPAUD.c,FX Minors_c\GBPAUD.c,5,1e-05,4,0,100000.0,GBP,AUD,0,-1.92,-9.91,1,3,0.01,100.0,0.01,0.0,1e-05,0,100000.0,Great Britain Pound vs Australian Dollar,86.0,0.0,10000000.0,ELIGIBLE,
GBPCAD.c,FX Minors_c\GBPCAD.c,5,1e-05,4,0,100000.0,GBP,CAD,0,3.54,-18.84,1,3,0.01,100.0,0.01,0.0,1e-05,0,100000.0,Great Britain Pound vs Canadian Dollar,86.0,0.0,10000000.0,ELIGIBLE,
GBPCHF.c,FX Minors_c\GBPCHF.c,5,1e-05,4,0,100000.0,GBP,CHF,0,6.04,-80.68,1,3,0.01,100.0,0.01,0.0,1e-05,0,100000.0,Great Britain Pound vs Swiss Franc,86.0,0.0,10000000.0,ELIGIBLE,
GBPNZD.c,FX Minors_c\GBPNZD.c,5,1e-05,4,0,100000.0,GBP,NZD,0,0.33,-16.71,1,3,0.01,100.0,0.01,0.0,1e-05,0,0.0,Great Britan Pound vs New Zealand Dollar,86.0,0.0,10000000.0,ELIGIBLE,
NZDCAD.c,FX Minors_c\NZDCAD.c,5,1e-05,4,0,100000.0,NZD,CAD,0,-0.81,-4.57,1,3,0.01,100.0,0.01,0.0,1e-05,0,0.0,New Zealand Dollar vs Canadian Dollar,86.0,0.0,10000000.0,ELIGIBLE,
NZDCHF.c,FX Minors_c\NZDCHF.c,5,1e-05,4,0,100000.0,NZD,CHF,0,2.06,-29.34,1,3,0.01,100.0,0.01,0.0,1e-05,0,0.0,New Zealand Dollar vs Swiss Franc,86.0,0.0,10000000.0,ELIGIBLE,
NZDJPY.c,FX Minors_c\NZDJPY.c,3,0.001,4,0,100000.0,NZD,JPY,0,3.2,-12.84,1,3,0.01,100.0,0.01,0.0,0.001,0,100000.0,New Zealand Dollar vs Japanese Yen,86.0,0.0,10000000.0,ELIGIBLE,
AUDUSD.c,FX Majors_c\AUDUSD.c,5,1e-05,4,0,100000.0,AUD,USD,57,-3.37,-1.89,1,3,0.01,100.0,0.01,0.0,1e-05,0,100000.0,Australian Dollar vs US Dollar,86.0,0.6627906976744186,10000000.0,ELIGIBLE,
GBPUSD.c,FX Majors_c\GBPUSD.c,5,1e-05,4,0,100000.0,GBP,USD,86,-2.95,-3.46,1,3,0.01,100.0,0.01,0.0,1e-05,0,100000.0,Great Britain Pound vs US Dollar,86.0,1.0,10000000.0,ELIGIBLE,
NZDUSD.c,FX Majors_c\NZDUSD.c,5,1e-05,4,0,100000.0,NZD,USD,0,-4.08,-0.38,1,3,0.01,100.0,0.01,0.0,1e-05,0,100000.0,New Zealand Dollar vs US Dollar,86.0,0.0,10000000.0,ELIGIBLE,
USDCAD.c,FX Majors_c\USDCAD.c,5,1e-05,4,0,100000.0,USD,CAD,36,3.55,-11.39,1,4,0.01,100.0,0.01,0.0,1e-05,0,100000.0,US Dollar vs Canadian Dollar,86.0,0.4186046511627907,10000000.0,ELIGIBLE,
USDCHF.c,FX Majors_c\USDCHF.c,5,1e-05,4,0,100000.0,USD,CHF,0,5.3,-60.76,1,3,0.01,100.0,0.01,0.0,1e-05,0,100000.0,US Dollar vs Swiss Franc,86.0,0.0,10000000.0,ELIGIBLE,
USDJPY.c,FX Majors_c\USDJPY.c,3,0.001,4,0,100000.0,USD,JPY,61,9.99,-27.49,1,3,0.01,100.0,0.01,0.0,0.001,0,100000.0,US Dollar vs Japanese Yen,86.0,0.7093023255813954,10000000.0,ELIGIBLE,
XAGUSD.c,Silver_c\XAGUSD.c,3,0.001,4,0,5000.0,XAG,USD,132,-13.55,-0.64,1,3,0.01,100.0,0.01,0.0,0.001,0,0.0,Silver vs USD,86.0,1.5348837209302326,500000.0,ELIGIBLE,
XAUUSD.c,Metals_c\XAUUSD.c,3,0.001,4,0,100.0,XAU,USD,290,-589.49,260.82,1,3,0.01,100.0,0.01,0.0,0.001,0,0.0,Gold vs US Dollar,86.0,3.372093023255814,10000.0,REJECT_SPREAD,spread 3.4x EURUSD
XBRUSD,Energies\XBRUSD,3,0.001,4,0,1000.0,XBR,USD,30,6.89,-23.07,1,5,0.01,100.0,0.01,0.0,0.001,0,0.0,Brent Crude vs US Dollar,86.0,0.3488372093023256,100000.0,ELIGIBLE,
XTIUSD,Energies\XTIUSD,3,0.001,4,0,1000.0,XTI,USD,40,3.45,-7.38,1,5,0.01,100.0,0.01,0.0,0.001,0,0.0,Crude Oil v US Dollar,86.0,0.46511627906976744,100000.0,ELIGIBLE,
XNGUSD,Energies\XNGUSD,3,0.001,4,0,10000.0,XNG,USD,34,-6.71,-28.49,1,5,0.1,100.0,0.1,0.0,0.001,0,0.0,Natural Gas vs US Dollar,86.0,0.3953488372093023,1000000.0,ELIGIBLE,
GER40Cash,Indices 1\GER40Cash,2,0.01,4,2,1.0,EUR,EUR,440,-325.29,-1.96,1,5,0.1,100.0,0.1,0.01,0.01,40,0.0,German Index Eurex,86.0,5.116279069767442,100.0,REJECT_SPREAD,spread 5.1x EURUSD
US30Cash,Indices 2\US30Cash,2,0.01,4,2,1.0,USD,USD,295,-1005.58,-653.16,1,5,0.1,100.0,0.1,0.01,0.01,40,0.0,US 30 Index,86.0,3.4302325581395348,100.0,REJECT_SPREAD,spread 3.4x EURUSD
EU50Cash,Indices 3\EU50Cash,2,0.01,4,2,1.0,EUR,EUR,0,-77.55,-0.47,1,5,0.1,100.0,0.1,0.01,0.01,20,0.0,Eurostoxx Index,86.0,0.0,100.0,ELIGIBLE,
FRA40Cash,Indices 3\FRA40Cash,2,0.01,4,2,1.0,EUR,EUR,0,-111.33,-0.67,1,5,0.1,100.0,0.1,0.01,0.01,20,0.0,French Index,86.0,0.0,100.0,ELIGIBLE,
UK100Cash,Indices 3\UK100Cash,2,0.01,4,2,1.0,GBP,GBP,660,-199.53,-578.48,1,5,0.1,100.0,0.1,0.01,0.01,20,0.0,UK Index,86.0,7.674418604651163,100.0,REJECT_SPREAD,spread 7.7x EURUSD
ESP35Cash,Indices 3\ESP35Cash,2,0.01,4,2,1.0,EUR,EUR,0,-411.6,-786.12,1,5,0.1,100.0,0.1,0.01,0.01,0,0.0,Spain IBEX 35 Index,86.0,0.0,100.0,ELIGIBLE,
US100Cash,Indices 4\US100Cash,2,0.01,4,2,1.0,USD,USD,260,-535.26,101.63,1,5,0.1,100.0,0.1,0.01,0.01,20,0.0,US Tech Index,86.0,3.0232558139534884,100.0,REJECT_SPREAD,spread 3.0x EURUSD
US500Cash,Indices 4\US500Cash,2,0.01,4,2,1.0,USD,USD,40,-144.58,-3.14,1,5,0.1,100.0,0.1,0.1,0.01,20,0.0,US 500 Index,86.0,0.46511627906976744,100.0,ELIGIBLE,
CHINA50Cash,Indices 5\CHINA50Cash,2,0.01,4,2,1.0,USD,USD,0,-372.23,66.95,1,5,0.1,100.0,0.1,0.01,0.01,20,0.0,China A50 index,86.0,0.0,100.0,ELIGIBLE,
HK50Cash,Indices 5\HK50Cash,2,0.01,4,2,1.0,HKD,HKD,0,-447.87,33.6,1,5,0.1,100.0,0.1,0.01,0.01,20,0.0,HK50 index,86.0,0.0,100.0,ELIGIBLE,
JPN225Cash,Indices 5\JPN225Cash,2,0.01,4,2,1.0,JPY,JPY,1720,-419.63,-267.76,1,5,1.0,100.0,1.0,0.01,0.01,20,0.0,Japan Nikkei 225 Index,86.0,20.0,100.0,REJECT_SPREAD,spread 20.0x EURUSD
AUS200Cash,Indices 5\AUS200Cash,2,0.01,4,2,1.0,AUD,AUD,0,-89.9,-110.54,1,5,0.1,100.0,0.1,0.01,0.01,0,0.0,Australia 200 Index,86.0,0.0,100.0,ELIGIBLE,
Gold_G6,GCX\Gold_G6,2,0.01,4,2,100.0,USD,USD,0,0.0,0.0,1,3,0.01,100.0,0.01,0.01,0.01,0,0.0,Gold Futures Feb 25 | Expiration Date: 28/01/2026,86.0,0.0,10000.0,ELIGIBLE,
Silver_H6,SIX\Silver_H6,3,0.001,4,2,5000.0,USD,USD,0,0.0,0.0,1,7,0.01,10.0,0.01,0.0,0.001,0,0.0,Silver Futures March 26 | Expiration Date: 25/02/2026,86.0,0.0,50000.0,ELIGIBLE,
DXY,DXY\DXY,3,0.001,0,2,1000.0,USD,USD,0,0.0,0.0,1,3,0.1,100.0,0.1,0.0,0.001,0,0.0,Dollar Index Cash,86.0,0.0,100000.0,REJECT_NOT_TRADABLE,trade_mode=0
WTI_F6,CLX\WTI_F6,3,0.001,4,2,1000.0,USD,USD,0,0.0,0.0,1,3,0.01,100.0,0.01,0.0,0.001,0,0.0,US Crude Futures Jan 26 | Expiration Date: 17/12/2025,86.0,0.0,100000.0,ELIGIBLE,
BRENT_G6,LCOX\BRENT_G6,3,0.001,4,2,1000.0,USD,USD,0,0.0,0.0,1,7,0.01,100.0,0.01,0.0,0.001,0,0.0,UK Crude Futures Feb 2026 | Expiration Date: 26/12/2025,86.0,0.0,100000.0,ELIGIBLE,
AAPL.US,CFDs\Shares\Shares USA\AAPL.US,2,0.01,4,2,1.0,USD,USD,0,-8.0,-8.0,5,5,1.0,10000.0,1.0,0.0,0.01,0,0.0,Apple Inc (CFD); USD,86.0,0.0,10000.0,ELIGIBLE,
ABNB.US,CFDs\Shares\Shares USA\ABNB.US,2,0.01,4,2,1.0,USD,USD,0,-8.0,-8.0,5,5,1.0,10000.0,1.0,0.0,0.01,0,0.0,Airbnb Inc. (CFD); USD,86.0,0.0,10000.0,ELIGIBLE,
AMD.US,CFDs\Shares\Shares USA\AMD.US,2,0.01,4,2,1.0,USD,USD,0,-8.0,-8.0,5,5,1.0,10000.0,1.0,0.0,0.01,0,0.0,Advanced Micro Devices Inc (CFD); USD,86.0,0.0,10000.0,ELIGIBLE,
AMZN.US,CFDs\Shares\Shares USA\AMZN.US,2,0.01,4,2,1.0,USD,USD,0,-8.0,-8.0,5,5,1.0,10000.0,1.0,0.0,0.01,0,0.0,Amazon.com Inc (CFD); USD,86.0,0.0,10000.0,ELIGIBLE,
AVGO.US,CFDs\Shares\Shares USA\AVGO.US,2,0.01,4,2,1.0,USD,USD,0,-8.0,-8.0,5,5,1.0,10000.0,1.0,0.0,0.01,0,0.0,Broadcom Inc (CFD); USD,86.0,0.0,10000.0,ELIGIBLE,
BAC.US,CFDs\Shares\Shares USA\BAC.US,2,0.01,4,2,1.0,USD,USD,0,-8.0,-8.0,5,5,1.0,10000.0,1.0,0.0,0.01,0,0.0,Bank of America Corp (CFD); USD,86.0,0.0,10000.0,ELIGIBLE,
GOOG.US,CFDs\Shares\Shares USA\GOOG.US,2,0.01,4,2,1.0,USD,USD,0,-8.0,-8.0,5,5,1.0,10000.0,1.0,0.0,0.01,0,0.0,Alphabet Inc C (CFD); USD,86.0,0.0,10000.0,ELIGIBLE,
GOOGL.US,CFDs\Shares\Shares USA\GOOGL.US,2,0.01,4,2,1.0,USD,USD,0,-8.0,-8.0,5,5,1.0,10000.0,1.0,0.0,0.01,0,0.0,Alphabet Inc A (CFD); USD,86.0,0.0,10000.0,ELIGIBLE,
MCD.US,CFDs\Shares\Shares USA\MCD.US,2,0.01,4,2,1.0,USD,USD,0,-8.0,-8.0,5,5,1.0,10000.0,1.0,0.0,0.01,0,0.0,Mcdonald's Corp (CFD); USD,86.0,0.0,10000.0,ELIGIBLE,
MU.US,CFDs\Shares\Shares USA\MU.US,2,0.01,4,2,1.0,USD,USD,0,-8.0,-8.0,5,5,1.0,10000.0,1.0,0.0,0.01,0,0.0,Micron Technology Inc (CFD); USD,86.0,0.0,10000.0,ELIGIBLE,
NDAQ.US,CFDs\Shares\Shares USA\NDAQ.US,2,0.01,4,2,1.0,USD,USD,0,-8.0,-8.0,5,5,1.0,10000.0,1.0,0.0,0.01,0,0.0,Nasdaq Inc (CFD); USD,86.0,0.0,10000.0,ELIGIBLE,
NVDA.US,CFDs\Shares\Shares USA\NVDA.US,2,0.01,4,2,1.0,USD,USD,0,-8.0,-8.0,5,5,1.0,10000.0,1.0,0.0,0.01,0,0.0,NVIDIA Corp (CFD); USD,86.0,0.0,10000.0,ELIGIBLE,
PYPL.US,CFDs\Shares\Shares USA\PYPL.US,2,0.01,4,2,1.0,USD,USD,0,-8.0,-8.0,5,5,1.0,10000.0,1.0,0.0,0.01,0,0.0,PayPal Holdings Inc (CFD); USD,86.0,0.0,10000.0,ELIGIBLE,
TSLA.US,CFDs\Shares\Shares USA\TSLA.US,2,0.01,4,2,1.0,USD,USD,0,-8.0,-8.0,5,5,1.0,10000.0,1.0,0.0,0.01,0,0.0,Tesla Inc (CFD); USD,86.0,0.0,10000.0,ELIGIBLE,
QQQ.US,CFDs\ETFs\ETFs USA\QQQ.US,2,0.01,3,2,1.0,USD,USD,0,-7.0,-7.0,5,5,1.0,10000.0,1.0,0.0,0.01,0,0.0,Invesco QQQ Trust Series 1 ETF (CFD); USD,86.0,0.0,10000.0,REJECT_NOT_TRADABLE,trade_mode=3
TQQQ.US,CFDs\ETFs\ETFs USA\TQQQ.US,2,0.01,3,2,1.0,USD,USD,0,-7.0,-7.0,5,5,1.0,10000.0,1.0,0.0,0.01,0,0.0,Proshares Ultrapro QQQ ETF (CFD); USD,86.0,0.0,10000.0,REJECT_NOT_TRADABLE,trade_mode=3
BRKb.US,CFDs\Shares\Shares USA\BRKb.US,2,0.01,4,2,1.0,USD,USD,0,-8.0,-8.0,5,5,1.0,10000.0,0.1,0.0,0.01,0,0.0,Berkshire Hathaway Inc Class B (CFD); USD,86.0,0.0,10000.0,ELIGIBLE,
ABBV.US,CFDs\Shares\Shares USA\ABBV.US,2,0.01,4,2,1.0,USD,USD,0,-8.0,-8.0,5,5,1.0,10000.0,1.0,0.0,0.01,0,0.0,Abbvie Inc (CFD); USD,86.0,0.0,10000.0,ELIGIBLE,
ABT.US,CFDs\Shares\Shares USA\ABT.US,2,0.01,4,2,1.0,USD,USD,0,-8.0,-8.0,5,5,1.0,10000.0,1.0,0.0,0.01,0,0.0,Abbott Laboratories (CFD); USD,86.0,0.0,10000.0,ELIGIBLE,
ACN.US,CFDs\Shares\Shares USA\ACN.US,2,0.01,4,2,1.0,USD,USD,0,-8.0,-8.0,5,5,1.0,10000.0,1.0,0.0,0.01,0,0.0,Accenture Plc (CFD); USD,86.0,0.0,10000.0,ELIGIBLE,
ADBE.US,CFDs\Shares\Shares USA\ADBE.US,2,0.01,4,2,1.0,USD,USD,0,-8.0,-8.0,5,5,1.0,10000.0,1.0,0.0,0.01,0,0.0,Adobe Inc (CFD); USD,86.0,0.0,10000.0,ELIGIBLE,
ADM.US,CFDs\Shares\Shares USA\ADM.US,2,0.01,4,2,1.0,USD,USD,0,-8.0,-8.0,5,5,1.0,10000.0,1.0,0.0,0.01,0,0.0,Archer Daniels Midland Co (CFD); USD,86.0,0.0,10000.0,ELIGIBLE,
AMAT.US,CFDs\Shares\Shares USA\AMAT.US,2,0.01,4,2,1.0,USD,USD,0,-8.0,-8.0,5,5,1.0,10000.0,1.0,0.0,0.01,0,0.0,Applied Materials Inc (CFD); USD,86.0,0.0,10000.0,ELIGIBLE,
AMT.US,CFDs\Shares\Shares USA\AMT.US,2,0.01,4,2,1.0,USD,USD,0,-8.0,-8.0,5,5,1.0,10000.0,1.0,0.0,0.01,0,0.0,American Tower Corp (CFD); USD,86.0,0.0,10000.0,ELIGIBLE,
APD.US,CFDs\Shares\Shares USA\APD.US,2,0.01,4,2,1.0,USD,USD,0,-8.0,-8.0,5,5,1.0,10000.0,1.0,0.0,0.01,0,0.0,Air Products and Chemicals Inc (CFD); USD,86.0,0.0,10000.0,ELIGIBLE,
ARKK.US,CFDs\ETFs\ETFs USA\ARKK.US,2,0.01,3,2,1.0,USD,USD,0,-7.0,-7.0,5,5,1.0,10000.0,1.0,0.0,0.01,0,0.0,ARK Innovation ETF (CFD); USD,86.0,0.0,10000.0,REJECT_NOT_TRADABLE,trade_mode=3
ATOS.FRA,CFDs\Shares\Shares EU\Shares France\ATOS.FRA,4,0.0001,3,2,1.0,EUR,EUR,0,-8.0,-8.0,5,5,1.0,100000000.0,1.0,0.0,0.0001,0,0.0,Atos SE (CFD); EUR,86.0,0.0,100000000.0,REJECT_NOT_TRADABLE,trade_mode=3
AXP.US,CFDs\Shares\Shares USA\AXP.US,2,0.01,4,2,1.0,USD,USD,0,-8.0,-8.0,5,5,1.0,10000.0,1.0,0.0,0.01,0,0.0,American Express Co (CFD); USD,86.0,0.0,10000.0,ELIGIBLE,
BA.US,CFDs\Shares\Shares USA\BA.US,2,0.01,4,2,1.0,USD,USD,0,-8.0,-8.0,5,5,1.0,10000.0,1.0,0.0,0.01,0,0.0,Boeing Co (CFD); USD,86.0,0.0,10000.0,ELIGIBLE,
BABA.US,CFDs\Shares\Shares USA\BABA.US,2,0.01,4,2,1.0,USD,USD,0,-8.0,-8.0,5,5,1.0,10000.0,1.0,0.0,0.01,0,0.0,Alibaba Group Holding Ltd (CFD); USD,86.0,0.0,10000.0,ELIGIBLE,
BBAI.US,CFDs\Shares\Shares USA\BBAI.US,2,0.01,3,2,1.0,USD,USD,0,-8.0,-8.0,5,5,1.0,10000.0,1.0,0.0,0.01,0,0.0,BigBear.AI HOLDINGS INC (CFD); USD,86.0,0.0,10000.0,REJECT_NOT_TRADABLE,trade_mode=3
BIDU.US,CFDs\Shares\Shares USA\BIDU.US,2,0.01,4,2,1.0,USD,USD,0,-8.0,-8.0,5,5,1.0,10000.0,1.0,0.0,0.01,0,0.0,Baidu Inc (CFD); USD,86.0,0.0,10000.0,ELIGIBLE,
BIIB.US,CFDs\Shares\Shares USA\BIIB.US,2,0.01,4,2,1.0,USD,USD,0,-8.0,-8.0,5,5,1.0,10000.0,0.1,0.0,0.01,0,0.0,Biogen Inc (CFD); USD,86.0,0.0,10000.0,ELIGIBLE,
BK.US,CFDs\Shares\Shares USA\BK.US,2,0.01,4,2,1.0,USD,USD,0,-8.0,-8.0,5,5,1.0,10000.0,1.0,0.0,0.01,0,0.0,Bank of New York Mellon Corp (CFD); USD,86.0,0.0,10000.0,ELIGIBLE,
BMY.US,CFDs\Shares\Shares USA\BMY.US,2,0.01,4,2,1.0,USD,USD,0,-8.0,-8.0,5,5,1.0,10000.0,1.0,0.0,0.01,0,0.0,Bristol-Myers Squibb Co (CFD); USD,86.0,0.0,10000.0,ELIGIBLE,
BXP.US,CFDs\Shares\Shares USA\BXP.US,2,0.01,4,2,1.0,USD,USD,0,-8.0,-8.0,5,5,1.0,10000.0,1.0,0.0,0.01,0,0.0,Boston Properties Inc (CFD); USD,86.0,0.0,10000.0,ELIGIBLE,
BYND.US,CFDs\Shares\Shares USA\BYND.US,2,0.01,0,2,1.0,USD,USD,0,-8.0,-8.0,5,5,1.0,10000.0,0.1,0.0,0.01,0,0.0,Beyond Meat Inc (CFD); USD,86.0,0.0,10000.0,REJECT_NOT_TRADABLE,trade_mode=0
C.US,CFDs\Shares\Shares USA\C.US,2,0.01,4,2,1.0,USD,USD,0,-8.0,-8.0,5,5,1.0,10000.0,1.0,0.0,0.01,0,0.0,Citigroup Inc (CFD); USD,86.0,0.0,10000.0,ELIGIBLE,
CINF.US,CFDs\Shares\Shares USA\CINF.US,2,0.01,4,2,1.0,USD,USD,0,-8.0,-8.0,5,5,1.0,10000.0,1.0,0.0,0.01,0,0.0,Cincinnati Financial Corp (CFD); USD,86.0,0.0,10000.0,ELIGIBLE,
CLX.US,CFDs\Shares\Shares USA\CLX.US,2,0.01,4,2,1.0,USD,USD,0,-8.0,-8.0,5,5,1.0,10000.0,1.0,0.0,0.01,0,0.0,Clorox Co (CFD); USD,86.0,0.0,10000.0,ELIGIBLE,
CMCSA.US,CFDs\Shares\Shares USA\CMCSA.US,2,0.01,4,2,1.0,USD,USD,0,-8.0,-8.0,5,5,1.0,10000.0,0.1,0.0,0.01,0,0.0,Comcast Corp A (CFD); USD,86.0,0.0,10000.0,ELIGIBLE,
COF.US,CFDs\Shares\Shares USA\COF.US,2,0.01,4,2,1.0,USD,USD,0,-8.0,-8.0,5,5,1.0,10000.0,1.0,0.0,0.01,0,0.0,Capital One Financial Corp (CFD); USD,86.0,0.0,10000.0,ELIGIBLE,
COIN.US,CFDs\Shares\Shares USA\COIN.US,2,0.01,4,2,1.0,USD,USD,0,-8.0,-8.0,5,5,1.0,100000.0,0.1,0.0,0.01,0,0.0,Coinbase Global Inc. (CFD); USD,86.0,0.0,100000.0,ELIGIBLE,
COST.US,CFDs\Shares\Shares USA\COST.US,2,0.01,4,2,1.0,USD,USD,0,-8.0,-8.0,5,5,1.0,10000.0,1.0,0.0,0.01,0,0.0,Costco Wholesale Corp (CFD); USD,86.0,0.0,10000.0,ELIGIBLE,
CRM.US,CFDs\Shares\Shares USA\CRM.US,2,0.01,4,2,1.0,USD,USD,0,-8.0,-8.0,5,5,1.0,10000.0,1.0,0.0,0.01,0,0.0,Salesforce.Com Inc (CFD); USD,86.0,0.0,10000.0,ELIGIBLE,
CRWD.US,CFDs\Shares\Shares USA\CRWD.US,2,0.01,4,2,1.0,USD,USD,0,-8.0,-8.0,5,5,1.0,10000.0,1.0,0.0,0.01,0,0.0,CrowdStrike Holdings Inc (CFD); USD,86.0,0.0,10000.0,ELIGIBLE,
CSCO.US,CFDs\Shares\Shares USA\CSCO.US,2,0.01,4,2,1.0,USD,USD,0,-8.0,-8.0,5,5,1.0,10000.0,1.0,0.0,0.01,0,0.0,Cisco Systems Inc (CFD); USD,86.0,0.0,10000.0,ELIGIBLE,
CVS.US,CFDs\Shares\Shares USA\CVS.US,2,0.01,4,2,1.0,USD,USD,0,-8.0,-8.0,5,5,1.0,10000.0,1.0,0.0,0.01,0,0.0,CVS Health Corp (CFD); USD,86.0,0.0,10000.0,ELIGIBLE,
CVX.US,CFDs\Shares\Shares USA\CVX.US,2,0.01,4,2,1.0,USD,USD,0,-8.0,-8.0,5,5,1.0,10000.0,1.0,0.0,0.01,0,0.0,Chevron Corp (CFD); USD,86.0,0.0,10000.0,ELIGIBLE,
CZR.US,CFDs\Shares\Shares USA\CZR.US,2,0.01,4,2,1.0,USD,USD,0,-8.0,-8.0,5,5,1.0,10000.0,1.0,0.0,0.01,0,0.0,Caesars Entertainment Corp (CFD); USD,86.0,0.0,10000.0,ELIGIBLE,
DELL.US,CFDs\Shares\Shares USA\DELL.US,2,0.01,4,2,1.0,USD,USD,0,-8.0,-8.0,5,5,1.0,10000.0,0.1,0.0,0.01,0,0.0,Dell Technologies Inc (CFD); USD,86.0,0.0,10000.0,ELIGIBLE,
DIS.US,CFDs\Shares\Shares USA\DIS.US,2,0.01,4,2,1.0,USD,USD,0,-8.0,-8.0,5,5,1.0,10000.0,1.0,0.0,0.01,0,0.0,Walt Disney Co (CFD); USD,86.0,0.0,10000.0,ELIGIBLE,
DOCU.US,CFDs\Shares\Shares USA\DOCU.US,2,0.01,4,2,1.0,USD,USD,0,-8.0,-8.0,5,5,1.0,10000.0,1.0,0.0,0.01,0,0.0,DocuSign (CFD); USD,86.0,0.0,10000.0,ELIGIBLE,
DOW.US,CFDs\Shares\Shares USA\DOW.US,2,0.01,4,2,1.0,USD,USD,0,-8.0,-8.0,5,5,1.0,10000.0,0.1,0.0,0.01,0,0.0,Dow Inc (CFD); USD,86.0,0.0,10000.0,ELIGIBLE,
EBAY.US,CFDs\Shares\Shares USA\EBAY.US,2,0.01,4,2,1.0,USD,USD,0,-8.0,-8.0,5,5,1.0,10000.0,0.1,0.0,0.01,0,0.0,eBay Inc (CFD); USD,86.0,0.0,10000.0,ELIGIBLE,
EC.US,CFDs\Shares\Shares USA\EC.US,2,0.01,4,2,1.0,USD,USD,0,-8.0,-8.0,5,5,1.0,10000.0,1.0,0.0,0.01,0,0.0,Ecopetrol SA (CFD); USD,86.0,0.0,10000.0,ELIGIBLE,
EL.US,CFDs\Shares\Shares USA\EL.US,2,0.01,4,2,1.0,USD,USD,0,-8.0,-8.0,5,5,1.0,10000.0,1.0,0.0,0.01,0,0.0,Estee Lauder Companies Inc (CFD); USD,86.0,0.0,10000.0,ELIGIBLE,
EOG.US,CFDs\Shares\Shares USA\EOG.US,2,0.01,4,2,1.0,USD,USD,0,-8.0,-8.0,5,5,1.0,10000.0,1.0,0.0,0.01,0,0.0,EOG Resources Inc (CFD); USD,86.0,0.0,10000.0,ELIGIBLE,
ETR.US,CFDs\Shares\Shares USA\ETR.US,2,0.01,4,2,1.0,USD,USD,0,-8.0,-8.0,5,5,1.0,10000.0,1.0,0.0,0.01,0,0.0,Entergy Corp (CFD); USD,86.0,0.0,10000.0,ELIGIBLE,
ETSY.US,CFDs\Shares\Shares USA\ETSY.US,2,0.01,4,2,1.0,USD,USD,0,-8.0,-8.0,5,5,1.0,10000.0,1.0,0.0,0.01,0,0.0,Etsy Inc (CFD); USD,86.0,0.0,10000.0,ELIGIBLE,
FAST.US,CFDs\Shares\Shares USA\FAST.US,2,0.01,4,2,1.0,USD,USD,0,-8.0,-8.0,5,5,1.0,10000.0,1.0,0.0,0.01,0,0.0,Fastenal Co (CFD); USD,86.0,0.0,10000.0,ELIGIBLE,
FIS.US,CFDs\Shares\Shares USA\FIS.US,2,0.01,4,2,1.0,USD,USD,0,-8.0,-8.0,5,5,1.0,10000.0,1.0,0.0,0.01,0,0.0,Fidelity National Information Services Inc (CFD); USD,86.0,0.0,10000.0,ELIGIBLE,
FMX.US,CFDs\Shares\Shares USA\FMX.US,2,0.01,4,2,1.0,USD,USD,0,-8.0,-8.0,5,5,1.0,10000.0,1.0,0.0,0.01,0,0.0,Fomento Economico Mexicano SAB de CV (CFD); USD,86.0,0.0,10000.0,ELIGIBLE,
FSLR.US,CFDs\Shares\Shares USA\FSLR.US,2,0.01,4,2,1.0,USD,USD,0,-8.0,-8.0,5,5,1.0,10000.0,0.1,0.0,0.01,0,0.0,First Solar Inc (CFD); USD,86.0,0.0,10000.0,ELIGIBLE,
GDXJ.US,CFDs\ETFs\ETFs USA\GDXJ.US,2,0.01,0,2,1.0,USD,USD,0,-7.0,-7.0,5,5,1.0,10000.0,1.0,0.0,0.01,0,0.0,VanEck Vectors Junior Gold Miners ETF (CFD); USD,86.0,0.0,10000.0,REJECT_NOT_TRADABLE,trade_mode=0
GE.US,CFDs\Shares\Shares USA\GE.US,2,0.01,4,2,1.0,USD,USD,0,-8.0,-8.0,5,5,1.0,10000.0,1.0,0.0,0.01,0,0.0,General Electric Co (CFD); USD,86.0,0.0,10000.0,ELIGIBLE,
GILD.US,CFDs\Shares\Shares USA\GILD.US,2,0.01,4,2,1.0,USD,USD,0,-8.0,-8.0,5,5,1.0,10000.0,1.0,0.0,0.01,0,0.0,Gilead Sciences Inc (CFD); USD,86.0,0.0,10000.0,ELIGIBLE,
GLW.US,CFDs\Shares\Shares USA\GLW.US,2,0.01,4,2,1.0,USD,USD,0,-8.0,-8.0,5,5,1.0,10000.0,1.0,0.0,0.01,0,0.0,Corning Inc (CFD); USD,86.0,0.0,10000.0,ELIGIBLE,
GM.US,CFDs\Shares\Shares USA\GM.US,2,0.01,4,2,1.0,USD,USD,0,-8.0,-8.0,5,5,1.0,10000.0,1.0,0.0,0.01,0,0.0,General Motors Co (CFD); USD,86.0,0.0,10000.0,ELIGIBLE,
GOLD.US,CFDs\Shares\Shares USA\GOLD.US,2,0.01,4,2,1.0,USD,USD,0,-8.0,-8.0,5,5,1.0,10000.0,0.1,0.0,0.01,0,0.0,Barrick Gold Corp (CFD); USD,86.0,0.0,10000.0,ELIGIBLE,
GS.US,CFDs\Shares\Shares USA\GS.US,2,0.01,4,2,1.0,USD,USD,0,-8.0,-8.0,5,5,1.0,10000.0,1.0,0.0,0.01,0,0.0,Goldman Sachs Group Inc (CFD); USD,86.0,0.0,10000.0,ELIGIBLE,
HON.US,CFDs\Shares\Shares USA\HON.US,2,0.01,4,2,1.0,USD,USD,0,-8.0,-8.0,5,5,1.0,10000.0,1.0,0.0,0.01,0,0.0,Honeywell International Inc (CFD); USD,86.0,0.0,10000.0,ELIGIBLE,
HPQ.US,CFDs\Shares\Shares USA\HPQ.US,2,0.01,4,2,1.0,USD,USD,0,-8.0,-8.0,5,5,1.0,10000.0,0.1,0.0,0.01,0,0.0,HP Inc (CFD); USD,86.0,0.0,10000.0,ELIGIBLE,
ILMN.US,CFDs\Shares\Shares USA\ILMN.US,2,0.01,4,2,1.0,USD,USD,0,-8.0,-8.0,5,5,1.0,10000.0,1.0,0.0,0.01,0,0.0,Illumina Inc (CFD); USD,86.0,0.0,10000.0,ELIGIBLE,
JD.US,CFDs\Shares\Shares USA\JD.US,2,0.01,4,2,1.0,USD,USD,0,-8.0,-8.0,5,5,1.0,10000.0,1.0,0.0,0.01,0,0.0,JD.com Inc (CFD); USD,86.0,0.0,10000.0,ELIGIBLE,
JPM.US,CFDs\Shares\Shares USA\JPM.US,2,0.01,4,2,1.0,USD,USD,0,-8.0,-8.0,5,5,1.0,10000.0,1.0,0.0,0.01,0,0.0,JPMorgan Chase & Co (CFD); USD,86.0,0.0,10000.0,ELIGIBLE,
K.US,CFDs\Shares\Shares USA\K.US,2,0.01,4,2,1.0,USD,USD,0,-8.0,-8.0,5,5,1.0,10000.0,1.0,0.0,0.01,0,0.0,Kellogg Co (CFD); USD,86.0,0.0,10000.0,ELIGIBLE,
KMB.US,CFDs\Shares\Shares USA\KMB.US,2,0.01,4,2,1.0,USD,USD,0,-8.0,-8.0,5,5,1.0,10000.0,1.0,0.0,0.01,0,0.0,Kimberly-Clark Corp (CFD); USD,86.0,0.0,10000.0,ELIGIBLE,
KO.US,CFDs\Shares\Shares USA\KO.US,2,0.01,4,2,1.0,USD,USD,0,-8.0,-8.0,5,5,1.0,10000.0,1.0,0.0,0.01,0,0.0,Coca-Cola Co (CFD); USD,86.0,0.0,10000.0,ELIGIBLE,
LCID.US,CFDs\Shares\Shares USA\LCID.US,2,0.01,4,2,1.0,USD,USD,0,-8.0,-8.0,5,5,1.0,10000.0,0.1,0.0,0.01,0,0.0,LCID; Lucid Group Inc.(CFD); Nasdaq; USD,86.0,0.0,10000.0,ELIGIBLE,
LLY.US,CFDs\Shares\Shares USA\LLY.US,2,0.01,4,2,1.0,USD,USD,0,-8.0,-8.0,5,5,1.0,10000.0,1.0,0.0,0.01,0,0.0,Eli Lilly and Co (CFD); USD,86.0,0.0,10000.0,ELIGIBLE,
LNT.US,CFDs\Shares\Shares USA\LNT.US,2,0.01,4,2,1.0,USD,USD,0,-8.0,-8.0,5,5,1.0,10000.0,0.1,0.0,0.01,0,0.0,Alliant Energy Corp (CFD); USD,86.0,0.0,10000.0,ELIGIBLE,
LOW.US,CFDs\Shares\Shares USA\LOW.US,2,0.01,4,2,1.0,USD,USD,0,-8.0,-8.0,5,5,1.0,10000.0,1.0,0.0,0.01,0,0.0,Lowe's Companies Inc (CFD); USD,86.0,0.0,10000.0,ELIGIBLE,
MDT.US,CFDs\Shares\Shares USA\MDT.US,2,0.01,4,2,1.0,USD,USD,0,-8.0,-8.0,5,5,1.0,10000.0,1.0,0.0,0.01,0,0.0,Medtronic Plc (CFD); USD,86.0,0.0,10000.0,ELIGIBLE,
META.US,CFDs\Shares\Shares USA\META.US,2,0.01,4,2,1.0,USD,USD,0,-8.0,-8.0,5,5,1.0,10000.0,1.0,0.0,0.01,40,0.0,Meta Platforms Inc (CFD); USD,86.0,0.0,10000.0,ELIGIBLE,
MO.US,CFDs\Shares\Shares USA\MO.US,2,0.01,4,2,1.0,USD,USD,0,-8.0,-8.0,5,5,1.0,10000.0,1.0,0.0,0.01,0,0.0,Altria Group Inc (CFD); USD,86.0,0.0,10000.0,ELIGIBLE,
MPLX.US,CFDs\Shares\Shares USA\MPLX.US,2,0.01,4,2,1.0,USD,USD,0,-8.0,-8.0,5,5,1.0,10000.0,1.0,0.0,0.01,0,0.0,MPLX LP (CFD); USD,86.0,0.0,10000.0,ELIGIBLE,
MPW.US,CFDs\Shares\Shares USA\MPW.US,2,0.01,3,2,1.0,USD,USD,0,-8.0,-8.0,5,5,1.0,1000000.0,0.1,0.0,0.01,0,0.0,Medical Properties Trust Inc. (CFD); USD,86.0,0.0,1000000.0,REJECT_NOT_TRADABLE,trade_mode=3
MRK.US,CFDs\Shares\Shares USA\MRK.US,2,0.01,4,2,1.0,USD,USD,0,-8.0,-8.0,5,5,1.0,10000.0,1.0,0.0,0.01,0,0.0,Merck & Co Inc (CFD); USD,86.0,0.0,10000.0,ELIGIBLE,
MRNA.US,CFDs\Shares\Shares USA\MRNA.US,2,0.01,4,2,1.0,USD,USD,0,-8.0,-8.0,5,5,1.0,10000.0,1.0,0.0,0.01,0,0.0,Moderna Inc (CFD); USD,86.0,0.0,10000.0,ELIGIBLE,
MS.US,CFDs\Shares\Shares USA\MS.US,2,0.01,4,2,1.0,USD,USD,0,-8.0,-8.0,5,5,1.0,100000.0,1.0,0.0,0.01,0,0.0,Morgan Stanley (CFD); USD,86.0,0.0,100000.0,ELIGIBLE,
MSFT.US,CFDs\Shares\Shares USA\MSFT.US,2,0.01,4,2,1.0,USD,USD,0,-8.0,-8.0,5,5,1.0,10000.0,1.0,0.0,0.01,0,0.0,Microsoft Corp (CFD); USD,86.0,0.0,10000.0,ELIGIBLE,
NCLH.US,CFDs\Shares\Shares USA\NCLH.US,2,0.01,4,2,1.0,USD,USD,0,-8.0,-8.0,5,5,1.0,10000.0,0.1,0.0,0.01,0,0.0,Norwegian Cruise Line Holdings Ltd (CFD); USD,86.0,0.0,10000.0,ELIGIBLE,
NFLX.US,CFDs\Shares\Shares USA\NFLX.US,2,0.01,4,2,1.0,USD,USD,0,-8.0,-8.0,5,5,1.0,10000.0,1.0,0.0,0.01,0,0.0,Netflix Inc (CFD); USD,86.0,0.0,10000.0,ELIGIBLE,
NIO.US,CFDs\Shares\Shares USA\NIO.US,2,0.01,4,2,1.0,USD,USD,0,-8.0,-8.0,5,5,1.0,10000.0,1.0,0.0,0.01,0,0.0,Nio Inc - ADR (CFD); USD,86.0,0.0,10000.0,ELIGIBLE,
NKE.US,CFDs\Shares\Shares USA\NKE.US,2,0.01,4,2,1.0,USD,USD,0,-8.0,-8.0,5,5,1.0,10000.0,1.0,0.0,0.01,0,0.0,Nike Inc Class B (CFD); USD,86.0,0.0,10000.0,ELIGIBLE,
NVO.US,CFDs\Shares\Shares USA\NVO.US,2,0.01,4,2,1.0,USD,USD,0,-8.0,-8.0,5,5,1.0,10000.0,1.0,0.0,0.01,0,0.0,Novo Nordisk A/S - ADR (CFD); USD,86.0,0.0,10000.0,ELIGIBLE,
OKE.US,CFDs\Shares\Shares USA\OKE.US,2,0.01,4,2,1.0,USD,USD,0,-8.0,-8.0,5,5,1.0,10000.0,0.1,0.0,0.01,0,0.0,ONEOK Inc (CFD); USD,86.0,0.0,10000.0,ELIGIBLE,
ORCL.US,CFDs\Shares\Shares USA\ORCL.US,2,0.01,4,2,1.0,USD,USD,0,-8.0,-8.0,5,5,1.0,10000.0,1.0,0.0,0.01,0,0.0,Oracle Corp (CFD); USD,86.0,0.0,10000.0,ELIGIBLE,
PBR.US,CFDs\Shares\Shares USA\PBR.US,2,0.01,4,2,1.0,USD,USD,0,-8.0,-8.0,5,5,1.0,10000.0,1.0,0.0,0.01,0,0.0,Petroleo Brasileiro SA Petrobras (CFD); USD,86.0,0.0,10000.0,ELIGIBLE,
PDD.US,CFDs\Shares\Shares USA\PDD.US,2,0.01,4,2,1.0,USD,USD,0,-8.0,-8.0,5,5,1.0,100000.0,1.0,0.0,0.01,0,0.0,Pinduoduo Inc (CFD); USD,86.0,0.0,100000.0,ELIGIBLE,
PEP.US,CFDs\Shares\Shares USA\PEP.US,2,0.01,4,2,1.0,USD,USD,0,-8.0,-8.0,5,5,1.0,10000.0,1.0,0.0,0.01,0,0.0,PepsiCo Inc (CFD); USD,86.0,0.0,10000.0,ELIGIBLE,
PFE.US,CFDs\Shares\Shares USA\PFE.US,2,0.01,4,2,1.0,USD,USD,0,-8.0,-8.0,5,5,1.0,10000.0,1.0,0.0,0.01,0,0.0,Pfizer Inc (CFD); USD,86.0,0.0,10000.0,ELIGIBLE,
PG.US,CFDs\Shares\Shares USA\PG.US,2,0.01,4,2,1.0,USD,USD,0,-8.0,-8.0,5,5,1.0,10000.0,1.0,0.0,0.01,0,0.0,Procter & Gamble Co (CFD); USD,86.0,0.0,10000.0,ELIGIBLE,
PLD.US,CFDs\Shares\Shares USA\PLD.US,2,0.01,4,2,1.0,USD,USD,0,-8.0,-8.0,5,5,1.0,10000.0,1.0,0.0,0.01,0,0.0,Prologis Inc (CFD); USD,86.0,0.0,10000.0,ELIGIBLE,
PLTR.US,CFDs\Shares\Shares USA\PLTR.US,2,0.01,4,2,1.0,USD,USD,0,-8.0,-8.0,5,5,1.0,10000.0,1.0,0.0,0.01,0,0.0,Palantir Technologies Inc. (CFD); NYSE; USD,86.0,0.0,10000.0,ELIGIBLE,
PM.US,CFDs\Shares\Shares USA\PM.US,2,0.01,4,2,1.0,USD,USD,0,-8.0,-8.0,5,5,1.0,10000.0,1.0,0.0,0.01,0,0.0,Philip Morris International Inc (CFD); USD,86.0,0.0,10000.0,ELIGIBLE,
PNC.US,CFDs\Shares\Shares USA\PNC.US,2,0.01,4,2,1.0,USD,USD,0,-8.0,-8.0,5,5,1.0,10000.0,1.0,0.0,0.01,0,0.0,PNC Financial Services Group Inc (CFD); USD,86.0,0.0,10000.0,ELIGIBLE,
QCOM.US,CFDs\Shares\Shares USA\QCOM.US,2,0.01,4,2,1.0,USD,USD,0,-8.0,-8.0,5,5,1.0,10000.0,1.0,0.0,0.01,0,0.0,Qualcomm Inc (CFD); USD,86.0,0.0,10000.0,ELIGIBLE,
RACE.US,CFDs\Shares\Shares USA\RACE.US,2,0.01,4,2,1.0,USD,USD,0,-8.0,-8.0,5,5,1.0,10000.0,0.1,0.0,0.01,0,0.0,Ferrari NV (USD) (CFD); USD,86.0,0.0,10000.0,ELIGIBLE,
ROKU.US,CFDs\Shares\Shares USA\ROKU.US,2,0.01,4,2,1.0,USD,USD,0,-8.0,-8.0,5,5,1.0,10000.0,1.0,0.0,0.01,0,0.0,Roku Inc (CFD); USD,86.0,0.0,10000.0,ELIGIBLE,
SAP.US,CFDs\Shares\Shares USA\SAP.US,2,0.01,4,2,1.0,USD,USD,0,-8.0,-8.0,5,5,1.0,10000.0,0.1,0.0,0.01,0,0.0,SAP SE - ADR (USD) (CFD); USD,86.0,0.0,10000.0,ELIGIBLE,
SBUX.US,CFDs\Shares\Shares USA\SBUX.US,2,0.01,4,2,1.0,USD,USD,0,-8.0,-8.0,5,5,1.0,10000.0,1.0,0.0,0.01,0,0.0,Starbucks Corp (CFD); USD,86.0,0.0,10000.0,ELIGIBLE,
SHOP.US,CFDs\Shares\Shares USA\SHOP.US,2,0.01,4,2,1.0,USD,USD,0,-8.0,-8.0,5,5,1.0,10000.0,1.0,0.0,0.01,0,0.0,Shopify Inc (CFD); USD,86.0,0.0,10000.0,ELIGIBLE,
SNOW.US,CFDs\Shares\Shares USA\SNOW.US,2,0.01,4,2,1.0,USD,USD,0,-8.0,-8.0,5,5,1.0,10000.0,1.0,0.0,0.01,0,0.0,Snowflake Inc. (CFD); NYSE; USD,86.0,0.0,10000.0,ELIGIBLE,
SNPS.US,CFDs\Shares\Shares USA\SNPS.US,2,0.01,4,2,1.0,USD,USD,0,-8.0,-8.0,5,5,1.0,10000.0,1.0,0.0,0.01,0,0.0,Synopsys Inc (CFD); USD,86.0,0.0,10000.0,ELIGIBLE,
SPWR.US,CFDs\Shares\Shares USA\SPWR.US,2,0.01,0,2,1.0,USD,USD,0,-8.0,-8.0,5,5,1.0,10000.0,0.1,0.0,0.01,0,0.0,SunPower Corp (CFD); USD,86.0,0.0,10000.0,REJECT_NOT_TRADABLE,trade_mode=0
TD.US,CFDs\Shares\Shares USA\TD.US,2,0.01,4,2,1.0,USD,USD,0,-8.0,-8.0,5,5,1.0,10000.0,1.0,0.0,0.01,0,0.0,Toronto-Dominion Bank (CFD); USD,86.0,0.0,10000.0,ELIGIBLE,
TEVA.US,CFDs\Shares\Shares USA\TEVA.US,2,0.01,4,2,1.0,USD,USD,0,-8.0,-8.0,5,5,1.0,10000.0,0.1,0.0,0.01,0,0.0,Teva Pharmaceutical Industries Ltd (CFD); USD,86.0,0.0,10000.0,ELIGIBLE,
TGT.US,CFDs\Shares\Shares USA\TGT.US,2,0.01,4,2,1.0,USD,USD,0,-8.0,-8.0,5,5,1.0,10000.0,1.0,0.0,0.01,0,0.0,Target Corp (CFD); USD,86.0,0.0,10000.0,ELIGIBLE,
TMUS.US,CFDs\Shares\Shares USA\TMUS.US,2,0.01,4,2,1.0,USD,USD,0,-8.0,-8.0,5,5,1.0,10000.0,1.0,0.0,0.01,0,0.0,T-Mobile US Inc (CFD); USD,86.0,0.0,10000.0,ELIGIBLE,
TSCO.US,CFDs\Shares\Shares USA\TSCO.US,2,0.01,4,2,1.0,USD,USD,0,-8.0,-8.0,5,5,1.0,10000.0,0.1,0.0,0.01,0,0.0,Tractor Supply Co (CFD); USD,86.0,0.0,10000.0,ELIGIBLE,
TSM.US,CFDs\Shares\Shares USA\TSM.US,2,0.01,4,2,1.0,USD,USD,0,-8.0,-8.0,5,5,1.0,10000.0,1.0,0.0,0.01,0,0.0,Taiwan Semiconductor Manufacturing Co Ltd - ADR (CFD); USD,86.0,0.0,10000.0,ELIGIBLE,
TSN.US,CFDs\Shares\Shares USA\TSN.US,2,0.01,4,2,1.0,USD,USD,0,-8.0,-8.0,5,5,1.0,10000.0,1.0,0.0,0.01,0,0.0,Tyson Foods Inc (CFD); USD,86.0,0.0,10000.0,ELIGIBLE,
TTWO.US,CFDs\Shares\Shares USA\TTWO.US,2,0.01,4,2,1.0,USD,USD,0,-8.0,-8.0,5,5,1.0,10000.0,1.0,0.0,0.01,0,0.0,Take-Two Interactive Software Inc (CFD); USD,86.0,0.0,10000.0,ELIGIBLE,
TWLO.US,CFDs\Shares\Shares USA\TWLO.US,2,0.01,4,2,1.0,USD,USD,0,-8.0,-8.0,5,5,1.0,10000.0,1.0,0.0,0.01,0,0.0,Twilio Inc (CFD); USD,86.0,0.0,10000.0,ELIGIBLE,
TXN.US,CFDs\Shares\Shares USA\TXN.US,2,0.01,4,2,1.0,USD,USD,0,-8.0,-8.0,5,5,1.0,10000.0,1.0,0.0,0.01,0,0.0,Texas Instruments Inc (CFD); USD,86.0,0.0,10000.0,ELIGIBLE,
UAL.US,CFDs\Shares\Shares USA\UAL.US,2,0.01,4,2,1.0,USD,USD,0,-8.0,-8.0,5,5,1.0,10000.0,1.0,0.0,0.01,0,0.0,United Airlines Holdings Inc (CFD); USD,86.0,0.0,10000.0,ELIGIBLE,
UBER.US,CFDs\Shares\Shares USA\UBER.US,2,0.01,4,2,1.0,USD,USD,0,-8.0,-8.0,5,5,1.0,10000.0,1.0,0.0,0.01,0,0.0,Uber Technologies Inc (CFD); USD,86.0,0.0,10000.0,ELIGIBLE,
UPS.US,CFDs\Shares\Shares USA\UPS.US,2,0.01,4,2,1.0,USD,USD,0,-8.0,-8.0,5,5,1.0,10000.0,1.0,0.0,0.01,0,0.0,United Parcel Service Inc (CFD); USD,86.0,0.0,10000.0,ELIGIBLE,
V.US,CFDs\Shares\Shares USA\V.US,2,0.01,4,2,1.0,USD,USD,0,-8.0,-8.0,5,5,1.0,10000.0,1.0,0.0,0.01,0,0.0,Visa Inc (CFD); USD,86.0,0.0,10000.0,ELIGIBLE,
VIPS.US,CFDs\Shares\Shares USA\VIPS.US,2,0.01,4,2,1.0,USD,USD,0,-8.0,-8.0,5,5,1.0,10000.0,1.0,0.0,0.01,0,0.0,Vipshop Holdings Ltd (CFD); USD,86.0,0.0,10000.0,ELIGIBLE,
W.US,CFDs\Shares\Shares USA\W.US,2,0.01,4,2,1.0,USD,USD,0,-8.0,-8.0,5,5,1.0,10000.0,1.0,0.0,0.01,0,0.0,Wayfair Inc (CFD); USD,86.0,0.0,10000.0,ELIGIBLE,
WBA.US,CFDs\Shares\Shares USA\WBA.US,2,0.01,4,2,1.0,USD,USD,0,-8.0,-8.0,5,5,1.0,10000.0,1.0,0.0,0.01,0,0.0,Walgreens Boots Alliance Inc (CFD); USD,86.0,0.0,10000.0,ELIGIBLE,
WDC.US,CFDs\Shares\Shares USA\WDC.US,2,0.01,4,2,1.0,USD,USD,0,-8.0,-8.0,5,5,1.0,10000.0,1.0,0.0,0.01,0,0.0,Western Digital Corp (CFD); USD,86.0,0.0,10000.0,ELIGIBLE,
WFC.US,CFDs\Shares\Shares USA\WFC.US,2,0.01,4,2,1.0,USD,USD,0,-8.0,-8.0,5,5,1.0,10000.0,1.0,0.0,0.01,0,0.0,Wells Fargo & Co (CFD); USD,86.0,0.0,10000.0,ELIGIBLE,
WM.US,CFDs\Shares\Shares USA\WM.US,2,0.01,4,2,1.0,USD,USD,0,-8.0,-8.0,5,5,1.0,10000.0,1.0,0.0,0.01,0,0.0,Waste Management Inc (CFD); USD,86.0,0.0,10000.0,ELIGIBLE,
WMT.US,CFDs\Shares\Shares USA\WMT.US,2,0.01,4,2,1.0,USD,USD,0,-8.0,-8.0,5,5,1.0,10000.0,0.1,0.0,0.01,0,0.0,Walmart Inc (CFD); USD,86.0,0.0,10000.0,ELIGIBLE,
X.US,CFDs\Shares\Shares USA\X.US,2,0.01,4,2,1.0,USD,USD,0,-8.0,-8.0,5,5,1.0,10000.0,0.1,0.0,0.01,0,0.0,United States Steel Corp (CFD); USD,86.0,0.0,10000.0,ELIGIBLE,
XOM.US,CFDs\Shares\Shares USA\XOM.US,2,0.01,4,2,1.0,USD,USD,0,-8.0,-8.0,5,5,1.0,10000.0,1.0,0.0,0.01,0,0.0,Exxon Mobil Corp (CFD); USD,86.0,0.0,10000.0,ELIGIBLE,
YUM.US,CFDs\Shares\Shares USA\YUM.US,2,0.01,4,2,1.0,USD,USD,0,-8.0,-8.0,5,5,1.0,10000.0,1.0,0.0,0.01,0,0.0,Yum! Brands Inc (CFD); USD,86.0,0.0,10000.0,ELIGIBLE,
ZM.US,CFDs\Shares\Shares USA\ZM.US,2,0.01,4,2,1.0,USD,USD,0,-8.0,-8.0,5,5,1.0,10000.0,1.0,0.0,0.01,0,0.0,Zoom Video Communications Inc (CFD); USD,86.0,0.0,10000.0,ELIGIBLE,
ZTO.US,CFDs\Shares\Shares USA\ZTO.US,2,0.01,4,2,1.0,USD,USD,0,-8.0,-8.0,5,5,1.0,10000.0,1.0,0.0,0.01,0,0.0,ZTO Express (Cayman) Inc (CFD); USD,86.0,0.0,10000.0,ELIGIBLE,
EXHO.FRA,CFDs\Shares\Shares USA\EXHO.FRA,2,0.01,3,2,1.0,EUR,EUR,0,-8.0,-8.0,5,5,1.0,10000.0,1.0,0.0,0.01,0,0.0,Sodexo SA (CFD); EUR,86.0,0.0,10000.0,REJECT_NOT_TRADABLE,trade_mode=3
ALLFG.NDL,CFDs\Shares\Shares EU\Shares Netherlands\ALLFG.NDL,2,0.01,0,2,1.0,EUR,EUR,0,-8.0,-8.0,5,5,1.0,20000.0,1.0,0.0,0.01,0,0.0,ALLFUNDS GROUP PLC (CFD); EUR,86.0,0.0,20000.0,REJECT_NOT_TRADABLE,trade_mode=0
GER40_Z5,Index Futures\GER40_Z5,2,0.01,4,2,25.0,EUR,EUR,0,0.0,0.0,1,3,0.1,100.0,0.1,0.0,0.01,0,0.0,Germany 40 Index 2025 | Expiration Date: 17/12/2025 ,86.0,0.0,2500.0,ELIGIBLE,
US100_Z5,Index Futures\US100_Z5,2,0.01,4,2,20.0,USD,USD,0,0.0,0.0,1,3,0.01,100.0,0.01,0.0,0.01,0,0.0,US Tech 100 2025 |  Expiration Date: 17/12/2025,86.0,0.0,2000.0,ELIGIBLE,
US30_Z5,Index Futures\US30_Z5,2,0.01,4,2,5.0,USD,USD,0,0.0,0.0,1,3,0.1,100.0,0.1,0.0,0.01,0,0.0,US Wall Street 30 2025 |  Expiration Date: 17/12/2025,86.0,0.0,500.0,ELIGIBLE,
US500_Z5,Index Futures\US500_Z5,2,0.01,4,2,50.0,USD,USD,0,0.0,0.0,1,3,0.1,100.0,0.1,0.0,0.01,0,0.0,US SPX 500 2025 |  Expiration Date: 17/12/2025 ,86.0,0.0,5000.0,ELIGIBLE,
BTCUSD,Crypto\BTCUSD,2,0.01,4,0,1.0,BTC,USD,0,-17.0,-7.0,5,7,0.01,100000.0,0.01,0.0,0.01,20,0.0,Bitcoin vs US Dollar,86.0,0.0,100000.0,ELIGIBLE,
BCHUSD,Crypto\BCHUSD,2,0.01,4,0,1.0,BCH,USD,0,-17.0,-7.0,5,7,0.01,100000.0,0.01,0.0,0.01,20,0.0,Bitcoin Cash US Dollar,86.0,0.0,100000.0,ELIGIBLE,
ETHUSD,Crypto\ETHUSD,2,0.01,4,0,1.0,ETH,USD,0,-17.0,-7.0,5,7,0.01,100000.0,0.01,0.0,0.01,20,0.0,Ethereum vs US Dollar,86.0,0.0,100000.0,ELIGIBLE,
LTCUSD,Crypto\LTCUSD,2,0.01,4,0,1.0,LTC,USD,0,-17.0,-7.0,5,7,0.01,100000.0,0.01,0.0,0.01,20,0.0,Litecoin vs US Dollar,86.0,0.0,100000.0,ELIGIBLE,
XRPUSD,Crypto\XRPUSD,5,1e-05,4,0,1.0,XRP,USD,0,-17.0,-7.0,5,7,0.01,100000.0,0.01,0.0,1e-05,20,0.0,Ripple vs US Dollar,86.0,0.0,100000.0,ELIGIBLE,
ADAUSD,Crypto\ADAUSD,5,1e-05,4,0,1.0,ADA,USD,0,-17.0,-7.0,5,7,0.01,100000.0,0.01,0.0,1e-05,20,0.0,Cardano vs US Dollar,86.0,0.0,100000.0,ELIGIBLE,
SOLUSD,Crypto\SOLUSD,2,0.01,4,0,1.0,SOL,USD,0,-17.0,-7.0,5,7,0.01,100000.0,0.01,0.0,0.01,20,0.0,Solana vs US Dollar,86.0,0.0,100000.0,ELIGIBLE,
DOTUSD,Crypto\DOTUSD,2,0.01,4,0,1.0,DOT,USD,0,-17.0,-7.0,5,7,0.01,100000.0,0.01,0.0,0.01,20,0.0,Polkadot vs US Dollar,86.0,0.0,100000.0,ELIGIBLE,
BTCEUR,Crypto\BTCEUR,2,0.01,4,0,1.0,BTC,EUR,0,-17.0,-7.0,5,7,0.01,100000.0,0.01,0.0,0.01,20,0.0,Bitcoin vs EUR,86.0,0.0,100000.0,ELIGIBLE,
ETHEUR,Crypto\ETHEUR,2,0.01,4,0,1.0,ETH,EUR,0,-17.0,-7.0,5,7,0.01,100000.0,0.01,0.0,0.01,20,0.0,Etherium vs EUR ,86.0,0.0,100000.0,ELIGIBLE,
BABA,Investment Products\Shares\USA-Canada\USA\NYSE\BABA,2,0.01,3,32,1.0,USD,USD,0,0.0,0.0,1,5,1.0,100000.0,1.0,0.0,0.01,0,0.0,Alibaba Group Holding Ltd; NYSE; USD,86.0,0.0,100000.0,REJECT_NOT_TRADABLE,trade_mode=3
EZJ,Investment Products\Shares\United Kingdom\LSE\EZJ,2,0.01,0,32,1.0,GBP,GBX,0,0.0,0.0,1,5,1.0,100000.0,1.0,0.0,0.01,0,0.0,Easy Jet Plc; LSE; GBX,86.0,0.0,100000.0,REJECT_NOT_TRADABLE,trade_mode=0
GENL,Investment Products\Shares\United Kingdom\LSE\GENL,2,0.01,0,32,1.0,GBP,GBX,0,0.0,0.0,1,5,1.0,100000.0,1.0,0.0,0.01,0,0.0,Genel Energy Plc; LSE; GBX,86.0,0.0,100000.0,REJECT_NOT_TRADABLE,trade_mode=0
VOD,Investment Products\Shares\United Kingdom\LSE\VOD,2,0.01,0,32,1.0,GBP,GBX,0,0.0,0.0,1,5,1.0,100000.0,1.0,0.0,0.01,0,0.0,Vodafone Group Plc; LSE; GBX,86.0,0.0,100000.0,REJECT_NOT_TRADABLE,trade_mode=0
BBD,Investment Products\Shares\USA-Canada\USA\NYSE\BBD,2,0.01,3,32,1.0,USD,USD,0,0.0,0.0,1,7,1.0,100000.0,1.0,0.0,0.01,0,0.0,Banco Bradesco SA - ADR; NYSE; USD,86.0,0.0,100000.0,REJECT_NOT_TRADABLE,trade_mode=3
BHP.NYSE,Investment Products\Shares\USA-Canada\USA\NYSE\BHP.NYSE,2,0.01,4,32,1.0,USD,USD,0,0.0,0.0,1,7,1.0,100000.0,1.0,0.0,0.01,0,0.0,BHP Group Ltd ; NYSE; USD,86.0,0.0,100000.0,ELIGIBLE,
BTBT,Investment Products\Shares\USA-Canada\USA\NYSE\BTBT,2,0.01,3,32,1.0,USD,USD,0,-8.0,-8.0,5,5,1.0,100000.0,1.0,0.0,0.01,0,0.0,Bit Digital; Inc.; NYSE; USD,86.0,0.0,100000.0,REJECT_NOT_TRADABLE,trade_mode=3
CGC,Investment Products\Shares\USA-Canada\USA\NYSE\CGC,2,0.01,0,32,1.0,USD,USD,0,0.0,0.0,1,5,1.0,100000.0,1.0,0.0,0.01,0,0.0,Canopy Growth Corp; NYSE; USD,86.0,0.0,100000.0,REJECT_NOT_TRADABLE,trade_mode=0
CVS,Investment Products\Shares\USA-Canada\USA\NYSE\CVS,2,0.01,3,32,1.0,USD,USD,0,0.0,0.0,1,5,1.0,100000.0,1.0,0.0,0.01,0,0.0,CVS Health Corp; NYSE; USD,86.0,0.0,100000.0,REJECT_NOT_TRADABLE,trade_mode=3
EFXT,Investment Products\Shares\USA-Canada\USA\NYSE\EFXT,2,0.01,0,32,1.0,USD,USD,0,0.0,0.0,1,7,1.0,100000.0,1.0,0.0,0.01,0,0.0,Enerflex Ltd; NYSE; USD,86.0,0.0,100000.0,REJECT_NOT_TRADABLE,trade_mode=0
GE,Investment Products\Shares\USA-Canada\USA\NYSE\GE,2,0.01,3,32,1.0,USD,USD,0,0.0,0.0,1,5,1.0,100000.0,1.0,0.0,0.01,0,0.0,General Electric Co; NYSE; USD,86.0,0.0,100000.0,REJECT_NOT_TRADABLE,trade_mode=3
GEV,Investment Products\Shares\USA-Canada\USA\NYSE\GEV,2,0.01,3,32,1.0,USD,USD,0,0.0,0.0,1,7,1.0,100000.0,1.0,0.0,0.01,0,0.0,GE VERNOVA LLC; NYSE; USD,86.0,0.0,100000.0,REJECT_NOT_TRADABLE,trade_mode=3
ITUB,Investment Products\Shares\USA-Canada\USA\NYSE\ITUB,2,0.01,3,32,1.0,USD,USD,0,0.0,0.0,1,7,1.0,100000.0,1.0,0.0,0.01,0,0.0,Itau Unibanco Holding SA; NYSE; USD,86.0,0.0,100000.0,REJECT_NOT_TRADABLE,trade_mode=3
NIO,Investment Products\Shares\USA-Canada\USA\NYSE\NIO,2,0.01,3,32,1.0,USD,USD,0,0.0,0.0,1,7,1.0,100000.0,1.0,0.0,0.01,0,0.0,Nio Inc - ADR; NYSE; USD,86.0,0.0,100000.0,REJECT_NOT_TRADABLE,trade_mode=3
PBR,Investment Products\Shares\USA-Canada\USA\NYSE\PBR,2,0.01,3,32,1.0,USD,USD,0,0.0,0.0,1,7,1.0,100000.0,1.0,0.0,0.01,0,0.0,Petroleo Brasileiro SA Petrobras; NYSE; USD,86.0,0.0,100000.0,REJECT_NOT_TRADABLE,trade_mode=3
PFE,Investment Products\Shares\USA-Canada\USA\NYSE\PFE,2,0.01,3,32,1.0,USD,USD,0,0.0,0.0,1,5,1.0,100000.0,1.0,0.0,0.01,0,0.0,Pfizer Inc.; NYSE; USD,86.0,0.0,100000.0,REJECT_NOT_TRADABLE,trade_mode=3
TEVA,Investment Products\Shares\USA-Canada\USA\NYSE\TEVA,2,0.01,3,32,1.0,USD,USD,0,0.0,0.0,1,5,1.0,100000.0,1.0,0.0,0.01,0,0.0,Teva Pharmaceutical Industries Ltd; NYSE; USD,86.0,0.0,100000.0,REJECT_NOT_TRADABLE,trade_mode=3
WPM,Investment Products\Shares\USA-Canada\USA\NYSE\WPM,2,0.01,3,32,1.0,USD,USD,0,0.0,0.0,1,7,1.0,100000.0,1.0,0.0,0.01,0,0.0,Wheaton Precious Metals Corp; NYSE; USD,86.0,0.0,100000.0,REJECT_NOT_TRADABLE,trade_mode=3
AAPL,Investment Products\Shares\USA-Canada\USA\Nasdaq\AAPL,2,0.01,3,32,1.0,USD,USD,0,0.0,0.0,1,5,1.0,100000.0,1.0,0.0,0.01,0,0.0,Apple Inc.; Nasdaq; USD,86.0,0.0,100000.0,REJECT_NOT_TRADABLE,trade_mode=3
AFMD,Investment Products\Shares\USA-Canada\USA\Nasdaq\AFMD,2,0.01,0,32,1.0,USD,USD,0,0.0,0.0,1,7,1.0,100000.0,1.0,0.0,0.01,0,0.0,Affimed NV; Nasdaq; USD,86.0,0.0,100000.0,REJECT_NOT_TRADABLE,trade_mode=0
AMZN,Investment Products\Shares\USA-Canada\USA\Nasdaq\AMZN,2,0.01,3,32,1.0,USD,USD,0,0.0,0.0,1,5,1.0,100000.0,1.0,0.0,0.01,0,0.0,Amazon.com Inc.; Nasdaq; USD,86.0,0.0,100000.0,REJECT_NOT_TRADABLE,trade_mode=3
ARWR,Investment Products\Shares\USA-Canada\USA\Nasdaq\ARWR,2,0.01,0,32,1.0,USD,USD,0,0.0,0.0,1,7,1.0,10000.0,1.0,0.0,0.01,0,0.0,Arrowhead Pharmaceuticals Inc.; Nasdaq; USD,86.0,0.0,10000.0,REJECT_NOT_TRADABLE,trade_mode=0
CGEN,Investment Products\Shares\USA-Canada\USA\Nasdaq\CGEN,2,0.01,0,32,1.0,USD,USD,0,0.0,0.0,1,7,1.0,100000.0,1.0,0.0,0.01,0,0.0,Compugen Ltd; Nasdaq; USD,86.0,0.0,100000.0,REJECT_NOT_TRADABLE,trade_mode=0
FATE,Investment Products\Shares\USA-Canada\USA\Nasdaq\FATE,2,0.01,0,32,1.0,USD,USD,0,0.0,0.0,1,7,1.0,10000.0,1.0,0.0,0.01,0,0.0,Fate Therapeutics Inc.; Nasdaq; USD,86.0,0.0,10000.0,REJECT_NOT_TRADABLE,trade_mode=0
GOOG,Investment Products\Shares\USA-Canada\USA\Nasdaq\GOOG,2,0.01,3,32,1.0,USD,USD,0,0.0,0.0,1,5,1.0,100000.0,1.0,0.0,0.01,0,0.0,Alphabet Inc.C; Nasdaq; USD,86.0,0.0,100000.0,REJECT_NOT_TRADABLE,trade_mode=3
INO,Investment Products\Shares\USA-Canada\USA\Nasdaq\INO,2,0.01,0,32,1.0,USD,USD,0,0.0,0.0,1,7,1.0,100000.0,1.0,0.0,0.01,0,0.0,Inovio Pharmaceuticals Inc; Nasdaq; USD,86.0,0.0,100000.0,REJECT_NOT_TRADABLE,trade_mode=0
JBLU,Investment Products\Shares\USA-Canada\USA\Nasdaq\JBLU,2,0.01,0,32,1.0,USD,USD,0,0.0,0.0,1,5,1.0,100000.0,1.0,0.0,0.01,0,0.0,JetBlue Airways Corp; Nasdaq; USD,86.0,0.0,100000.0,REJECT_NOT_TRADABLE,trade_mode=0
LCID,Investment Products\Shares\USA-Canada\USA\Nasdaq\LCID,2,0.01,3,32,1.0,USD,USD,0,0.0,0.0,1,7,1.0,100000.0,1.0,0.0,0.01,0,0.0,Lucid Group Inc; Nasdaq; USD,86.0,0.0,100000.0,REJECT_NOT_TRADABLE,trade_mode=3
META,Investment Products\Shares\USA-Canada\USA\Nasdaq\META,2,0.01,3,32,1.0,USD,USD,0,0.0,0.0,1,5,1.0,100000.0,1.0,0.0,0.01,0,0.0,Meta Platforms Inc.; Nasdaq; USD,86.0,0.0,100000.0,REJECT_NOT_TRADABLE,trade_mode=3
MSFT,Investment Products\Shares\USA-Canada\USA\Nasdaq\MSFT,2,0.01,3,32,1.0,USD,USD,15,0.0,0.0,1,5,1.0,100000.0,1.0,0.0,0.01,0,0.0,Microsoft Corp; Nasdaq; USD,86.0,0.1744186046511628,100000.0,REJECT_NOT_TRADABLE,trade_mode=3
NCNA,Investment Products\Shares\USA-Canada\USA\Nasdaq\NCNA,2,0.01,0,32,1.0,USD,USD,0,0.0,0.0,1,7,1.0,100000.0,1.0,0.0,0.01,0,0.0,NuCana PLC; Nasdaq; USD,86.0,0.0,100000.0,REJECT_NOT_TRADABLE,trade_mode=0
NVDA,Investment Products\Shares\USA-Canada\USA\Nasdaq\NVDA,2,0.01,3,32,1.0,USD,USD,3,0.0,0.0,1,5,1.0,100000.0,1.0,0.0,0.01,0,0.0,NVIDIA Corp; Nasdaq; USD,86.0,0.03488372093023256,100000.0,REJECT_NOT_TRADABLE,trade_mode=3
PGEN,Investment Products\Shares\USA-Canada\USA\Nasdaq\PGEN,2,0.01,0,32,1.0,USD,USD,0,0.0,0.0,1,7,1.0,100000.0,1.0,0.0,0.01,0,0.0,Precigen Inc.; Nasdaq; USD,86.0,0.0,100000.0,REJECT_NOT_TRADABLE,trade_mode=0
QURE,Investment Products\Shares\USA-Canada\USA\Nasdaq\QURE,2,0.01,0,32,1.0,USD,USD,0,0.0,0.0,1,5,1.0,100000.0,1.0,0.0,0.01,0,0.0,Uniqure NV; Nasdaq; USD,86.0,0.0,100000.0,REJECT_NOT_TRADABLE,trade_mode=0
RDHL,Investment Products\Shares\USA-Canada\USA\Nasdaq\RDHL,2,0.01,0,32,1.0,USD,USD,0,0.0,0.0,1,7,1.0,100000.0,1.0,0.0,0.01,0,0.0,Redhill Biopharma Ltd ADR; Nasdaq; USD,86.0,0.0,100000.0,REJECT_NOT_TRADABLE,trade_mode=0
RIGL,Investment Products\Shares\USA-Canada\USA\Nasdaq\RIGL,2,0.01,0,32,1.0,USD,USD,0,0.0,0.0,1,5,1.0,10000.0,1.0,0.0,0.01,0,0.0,Rigel Pharmaceuticals Inc.; Nasdaq; USD,86.0,0.0,10000.0,REJECT_NOT_TRADABLE,trade_mode=0
TRAW,Investment Products\Shares\USA-Canada\USA\Nasdaq\TRAW,2,0.01,0,32,1.0,USD,USD,0,0.0,0.0,1,7,1.0,100000.0,1.0,0.0,0.01,0,0.0,Traws Pharma Inc; Nasdaq; USD,86.0,0.0,100000.0,REJECT_NOT_TRADABLE,trade_mode=0
TSLA,Investment Products\Shares\USA-Canada\USA\Nasdaq\TSLA,2,0.01,3,32,1.0,USD,USD,0,0.0,0.0,1,5,1.0,100000.0,1.0,0.0,0.01,0,0.0,Tesla Inc.; Nasdaq; USD,86.0,0.0,100000.0,REJECT_NOT_TRADABLE,trade_mode=3
VXRT,Investment Products\Shares\USA-Canada\USA\Nasdaq\VXRT,2,0.01,0,32,1.0,USD,USD,0,0.0,0.0,1,7,1.0,10000.0,1.0,0.0,0.01,0,0.0,Vaxart Inc.; Nasdaq; USD,86.0,0.0,10000.0,REJECT_NOT_TRADABLE,trade_mode=0
AIRF,Investment Products\Shares\Europe\France\AIRF,2,0.01,0,32,1.0,EUR,EUR,0,0.0,0.0,1,5,1.0,100000.0,1.0,0.0,0.01,0,0.0,Air France KLM SA; EPA; EUR,86.0,0.0,100000.0,REJECT_NOT_TRADABLE,trade_mode=0
LHA,Investment Products\Shares\Europe\Germany\LHA,2,0.01,0,32,1.0,EUR,EUR,0,0.0,0.0,1,5,1.0,100000.0,1.0,0.0,0.01,0,0.0,Deutsche Lufthansa AG; Xetra; EUR,86.0,0.0,100000.0,REJECT_NOT_TRADABLE,trade_mode=0
ENEL,Investment Products\Shares\Europe\Italy\ENEL,3,0.001,0,32,1.0,EUR,EUR,0,0.0,0.0,1,5,1.0,100000.0,1.0,0.0,0.001,0,0.0,Enel SpA; MIL; EUR,86.0,0.0,100000.0,REJECT_NOT_TRADABLE,trade_mode=0
PHM.BME,Investment Products\Shares\Europe\Spain\PHM.BME,2,0.01,0,32,1.0,EUR,EUR,0,0.0,0.0,1,5,1.0,100000.0,1.0,0.0,0.01,0,0.0,Pharma Mar SA; BME; EUR,86.0,0.0,100000.0,REJECT_NOT_TRADABLE,trade_mode=0
ALID,Investment Products\OTC\ALID,2,0.01,0,32,1.0,USD,USD,0,0.0,0.0,1,7,1.0,100000.0,1.0,0.0,0.01,0,0.0,Allied Corp; OTC; USD,86.0,0.0,100000.0,REJECT_NOT_TRADABLE,trade_mode=0
PRTP,Investment Products\Shares\Europe\France\PRTP,2,0.01,0,32,1.0,EUR,EUR,0,0.0,0.0,1,7,1.0,100000.0,1.0,0.0,0.01,0,0.0,Kering SA; EPA; EUR,86.0,0.0,100000.0,REJECT_NOT_TRADABLE,trade_mode=0
PLTR,Investment Products\Shares\USA-Canada\USA\NYSE\PLTR,2,0.01,3,32,1.0,USD,USD,0,0.0,0.0,1,5,1.0,100000.0,1.0,0.0,0.01,0,0.0,Palantir Technologies Inc.; NYSE; USD,86.0,0.0,100000.0,REJECT_NOT_TRADABLE,trade_mode=3
