name,path,digits,point,trade_mode,calc_mode,contract_size,currency_base,currency_profit,spread_current,swap_long,swap_short,swap_mode,swap_rollover3days,volume_min,volume_max,volume_step,tick_value,tick_size,stops_level,margin_initial,description
EURUSD.c,EURUSD_c\EURUSD.c,5,0.00001000,4,0,100000.00,EUR,USD,86,-13.4400,3.2400,1,3,0.0100,100.00,0.0100,0.000000,0.00001000,0,100000.00,Euro vs US Dollar
EURTRY.c,FX Exotics_c\EURTRY.c,5,0.00001000,4,0,100000.00,EUR,TRY,0,-13655.9700,-2399.3300,1,3,0.0100,100.00,0.0100,0.000000,0.00001000,0,0.00,Euro vs Turkish Lira
EURNOK.c,FX Exotics_c\EURNOK.c,5,0.00001000,4,0,100000.00,EUR,NOK,0,-152.1900,29.9200,1,3,0.0100,100.00,0.0100,0.000000,0.00001000,0,0.00,Euro vs Norwegian Krone
EURSEK.c,FX Exotics_c\EURSEK.c,5,0.00001000,4,0,100000.00,EUR,SEK,0,-63.7300,-33.0600,1,3,0.0100,100.00,0.0100,0.000000,0.00001000,0,0.00,Euro vs Swedish Krona
USDCNH.c,FX Exotics_c\USDCNH.c,5,0.00001000,4,0,100000.00,USD,CNH,0,19.8500,-120.2300,1,3,0.0100,100.00,0.0100,0.000000,0.00001000,0,0.00,US Dollar vs Chinese Yuan
USDMXN.c,FX Exotics_c\USDMXN.c,5,0.00001000,4,0,100000.00,USD,MXN,0,-310.0600,84.7300,1,3,0.0100,100.00,0.0100,0.000000,0.00001000,0,0.00,US Dollar vs Mexican Peso
USDNOK.c,FX Exotics_c\USDNOK.c,5,0.00001000,4,0,100000.00,USD,NOK,0,-35.2500,-51.3400,1,3,0.0100,100.00,0.0100,0.000000,0.00001000,0,0.00,US Dollar vs Norwegian Krone
USDSEK.c,FX Exotics_c\USDSEK.c,5,0.00001000,4,0,100000.00,USD,SEK,0,20.5900,-117.9300,1,3,0.0100,100.00,0.0100,0.000000,0.00001000,0,0.00,US Dollar vs Swedish Krona
USDTRY.c,FX Exotics_c\USDTRY.c,5,0.00001000,4,0,100000.00,USD,TRY,0,-7190.0400,827.9100,1,3,0.0100,100.00,0.0100,0.000000,0.00001000,0,0.00,US Dollar vs Turkish Lira
USDZAR.c,FX Exotics_c\USDZAR.c,5,0.00001000,4,0,100000.00,USD,ZAR,0,-445.6200,-91.7000,1,3,0.0100,100.00,0.0100,0.000000,0.00001000,0,0.00,US Dollar vs South African Rand
EURHUF.c,FX Exotics_c\EURHUF.c,5,0.00001000,4,0,100000.00,EUR,HUF,0,-11521.4000,-11521.4000,1,3,0.0100,100.00,0.0100,0.000000,0.00001000,0,0.00,Euro vs Hungarian Forint
USDHUF.c,FX Exotics_c\USDHUF.c,5,0.00001000,4,0,100000.00,USD,HUF,0,-36025.0000,8937.0000,1,3,0.0100,100.00,0.0100,0.000000,0.00001000,0,0.00,US Dollar vs Hungarian Forint
USDCLP.c,FX Exotics_c\USDCLP.c,2,0.01000000,4,0,100000.00,USD,CLP,0,-29.0200,-24.4800,1,3,0.0100,50.00,0.0100,0.000000,0.01000000,500,0.00,US Dollar vs Chile Peso
EURSGD.c,FX Exotics_c\EURSGD.c,5,0.00001000,4,0,100000.00,EUR,SGD,0,-9.2200,-11.6200,1,5,0.0100,200.00,0.0100,0.000000,0.00001000,0,0.00,Euro Vs. Singapore Dollar
USDSGD.c,FX Exotics_c\USDSGD.c,5,0.00001000,4,0,100000.00,USD,SGD,0,0.3400,-22.5000,1,3,0.0100,200.00,0.0100,0.000000,0.00001000,0,0.00,US Dollar vs Singapore Dollar
USDBRL.c,FX Exotics_c\USDBRL.c,5,0.00001000,4,0,100000.00,USD,BRL,0,-751.7800,19.1400,1,3,0.0100,100.00,0.0100,0.000000,0.00001000,0,0.00,US Dollar vs Brazilian Real
USDHKD.c,FX Exotics_c\USDHKD.c,5,0.00001000,0,0,100000.00,USD,HKD,0,-10.3900,-195.7100,1,3,0.0100,100.00,0.0100,0.000000,0.00001000,0,0.00,US Dollar vs Hong Kong Dollar
NOKSEK.c,FX Exotics_c\NOKSEK.c,5,0.00001000,3,0,100000.00,NOK,SEK,0,-4.0400,-3.4000,1,3,0.0100,100.00,0.0100,0.000000,0.00001000,0,0.00,Norwegian Krone v Swedish Krona
GBPJPY.c,FX Minors_c\GBPJPY.c,3,0.00100000,4,0,100000.00,GBP,JPY,0,13.2200,-37.7300,1,3,0.0100,100.00,0.0100,0.000000,0.00100000,0,100000.00,Great Britain Pound vs Japanese Yen
AUDCAD.c,FX Minors_c\AUDCAD.c,5,0.00001000,4,0,100000.00,AUD,CAD,0,0.7500,-7.5800,1,3,0.0100,100.00,0.0100,0.000000,0.00001000,0,100000.00,Australian Dollar vs Canadian Dollar
AUDCHF.c,FX Minors_c\AUDCHF.c,5,0.00001000,4,0,100000.00,AUD,CHF,0,3.1200,-45.1100,1,3,0.0100,100.00,0.0100,0.000000,0.00001000,0,100000.00,Australian Dollar vs Swiss Franc
AUDJPY.c,FX Minors_c\AUDJPY.c,3,0.00100000,4,0,100000.00,AUD,JPY,0,6.0300,-16.4600,1,3,0.0100,100.00,0.0100,0.000000,0.00100000,0,100000.00,Australian Dollar vs Japanese Yen
AUDNZD.c,FX Minors_c\AUDNZD.c,5,0.00001000,4,0,100000.00,AUD,NZD,0,-0.3100,-5.9200,1,3,0.0100,100.00,0.0100,0.000000,0.00001000,0,100000.00,Australian Dollar vs New Zealand Dollar
CADCHF.c,FX Minors_c\CADCHF.c,5,0.00001000,4,0,100000.00,CAD,CHF,0,1.7800,-37.6700,1,3,0.0100,100.00,0.0100,0.000000,0.00001000,0,100000.00,Canadian Dollar vs Swiss Franc
CADJPY.c,FX Minors_c\CADJPY.c,3,0.00100000,4,0,100000.00,CAD,JPY,0,2.9100,-13.8000,1,3,0.0100,100.00,0.0100,0.000000,0.00100000,0,100000.00,Canadian Dollar vs Japanese Yen
CHFJPY.c,FX Minors_c\CHFJPY.c,3,0.00100000,4,0,100000.00,CHF,JPY,0,-32.6600,-8.5900,1,3,0.0100,100.00,0.0100,0.000000,0.00100000,0,100000.00,Swiss Frank vs Japanese Yen
EURAUD.c,FX Minors_c\EURAUD.c,5,0.00001000,4,0,100000.00,EUR,AUD,0,-19.0300,4.6800,1,3,0.0100,100.00,0.0100,0.000000,0.00001000,0,100000.00,Euro vs Australian Dollar
EURCAD.c,FX Minors_c\EURCAD.c,5,0.00001000,4,0,100000.00,EUR,CAD,0,-10.0000,-2.8300,1,3,0.0100,100.00,0.0100,0.000000,0.00001000,0,100000.00,Euro vs Canadian Dollar
EURCHF.c,FX Minors_c\EURCHF.c,5,0.00001000,4,0,100000.00,EUR,CHF,0,2.3700,-36.5600,1,3,0.0100,100.00,0.0100,0.000000,0.00001000,0,100000.00,Euro vs Swiss Franc
EURGBP.c,FX Minors_c\EURGBP.c,5,0.00001000,4,0,100000.00,EUR,GBP,0,-11.2700,2.3800,1,3,0.0100,100.00,0.0100,0.000000,0.00001000,0,100000.00,Euro vs Great Britain Pound 
EURJPY.c,FX Minors_c\EURJPY.c,3,0.00100000,4,0,100000.00,EUR,JPY,0,3.8200,-16.2800,1,3,0.0100,100.00,0.0100,0.000000,0.00100000,0,100000.00,Euro vs Japanese Yen
EURNZD.c,FX Minors_c\EURNZD.c,5,0.00001000,4,0,100000.00,EUR,NZD,0,-15.9300,-0.1000,1,3,0.0100,100.00,0.0100,0.000000,0.00001000,0,100000.00,Euro vs New Zealand Dollar
GBPAUD.c,FX Minors_c\GBPAUD.c,5,0.00001000,4,0,100000.00,GBP,AUD,0,-1.9200,-9.9100,1,3,0.0100,100.00,0.0100,0.000000,0.00001000,0,100000.00,Great Britain Pound vs Australian Dollar
GBPCAD.c,FX Minors_c\GBPCAD.c,5,0.00001000,4,0,100000.00,GBP,CAD,0,3.5400,-18.8400,1,3,0.0100,100.00,0.0100,0.000000,0.00001000,0,100000.00,Great Britain Pound vs Canadian Dollar
GBPCHF.c,FX Minors_c\GBPCHF.c,5,0.00001000,4,0,100000.00,GBP,CHF,0,6.0400,-80.6800,1,3,0.0100,100.00,0.0100,0.000000,0.00001000,0,100000.00,Great Britain Pound vs Swiss Franc
GBPNZD.c,FX Minors_c\GBPNZD.c,5,0.00001000,4,0,100000.00,GBP,NZD,0,0.3300,-16.7100,1,3,0.0100,100.00,0.0100,0.000000,0.00001000,0,0.00,Great Britan Pound vs New Zealand Dollar
NZDCAD.c,FX Minors_c\NZDCAD.c,5,0.00001000,4,0,100000.00,NZD,CAD,0,-0.8100,-4.5700,1,3,0.0100,100.00,0.0100,0.000000,0.00001000,0,0.00,New Zealand Dollar vs Canadian Dollar
NZDCHF.c,FX Minors_c\NZDCHF.c,5,0.00001000,4,0,100000.00,NZD,CHF,0,2.0600,-29.3400,1,3,0.0100,100.00,0.0100,0.000000,0.00001000,0,0.00,New Zealand Dollar vs Swiss Franc
NZDJPY.c,FX Minors_c\NZDJPY.c,3,0.00100000,4,0,100000.00,NZD,JPY,0,3.2000,-12.8400,1,3,0.0100,100.00,0.0100,0.000000,0.00100000,0,100000.00,New Zealand Dollar vs Japanese Yen
AUDUSD.c,FX Majors_c\AUDUSD.c,5,0.00001000,4,0,100000.00,AUD,USD,57,-3.3700,-1.8900,1,3,0.0100,100.00,0.0100,0.000000,0.00001000,0,100000.00,Australian Dollar vs US Dollar
GBPUSD.c,FX Majors_c\GBPUSD.c,5,0.00001000,4,0,100000.00,GBP,USD,86,-2.9500,-3.4600,1,3,0.0100,100.00,0.0100,0.000000,0.00001000,0,100000.00,Great Britain Pound vs US Dollar
NZDUSD.c,FX Majors_c\NZDUSD.c,5,0.00001000,4,0,100000.00,NZD,USD,0,-4.0800,-0.3800,1,3,0.0100,100.00,0.0100,0.000000,0.00001000,0,100000.00,New Zealand Dollar vs US Dollar
USDCAD.c,FX Majors_c\USDCAD.c,5,0.00001000,4,0,100000.00,USD,CAD,36,3.5500,-11.3900,1,4,0.0100,100.00,0.0100,0.000000,0.00001000,0,100000.00,US Dollar vs Canadian Dollar
USDCHF.c,FX Majors_c\USDCHF.c,5,0.00001000,4,0,100000.00,USD,CHF,0,5.3000,-60.7600,1,3,0.0100,100.00,0.0100,0.000000,0.00001000,0,100000.00,US Dollar vs Swiss Franc
USDJPY.c,FX Majors_c\USDJPY.c,3,0.00100000,4,0,100000.00,USD,JPY,61,9.9900,-27.4900,1,3,0.0100,100.00,0.0100,0.000000,0.00100000,0,100000.00,US Dollar vs Japanese Yen
XAGUSD.c,Silver_c\XAGUSD.c,3,0.00100000,4,0,5000.00,XAG,USD,132,-13.5500,-0.6400,1,3,0.0100,100.00,0.0100,0.000000,0.00100000,0,0.00,Silver vs USD
XAUUSD.c,Metals_c\XAUUSD.c,3,0.00100000,4,0,100.00,XAU,USD,290,-589.4900,260.8200,1,3,0.0100,100.00,0.0100,0.000000,0.00100000,0,0.00,Gold vs US Dollar
XBRUSD,Energies\XBRUSD,3,0.00100000,4,0,1000.00,XBR,USD,30,6.8900,-23.0700,1,5,0.0100,100.00,0.0100,0.000000,0.00100000,0,0.00,Brent Crude vs US Dollar
XTIUSD,Energies\XTIUSD,3,0.00100000,4,0,1000.00,XTI,USD,40,3.4500,-7.3800,1,5,0.0100,100.00,0.0100,0.000000,0.00100000,0,0.00,Crude Oil v US Dollar
XNGUSD,Energies\XNGUSD,3,0.00100000,4,0,10000.00,XNG,USD,34,-6.7100,-28.4900,1,5,0.1000,100.00,0.1000,0.000000,0.00100000,0,0.00,Natural Gas vs US Dollar
GER40Cash,Indices 1\GER40Cash,2,0.01000000,4,2,1.00,EUR,EUR,440,-325.2900,-1.9600,1,5,0.1000,100.00,0.1000,0.010000,0.01000000,40,0.00,German Index Eurex
US30Cash,Indices 2\US30Cash,2,0.01000000,4,2,1.00,USD,USD,295,-1005.5800,-653.1600,1,5,0.1000,100.00,0.1000,0.010000,0.01000000,40,0.00,US 30 Index
EU50Cash,Indices 3\EU50Cash,2,0.01000000,4,2,1.00,EUR,EUR,0,-77.5500,-0.4700,1,5,0.1000,100.00,0.1000,0.010000,0.01000000,20,0.00,Eurostoxx Index
FRA40Cash,Indices 3\FRA40Cash,2,0.01000000,4,2,1.00,EUR,EUR,0,-111.3300,-0.6700,1,5,0.1000,100.00,0.1000,0.010000,0.01000000,20,0.00,French Index
UK100Cash,Indices 3\UK100Cash,2,0.01000000,4,2,1.00,GBP,GBP,660,-199.5300,-578.4800,1,5,0.1000,100.00,0.1000,0.010000,0.01000000,20,0.00,UK Index
ESP35Cash,Indices 3\ESP35Cash,2,0.01000000,4,2,1.00,EUR,EUR,0,-411.6000,-786.1200,1,5,0.1000,100.00,0.1000,0.010000,0.01000000,0,0.00,Spain IBEX 35 Index
US100Cash,Indices 4\US100Cash,2,0.01000000,4,2,1.00,USD,USD,260,-535.2600,101.6300,1,5,0.1000,100.00,0.1000,0.010000,0.01000000,20,0.00,US Tech Index
US500Cash,Indices 4\US500Cash,2,0.01000000,4,2,1.00,USD,USD,40,-144.5800,-3.1400,1,5,0.1000,100.00,0.1000,0.100000,0.01000000,20,0.00,US 500 Index
CHINA50Cash,Indices 5\CHINA50Cash,2,0.01000000,4,2,1.00,USD,USD,0,-372.2300,66.9500,1,5,0.1000,100.00,0.1000,0.010000,0.01000000,20,0.00,China A50 index
HK50Cash,Indices 5\HK50Cash,2,0.01000000,4,2,1.00,HKD,HKD,0,-447.8700,33.6000,1,5,0.1000,100.00,0.1000,0.010000,0.01000000,20,0.00,HK50 index
JPN225Cash,Indices 5\JPN225Cash,2,0.01000000,4,2,1.00,JPY,JPY,1720,-419.6300,-267.7600,1,5,1.0000,100.00,1.0000,0.010000,0.01000000,20,0.00,Japan Nikkei 225 Index
AUS200Cash,Indices 5\AUS200Cash,2,0.01000000,4,2,1.00,AUD,AUD,0,-89.9000,-110.5400,1,5,0.1000,100.00,0.1000,0.010000,0.01000000,0,0.00,Australia 200 Index
Gold_G6,GCX\Gold_G6,2,0.01000000,4,2,100.00,USD,USD,0,0.0000,0.0000,1,3,0.0100,100.00,0.0100,0.010000,0.01000000,0,0.00,Gold Futures Feb 25 | Expiration Date: 28/01/2026
Silver_H6,SIX\Silver_H6,3,0.00100000,4,2,5000.00,USD,USD,0,0.0000,0.0000,1,7,0.0100,10.00,0.0100,0.000000,0.00100000,0,0.00,Silver Futures March 26 | Expiration Date: 25/02/2026
DXY,DXY\DXY,3,0.00100000,0,2,1000.00,USD,USD,0,0.0000,0.0000,1,3,0.1000,100.00,0.1000,0.000000,0.00100000,0,0.00,Dollar Index Cash
WTI_F6,CLX\WTI_F6,3,0.00100000,4,2,1000.00,USD,USD,0,0.0000,0.0000,1,3,0.0100,100.00,0.0100,0.000000,0.00100000,0,0.00,US Crude Futures Jan 26 | Expiration Date: 17/12/2025
BRENT_G6,LCOX\BRENT_G6,3,0.00100000,4,2,1000.00,USD,USD,0,0.0000,0.0000,1,7,0.0100,100.00,0.0100,0.000000,0.00100000,0,0.00,UK Crude Futures Feb 2026 | Expiration Date: 26/12/2025
AAPL.US,CFDs\Shares\Shares USA\AAPL.US,2,0.01000000,4,2,1.00,USD,USD,0,-8.0000,-8.0000,5,5,1.0000,10000.00,1.0000,0.000000,0.01000000,0,0.00,Apple Inc (CFD); USD
ABNB.US,CFDs\Shares\Shares USA\ABNB.US,2,0.01000000,4,2,1.00,USD,USD,0,-8.0000,-8.0000,5,5,1.0000,10000.00,1.0000,0.000000,0.01000000,0,0.00,Airbnb Inc. (CFD); USD
AMD.US,CFDs\Shares\Shares USA\AMD.US,2,0.01000000,4,2,1.00,USD,USD,0,-8.0000,-8.0000,5,5,1.0000,10000.00,1.0000,0.000000,0.01000000,0,0.00,Advanced Micro Devices Inc (CFD); USD
AMZN.US,CFDs\Shares\Shares USA\AMZN.US,2,0.01000000,4,2,1.00,USD,USD,0,-8.0000,-8.0000,5,5,1.0000,10000.00,1.0000,0.000000,0.01000000,0,0.00,Amazon.com Inc (CFD); USD
AVGO.US,CFDs\Shares\Shares USA\AVGO.US,2,0.01000000,4,2,1.00,USD,USD,0,-8.0000,-8.0000,5,5,1.0000,10000.00,1.0000,0.000000,0.01000000,0,0.00,Broadcom Inc (CFD); USD
BAC.US,CFDs\Shares\Shares USA\BAC.US,2,0.01000000,4,2,1.00,USD,USD,0,-8.0000,-8.0000,5,5,1.0000,10000.00,1.0000,0.000000,0.01000000,0,0.00,Bank of America Corp (CFD); USD
GOOG.US,CFDs\Shares\Shares USA\GOOG.US,2,0.01000000,4,2,1.00,USD,USD,0,-8.0000,-8.0000,5,5,1.0000,10000.00,1.0000,0.000000,0.01000000,0,0.00,Alphabet Inc C (CFD); USD
GOOGL.US,CFDs\Shares\Shares USA\GOOGL.US,2,0.01000000,4,2,1.00,USD,USD,0,-8.0000,-8.0000,5,5,1.0000,10000.00,1.0000,0.000000,0.01000000,0,0.00,Alphabet Inc A (CFD); USD
MCD.US,CFDs\Shares\Shares USA\MCD.US,2,0.01000000,4,2,1.00,USD,USD,0,-8.0000,-8.0000,5,5,1.0000,10000.00,1.0000,0.000000,0.01000000,0,0.00,Mcdonald's Corp (CFD); USD
MU.US,CFDs\Shares\Shares USA\MU.US,2,0.01000000,4,2,1.00,USD,USD,0,-8.0000,-8.0000,5,5,1.0000,10000.00,1.0000,0.000000,0.01000000,0,0.00,Micron Technology Inc (CFD); USD
NDAQ.US,CFDs\Shares\Shares USA\NDAQ.US,2,0.01000000,4,2,1.00,USD,USD,0,-8.0000,-8.0000,5,5,1.0000,10000.00,1.0000,0.000000,0.01000000,0,0.00,Nasdaq Inc (CFD); USD
NVDA.US,CFDs\Shares\Shares USA\NVDA.US,2,0.01000000,4,2,1.00,USD,USD,0,-8.0000,-8.0000,5,5,1.0000,10000.00,1.0000,0.000000,0.01000000,0,0.00,NVIDIA Corp (CFD); USD
PYPL.US,CFDs\Shares\Shares USA\PYPL.US,2,0.01000000,4,2,1.00,USD,USD,0,-8.0000,-8.0000,5,5,1.0000,10000.00,1.0000,0.000000,0.01000000,0,0.00,PayPal Holdings Inc (CFD); USD
TSLA.US,CFDs\Shares\Shares USA\TSLA.US,2,0.01000000,4,2,1.00,USD,USD,0,-8.0000,-8.0000,5,5,1.0000,10000.00,1.0000,0.000000,0.01000000,0,0.00,Tesla Inc (CFD); USD
QQQ.US,CFDs\ETFs\ETFs USA\QQQ.US,2,0.01000000,3,2,1.00,USD,USD,0,-7.0000,-7.0000,5,5,1.0000,10000.00,1.0000,0.000000,0.01000000,0,0.00,Invesco QQQ Trust Series 1 ETF (CFD); USD
TQQQ.US,CFDs\ETFs\ETFs USA\TQQQ.US,2,0.01000000,3,2,1.00,USD,USD,0,-7.0000,-7.0000,5,5,1.0000,10000.00,1.0000,0.000000,0.01000000,0,0.00,Proshares Ultrapro QQQ ETF (CFD); USD
BRKb.US,CFDs\Shares\Shares USA\BRKb.US,2,0.01000000,4,2,1.00,USD,USD,0,-8.0000,-8.0000,5,5,1.0000,10000.00,0.1000,0.000000,0.01000000,0,0.00,Berkshire Hathaway Inc Class B (CFD); USD
ABBV.US,CFDs\Shares\Shares USA\ABBV.US,2,0.01000000,4,2,1.00,USD,USD,0,-8.0000,-8.0000,5,5,1.0000,10000.00,1.0000,0.000000,0.01000000,0,0.00,Abbvie Inc (CFD); USD
ABT.US,CFDs\Shares\Shares USA\ABT.US,2,0.01000000,4,2,1.00,USD,USD,0,-8.0000,-8.0000,5,5,1.0000,10000.00,1.0000,0.000000,0.01000000,0,0.00,Abbott Laboratories (CFD); USD
ACN.US,CFDs\Shares\Shares USA\ACN.US,2,0.01000000,4,2,1.00,USD,USD,0,-8.0000,-8.0000,5,5,1.0000,10000.00,1.0000,0.000000,0.01000000,0,0.00,Accenture Plc (CFD); USD
ADBE.US,CFDs\Shares\Shares USA\ADBE.US,2,0.01000000,4,2,1.00,USD,USD,0,-8.0000,-8.0000,5,5,1.0000,10000.00,1.0000,0.000000,0.01000000,0,0.00,Adobe Inc (CFD); USD
ADM.US,CFDs\Shares\Shares USA\ADM.US,2,0.01000000,4,2,1.00,USD,USD,0,-8.0000,-8.0000,5,5,1.0000,10000.00,1.0000,0.000000,0.01000000,0,0.00,Archer Daniels Midland Co (CFD); USD
AMAT.US,CFDs\Shares\Shares USA\AMAT.US,2,0.01000000,4,2,1.00,USD,USD,0,-8.0000,-8.0000,5,5,1.0000,10000.00,1.0000,0.000000,0.01000000,0,0.00,Applied Materials Inc (CFD); USD
AMT.US,CFDs\Shares\Shares USA\AMT.US,2,0.01000000,4,2,1.00,USD,USD,0,-8.0000,-8.0000,5,5,1.0000,10000.00,1.0000,0.000000,0.01000000,0,0.00,American Tower Corp (CFD); USD
APD.US,CFDs\Shares\Shares USA\APD.US,2,0.01000000,4,2,1.00,USD,USD,0,-8.0000,-8.0000,5,5,1.0000,10000.00,1.0000,0.000000,0.01000000,0,0.00,Air Products and Chemicals Inc (CFD); USD
ARKK.US,CFDs\ETFs\ETFs USA\ARKK.US,2,0.01000000,3,2,1.00,USD,USD,0,-7.0000,-7.0000,5,5,1.0000,10000.00,1.0000,0.000000,0.01000000,0,0.00,ARK Innovation ETF (CFD); USD
ATOS.FRA,CFDs\Shares\Shares EU\Shares France\ATOS.FRA,4,0.00010000,3,2,1.00,EUR,EUR,0,-8.0000,-8.0000,5,5,1.0000,100000000.00,1.0000,0.000000,0.00010000,0,0.00,Atos SE (CFD); EUR
AXP.US,CFDs\Shares\Shares USA\AXP.US,2,0.01000000,4,2,1.00,USD,USD,0,-8.0000,-8.0000,5,5,1.0000,10000.00,1.0000,0.000000,0.01000000,0,0.00,American Express Co (CFD); USD
BA.US,CFDs\Shares\Shares USA\BA.US,2,0.01000000,4,2,1.00,USD,USD,0,-8.0000,-8.0000,5,5,1.0000,10000.00,1.0000,0.000000,0.01000000,0,0.00,Boeing Co (CFD); USD
BABA.US,CFDs\Shares\Shares USA\BABA.US,2,0.01000000,4,2,1.00,USD,USD,0,-8.0000,-8.0000,5,5,1.0000,10000.00,1.0000,0.000000,0.01000000,0,0.00,Alibaba Group Holding Ltd (CFD); USD
BBAI.US,CFDs\Shares\Shares USA\BBAI.US,2,0.01000000,3,2,1.00,USD,USD,0,-8.0000,-8.0000,5,5,1.0000,10000.00,1.0000,0.000000,0.01000000,0,0.00,BigBear.AI HOLDINGS INC (CFD); USD
BIDU.US,CFDs\Shares\Shares USA\BIDU.US,2,0.01000000,4,2,1.00,USD,USD,0,-8.0000,-8.0000,5,5,1.0000,10000.00,1.0000,0.000000,0.01000000,0,0.00,Baidu Inc (CFD); USD
BIIB.US,CFDs\Shares\Shares USA\BIIB.US,2,0.01000000,4,2,1.00,USD,USD,0,-8.0000,-8.0000,5,5,1.0000,10000.00,0.1000,0.000000,0.01000000,0,0.00,Biogen Inc (CFD); USD
BK.US,CFDs\Shares\Shares USA\BK.US,2,0.01000000,4,2,1.00,USD,USD,0,-8.0000,-8.0000,5,5,1.0000,10000.00,1.0000,0.000000,0.01000000,0,0.00,Bank of New York Mellon Corp (CFD); USD
BMY.US,CFDs\Shares\Shares USA\BMY.US,2,0.01000000,4,2,1.00,USD,USD,0,-8.0000,-8.0000,5,5,1.0000,10000.00,1.0000,0.000000,0.01000000,0,0.00,Bristol-Myers Squibb Co (CFD); USD
BXP.US,CFDs\Shares\Shares USA\BXP.US,2,0.01000000,4,2,1.00,USD,USD,0,-8.0000,-8.0000,5,5,1.0000,10000.00,1.0000,0.000000,0.01000000,0,0.00,Boston Properties Inc (CFD); USD
BYND.US,CFDs\Shares\Shares USA\BYND.US,2,0.01000000,0,2,1.00,USD,USD,0,-8.0000,-8.0000,5,5,1.0000,10000.00,0.1000,0.000000,0.01000000,0,0.00,Beyond Meat Inc (CFD); USD
C.US,CFDs\Shares\Shares USA\C.US,2,0.01000000,4,2,1.00,USD,USD,0,-8.0000,-8.0000,5,5,1.0000,10000.00,1.0000,0.000000,0.01000000,0,0.00,Citigroup Inc (CFD); USD
CINF.US,CFDs\Shares\Shares USA\CINF.US,2,0.01000000,4,2,1.00,USD,USD,0,-8.0000,-8.0000,5,5,1.0000,10000.00,1.0000,0.000000,0.01000000,0,0.00,Cincinnati Financial Corp (CFD); USD
CLX.US,CFDs\Shares\Shares USA\CLX.US,2,0.01000000,4,2,1.00,USD,USD,0,-8.0000,-8.0000,5,5,1.0000,10000.00,1.0000,0.000000,0.01000000,0,0.00,Clorox Co (CFD); USD
CMCSA.US,CFDs\Shares\Shares USA\CMCSA.US,2,0.01000000,4,2,1.00,USD,USD,0,-8.0000,-8.0000,5,5,1.0000,10000.00,0.1000,0.000000,0.01000000,0,0.00,Comcast Corp A (CFD); USD
COF.US,CFDs\Shares\Shares USA\COF.US,2,0.01000000,4,2,1.00,USD,USD,0,-8.0000,-8.0000,5,5,1.0000,10000.00,1.0000,0.000000,0.01000000,0,0.00,Capital One Financial Corp (CFD); USD
COIN.US,CFDs\Shares\Shares USA\COIN.US,2,0.01000000,4,2,1.00,USD,USD,0,-8.0000,-8.0000,5,5,1.0000,100000.00,0.1000,0.000000,0.01000000,0,0.00,Coinbase Global Inc. (CFD); USD
COST.US,CFDs\Shares\Shares USA\COST.US,2,0.01000000,4,2,1.00,USD,USD,0,-8.0000,-8.0000,5,5,1.0000,10000.00,1.0000,0.000000,0.01000000,0,0.00,Costco Wholesale Corp (CFD); USD
CRM.US,CFDs\Shares\Shares USA\CRM.US,2,0.01000000,4,2,1.00,USD,USD,0,-8.0000,-8.0000,5,5,1.0000,10000.00,1.0000,0.000000,0.01000000,0,0.00,Salesforce.Com Inc (CFD); USD
CRWD.US,CFDs\Shares\Shares USA\CRWD.US,2,0.01000000,4,2,1.00,USD,USD,0,-8.0000,-8.0000,5,5,1.0000,10000.00,1.0000,0.000000,0.01000000,0,0.00,CrowdStrike Holdings Inc (CFD); USD
CSCO.US,CFDs\Shares\Shares USA\CSCO.US,2,0.01000000,4,2,1.00,USD,USD,0,-8.0000,-8.0000,5,5,1.0000,10000.00,1.0000,0.000000,0.01000000,0,0.00,Cisco Systems Inc (CFD); USD
CVS.US,CFDs\Shares\Shares USA\CVS.US,2,0.01000000,4,2,1.00,USD,USD,0,-8.0000,-8.0000,5,5,1.0000,10000.00,1.0000,0.000000,0.01000000,0,0.00,CVS Health Corp (CFD); USD
CVX.US,CFDs\Shares\Shares USA\CVX.US,2,0.01000000,4,2,1.00,USD,USD,0,-8.0000,-8.0000,5,5,1.0000,10000.00,1.0000,0.000000,0.01000000,0,0.00,Chevron Corp (CFD); USD
CZR.US,CFDs\Shares\Shares USA\CZR.US,2,0.01000000,4,2,1.00,USD,USD,0,-8.0000,-8.0000,5,5,1.0000,10000.00,1.0000,0.000000,0.01000000,0,0.00,Caesars Entertainment Corp (CFD); USD
DELL.US,CFDs\Shares\Shares USA\DELL.US,2,0.01000000,4,2,1.00,USD,USD,0,-8.0000,-8.0000,5,5,1.0000,10000.00,0.1000,0.000000,0.01000000,0,0.00,Dell Technologies Inc (CFD); USD
DIS.US,CFDs\Shares\Shares USA\DIS.US,2,0.01000000,4,2,1.00,USD,USD,0,-8.0000,-8.0000,5,5,1.0000,10000.00,1.0000,0.000000,0.01000000,0,0.00,Walt Disney Co (CFD); USD
DOCU.US,CFDs\Shares\Shares USA\DOCU.US,2,0.01000000,4,2,1.00,USD,USD,0,-8.0000,-8.0000,5,5,1.0000,10000.00,1.0000,0.000000,0.01000000,0,0.00,DocuSign (CFD); USD
DOW.US,CFDs\Shares\Shares USA\DOW.US,2,0.01000000,4,2,1.00,USD,USD,0,-8.0000,-8.0000,5,5,1.0000,10000.00,0.1000,0.000000,0.01000000,0,0.00,Dow Inc (CFD); USD
EBAY.US,CFDs\Shares\Shares USA\EBAY.US,2,0.01000000,4,2,1.00,USD,USD,0,-8.0000,-8.0000,5,5,1.0000,10000.00,0.1000,0.000000,0.01000000,0,0.00,eBay Inc (CFD); USD
EC.US,CFDs\Shares\Shares USA\EC.US,2,0.01000000,4,2,1.00,USD,USD,0,-8.0000,-8.0000,5,5,1.0000,10000.00,1.0000,0.000000,0.01000000,0,0.00,Ecopetrol SA (CFD); USD
EL.US,CFDs\Shares\Shares USA\EL.US,2,0.01000000,4,2,1.00,USD,USD,0,-8.0000,-8.0000,5,5,1.0000,10000.00,1.0000,0.000000,0.01000000,0,0.00,Estee Lauder Companies Inc (CFD); USD
EOG.US,CFDs\Shares\Shares USA\EOG.US,2,0.01000000,4,2,1.00,USD,USD,0,-8.0000,-8.0000,5,5,1.0000,10000.00,1.0000,0.000000,0.01000000,0,0.00,EOG Resources Inc (CFD); USD
ETR.US,CFDs\Shares\Shares USA\ETR.US,2,0.01000000,4,2,1.00,USD,USD,0,-8.0000,-8.0000,5,5,1.0000,10000.00,1.0000,0.000000,0.01000000,0,0.00,Entergy Corp (CFD); USD
ETSY.US,CFDs\Shares\Shares USA\ETSY.US,2,0.01000000,4,2,1.00,USD,USD,0,-8.0000,-8.0000,5,5,1.0000,10000.00,1.0000,0.000000,0.01000000,0,0.00,Etsy Inc (CFD); USD
FAST.US,CFDs\Shares\Shares USA\FAST.US,2,0.01000000,4,2,1.00,USD,USD,0,-8.0000,-8.0000,5,5,1.0000,10000.00,1.0000,0.000000,0.01000000,0,0.00,Fastenal Co (CFD); USD
FIS.US,CFDs\Shares\Shares USA\FIS.US,2,0.01000000,4,2,1.00,USD,USD,0,-8.0000,-8.0000,5,5,1.0000,10000.00,1.0000,0.000000,0.01000000,0,0.00,Fidelity National Information Services Inc (CFD); USD
FMX.US,CFDs\Shares\Shares USA\FMX.US,2,0.01000000,4,2,1.00,USD,USD,0,-8.0000,-8.0000,5,5,1.0000,10000.00,1.0000,0.000000,0.01000000,0,0.00,Fomento Economico Mexicano SAB de CV (CFD); USD
FSLR.US,CFDs\Shares\Shares USA\FSLR.US,2,0.01000000,4,2,1.00,USD,USD,0,-8.0000,-8.0000,5,5,1.0000,10000.00,0.1000,0.000000,0.01000000,0,0.00,First Solar Inc (CFD); USD
GDXJ.US,CFDs\ETFs\ETFs USA\GDXJ.US,2,0.01000000,0,2,1.00,USD,USD,0,-7.0000,-7.0000,5,5,1.0000,10000.00,1.0000,0.000000,0.01000000,0,0.00,VanEck Vectors Junior Gold Miners ETF (CFD); USD
GE.US,CFDs\Shares\Shares USA\GE.US,2,0.01000000,4,2,1.00,USD,USD,0,-8.0000,-8.0000,5,5,1.0000,10000.00,1.0000,0.000000,0.01000000,0,0.00,General Electric Co (CFD); USD
GILD.US,CFDs\Shares\Shares USA\GILD.US,2,0.01000000,4,2,1.00,USD,USD,0,-8.0000,-8.0000,5,5,1.0000,10000.00,1.0000,0.000000,0.01000000,0,0.00,Gilead Sciences Inc (CFD); USD
GLW.US,CFDs\Shares\Shares USA\GLW.US,2,0.01000000,4,2,1.00,USD,USD,0,-8.0000,-8.0000,5,5,1.0000,10000.00,1.0000,0.000000,0.01000000,0,0.00,Corning Inc (CFD); USD
GM.US,CFDs\Shares\Shares USA\GM.US,2,0.01000000,4,2,1.00,USD,USD,0,-8.0000,-8.0000,5,5,1.0000,10000.00,1.0000,0.000000,0.01000000,0,0.00,General Motors Co (CFD); USD
GOLD.US,CFDs\Shares\Shares USA\GOLD.US,2,0.01000000,4,2,1.00,USD,USD,0,-8.0000,-8.0000,5,5,1.0000,10000.00,0.1000,0.000000,0.01000000,0,0.00,Barrick Gold Corp (CFD); USD
GS.US,CFDs\Shares\Shares USA\GS.US,2,0.01000000,4,2,1.00,USD,USD,0,-8.0000,-8.0000,5,5,1.0000,10000.00,1.0000,0.000000,0.01000000,0,0.00,Goldman Sachs Group Inc (CFD); USD
HON.US,CFDs\Shares\Shares USA\HON.US,2,0.01000000,4,2,1.00,USD,USD,0,-8.0000,-8.0000,5,5,1.0000,10000.00,1.0000,0.000000,0.01000000,0,0.00,Honeywell International Inc (CFD); USD
HPQ.US,CFDs\Shares\Shares USA\HPQ.US,2,0.01000000,4,2,1.00,USD,USD,0,-8.0000,-8.0000,5,5,1.0000,10000.00,0.1000,0.000000,0.01000000,0,0.00,HP Inc (CFD); USD
ILMN.US,CFDs\Shares\Shares USA\ILMN.US,2,0.01000000,4,2,1.00,USD,USD,0,-8.0000,-8.0000,5,5,1.0000,10000.00,1.0000,0.000000,0.01000000,0,0.00,Illumina Inc (CFD); USD
JD.US,CFDs\Shares\Shares USA\JD.US,2,0.01000000,4,2,1.00,USD,USD,0,-8.0000,-8.0000,5,5,1.0000,10000.00,1.0000,0.000000,0.01000000,0,0.00,JD.com Inc (CFD); USD
JPM.US,CFDs\Shares\Shares USA\JPM.US,2,0.01000000,4,2,1.00,USD,USD,0,-8.0000,-8.0000,5,5,1.0000,10000.00,1.0000,0.000000,0.01000000,0,0.00,JPMorgan Chase & Co (CFD); USD
K.US,CFDs\Shares\Shares USA\K.US,2,0.01000000,4,2,1.00,USD,USD,0,-8.0000,-8.0000,5,5,1.0000,10000.00,1.0000,0.000000,0.01000000,0,0.00,Kellogg Co (CFD); USD
KMB.US,CFDs\Shares\Shares USA\KMB.US,2,0.01000000,4,2,1.00,USD,USD,0,-8.0000,-8.0000,5,5,1.0000,10000.00,1.0000,0.000000,0.01000000,0,0.00,Kimberly-Clark Corp (CFD); USD
KO.US,CFDs\Shares\Shares USA\KO.US,2,0.01000000,4,2,1.00,USD,USD,0,-8.0000,-8.0000,5,5,1.0000,10000.00,1.0000,0.000000,0.01000000,0,0.00,Coca-Cola Co (CFD); USD
LCID.US,CFDs\Shares\Shares USA\LCID.US,2,0.01000000,4,2,1.00,USD,USD,0,-8.0000,-8.0000,5,5,1.0000,10000.00,0.1000,0.000000,0.01000000,0,0.00,LCID; Lucid Group Inc.(CFD); Nasdaq; USD
LLY.US,CFDs\Shares\Shares USA\LLY.US,2,0.01000000,4,2,1.00,USD,USD,0,-8.0000,-8.0000,5,5,1.0000,10000.00,1.0000,0.000000,0.01000000,0,0.00,Eli Lilly and Co (CFD); USD
LNT.US,CFDs\Shares\Shares USA\LNT.US,2,0.01000000,4,2,1.00,USD,USD,0,-8.0000,-8.0000,5,5,1.0000,10000.00,0.1000,0.000000,0.01000000,0,0.00,Alliant Energy Corp (CFD); USD
LOW.US,CFDs\Shares\Shares USA\LOW.US,2,0.01000000,4,2,1.00,USD,USD,0,-8.0000,-8.0000,5,5,1.0000,10000.00,1.0000,0.000000,0.01000000,0,0.00,Lowe's Companies Inc (CFD); USD
MDT.US,CFDs\Shares\Shares USA\MDT.US,2,0.01000000,4,2,1.00,USD,USD,0,-8.0000,-8.0000,5,5,1.0000,10000.00,1.0000,0.000000,0.01000000,0,0.00,Medtronic Plc (CFD); USD
META.US,CFDs\Shares\Shares USA\META.US,2,0.01000000,4,2,1.00,USD,USD,0,-8.0000,-8.0000,5,5,1.0000,10000.00,1.0000,0.000000,0.01000000,40,0.00,Meta Platforms Inc (CFD); USD
MO.US,CFDs\Shares\Shares USA\MO.US,2,0.01000000,4,2,1.00,USD,USD,0,-8.0000,-8.0000,5,5,1.0000,10000.00,1.0000,0.000000,0.01000000,0,0.00,Altria Group Inc (CFD); USD
MPLX.US,CFDs\Shares\Shares USA\MPLX.US,2,0.01000000,4,2,1.00,USD,USD,0,-8.0000,-8.0000,5,5,1.0000,10000.00,1.0000,0.000000,0.01000000,0,0.00,MPLX LP (CFD); USD
MPW.US,CFDs\Shares\Shares USA\MPW.US,2,0.01000000,3,2,1.00,USD,USD,0,-8.0000,-8.0000,5,5,1.0000,1000000.00,0.1000,0.000000,0.01000000,0,0.00,Medical Properties Trust Inc. (CFD); USD
MRK.US,CFDs\Shares\Shares USA\MRK.US,2,0.01000000,4,2,1.00,USD,USD,0,-8.0000,-8.0000,5,5,1.0000,10000.00,1.0000,0.000000,0.01000000,0,0.00,Merck & Co Inc (CFD); USD
MRNA.US,CFDs\Shares\Shares USA\MRNA.US,2,0.01000000,4,2,1.00,USD,USD,0,-8.0000,-8.0000,5,5,1.0000,10000.00,1.0000,0.000000,0.01000000,0,0.00,Moderna Inc (CFD); USD
MS.US,CFDs\Shares\Shares USA\MS.US,2,0.01000000,4,2,1.00,USD,USD,0,-8.0000,-8.0000,5,5,1.0000,100000.00,1.0000,0.000000,0.01000000,0,0.00,Morgan Stanley (CFD); USD
MSFT.US,CFDs\Shares\Shares USA\MSFT.US,2,0.01000000,4,2,1.00,USD,USD,0,-8.0000,-8.0000,5,5,1.0000,10000.00,1.0000,0.000000,0.01000000,0,0.00,Microsoft Corp (CFD); USD
NCLH.US,CFDs\Shares\Shares USA\NCLH.US,2,0.01000000,4,2,1.00,USD,USD,0,-8.0000,-8.0000,5,5,1.0000,10000.00,0.1000,0.000000,0.01000000,0,0.00,Norwegian Cruise Line Holdings Ltd (CFD); USD
NFLX.US,CFDs\Shares\Shares USA\NFLX.US,2,0.01000000,4,2,1.00,USD,USD,0,-8.0000,-8.0000,5,5,1.0000,10000.00,1.0000,0.000000,0.01000000,0,0.00,Netflix Inc (CFD); USD
NIO.US,CFDs\Shares\Shares USA\NIO.US,2,0.01000000,4,2,1.00,USD,USD,0,-8.0000,-8.0000,5,5,1.0000,10000.00,1.0000,0.000000,0.01000000,0,0.00,Nio Inc - ADR (CFD); USD
NKE.US,CFDs\Shares\Shares USA\NKE.US,2,0.01000000,4,2,1.00,USD,USD,0,-8.0000,-8.0000,5,5,1.0000,10000.00,1.0000,0.000000,0.01000000,0,0.00,Nike Inc Class B (CFD); USD
NVO.US,CFDs\Shares\Shares USA\NVO.US,2,0.01000000,4,2,1.00,USD,USD,0,-8.0000,-8.0000,5,5,1.0000,10000.00,1.0000,0.000000,0.01000000,0,0.00,Novo Nordisk A/S - ADR (CFD); USD
OKE.US,CFDs\Shares\Shares USA\OKE.US,2,0.01000000,4,2,1.00,USD,USD,0,-8.0000,-8.0000,5,5,1.0000,10000.00,0.1000,0.000000,0.01000000,0,0.00,ONEOK Inc (CFD); USD
ORCL.US,CFDs\Shares\Shares USA\ORCL.US,2,0.01000000,4,2,1.00,USD,USD,0,-8.0000,-8.0000,5,5,1.0000,10000.00,1.0000,0.000000,0.01000000,0,0.00,Oracle Corp (CFD); USD
PBR.US,CFDs\Shares\Shares USA\PBR.US,2,0.01000000,4,2,1.00,USD,USD,0,-8.0000,-8.0000,5,5,1.0000,10000.00,1.0000,0.000000,0.01000000,0,0.00,Petroleo Brasileiro SA Petrobras (CFD); USD
PDD.US,CFDs\Shares\Shares USA\PDD.US,2,0.01000000,4,2,1.00,USD,USD,0,-8.0000,-8.0000,5,5,1.0000,100000.00,1.0000,0.000000,0.01000000,0,0.00,Pinduoduo Inc (CFD); USD
PEP.US,CFDs\Shares\Shares USA\PEP.US,2,0.01000000,4,2,1.00,USD,USD,0,-8.0000,-8.0000,5,5,1.0000,10000.00,1.0000,0.000000,0.01000000,0,0.00,PepsiCo Inc (CFD); USD
PFE.US,CFDs\Shares\Shares USA\PFE.US,2,0.01000000,4,2,1.00,USD,USD,0,-8.0000,-8.0000,5,5,1.0000,10000.00,1.0000,0.000000,0.01000000,0,0.00,Pfizer Inc (CFD); USD
PG.US,CFDs\Shares\Shares USA\PG.US,2,0.01000000,4,2,1.00,USD,USD,0,-8.0000,-8.0000,5,5,1.0000,10000.00,1.0000,0.000000,0.01000000,0,0.00,Procter & Gamble Co (CFD); USD
PLD.US,CFDs\Shares\Shares USA\PLD.US,2,0.01000000,4,2,1.00,USD,USD,0,-8.0000,-8.0000,5,5,1.0000,10000.00,1.0000,0.000000,0.01000000,0,0.00,Prologis Inc (CFD); USD
PLTR.US,CFDs\Shares\Shares USA\PLTR.US,2,0.01000000,4,2,1.00,USD,USD,0,-8.0000,-8.0000,5,5,1.0000,10000.00,1.0000,0.000000,0.01000000,0,0.00,Palantir Technologies Inc. (CFD); NYSE; USD
PM.US,CFDs\Shares\Shares USA\PM.US,2,0.01000000,4,2,1.00,USD,USD,0,-8.0000,-8.0000,5,5,1.0000,10000.00,1.0000,0.000000,0.01000000,0,0.00,Philip Morris International Inc (CFD); USD
PNC.US,CFDs\Shares\Shares USA\PNC.US,2,0.01000000,4,2,1.00,USD,USD,0,-8.0000,-8.0000,5,5,1.0000,10000.00,1.0000,0.000000,0.01000000,0,0.00,PNC Financial Services Group Inc (CFD); USD
QCOM.US,CFDs\Shares\Shares USA\QCOM.US,2,0.01000000,4,2,1.00,USD,USD,0,-8.0000,-8.0000,5,5,1.0000,10000.00,1.0000,0.000000,0.01000000,0,0.00,Qualcomm Inc (CFD); USD
RACE.US,CFDs\Shares\Shares USA\RACE.US,2,0.01000000,4,2,1.00,USD,USD,0,-8.0000,-8.0000,5,5,1.0000,10000.00,0.1000,0.000000,0.01000000,0,0.00,Ferrari NV (USD) (CFD); USD
ROKU.US,CFDs\Shares\Shares USA\ROKU.US,2,0.01000000,4,2,1.00,USD,USD,0,-8.0000,-8.0000,5,5,1.0000,10000.00,1.0000,0.000000,0.01000000,0,0.00,Roku Inc (CFD); USD
SAP.US,CFDs\Shares\Shares USA\SAP.US,2,0.01000000,4,2,1.00,USD,USD,0,-8.0000,-8.0000,5,5,1.0000,10000.00,0.1000,0.000000,0.01000000,0,0.00,SAP SE - ADR (USD) (CFD); USD
SBUX.US,CFDs\Shares\Shares USA\SBUX.US,2,0.01000000,4,2,1.00,USD,USD,0,-8.0000,-8.0000,5,5,1.0000,10000.00,1.0000,0.000000,0.01000000,0,0.00,Starbucks Corp (CFD); USD
SHOP.US,CFDs\Shares\Shares USA\SHOP.US,2,0.01000000,4,2,1.00,USD,USD,0,-8.0000,-8.0000,5,5,1.0000,10000.00,1.0000,0.000000,0.01000000,0,0.00,Shopify Inc (CFD); USD
SNOW.US,CFDs\Shares\Shares USA\SNOW.US,2,0.01000000,4,2,1.00,USD,USD,0,-8.0000,-8.0000,5,5,1.0000,10000.00,1.0000,0.000000,0.01000000,0,0.00,Snowflake Inc. (CFD); NYSE; USD
SNPS.US,CFDs\Shares\Shares USA\SNPS.US,2,0.01000000,4,2,1.00,USD,USD,0,-8.0000,-8.0000,5,5,1.0000,10000.00,1.0000,0.000000,0.01000000,0,0.00,Synopsys Inc (CFD); USD
SPWR.US,CFDs\Shares\Shares USA\SPWR.US,2,0.01000000,0,2,1.00,USD,USD,0,-8.0000,-8.0000,5,5,1.0000,10000.00,0.1000,0.000000,0.01000000,0,0.00,SunPower Corp (CFD); USD
TD.US,CFDs\Shares\Shares USA\TD.US,2,0.01000000,4,2,1.00,USD,USD,0,-8.0000,-8.0000,5,5,1.0000,10000.00,1.0000,0.000000,0.01000000,0,0.00,Toronto-Dominion Bank (CFD); USD
TEVA.US,CFDs\Shares\Shares USA\TEVA.US,2,0.01000000,4,2,1.00,USD,USD,0,-8.0000,-8.0000,5,5,1.0000,10000.00,0.1000,0.000000,0.01000000,0,0.00,Teva Pharmaceutical Industries Ltd (CFD); USD
TGT.US,CFDs\Shares\Shares USA\TGT.US,2,0.01000000,4,2,1.00,USD,USD,0,-8.0000,-8.0000,5,5,1.0000,10000.00,1.0000,0.000000,0.01000000,0,0.00,Target Corp (CFD); USD
TMUS.US,CFDs\Shares\Shares USA\TMUS.US,2,0.01000000,4,2,1.00,USD,USD,0,-8.0000,-8.0000,5,5,1.0000,10000.00,1.0000,0.000000,0.01000000,0,0.00,T-Mobile US Inc (CFD); USD
TSCO.US,CFDs\Shares\Shares USA\TSCO.US,2,0.01000000,4,2,1.00,USD,USD,0,-8.0000,-8.0000,5,5,1.0000,10000.00,0.1000,0.000000,0.01000000,0,0.00,Tractor Supply Co (CFD); USD
TSM.US,CFDs\Shares\Shares USA\TSM.US,2,0.01000000,4,2,1.00,USD,USD,0,-8.0000,-8.0000,5,5,1.0000,10000.00,1.0000,0.000000,0.01000000,0,0.00,Taiwan Semiconductor Manufacturing Co Ltd - ADR (CFD); USD
TSN.US,CFDs\Shares\Shares USA\TSN.US,2,0.01000000,4,2,1.00,USD,USD,0,-8.0000,-8.0000,5,5,1.0000,10000.00,1.0000,0.000000,0.01000000,0,0.00,Tyson Foods Inc (CFD); USD
TTWO.US,CFDs\Shares\Shares USA\TTWO.US,2,0.01000000,4,2,1.00,USD,USD,0,-8.0000,-8.0000,5,5,1.0000,10000.00,1.0000,0.000000,0.01000000,0,0.00,Take-Two Interactive Software Inc (CFD); USD
TWLO.US,CFDs\Shares\Shares USA\TWLO.US,2,0.01000000,4,2,1.00,USD,USD,0,-8.0000,-8.0000,5,5,1.0000,10000.00,1.0000,0.000000,0.01000000,0,0.00,Twilio Inc (CFD); USD
TXN.US,CFDs\Shares\Shares USA\TXN.US,2,0.01000000,4,2,1.00,USD,USD,0,-8.0000,-8.0000,5,5,1.0000,10000.00,1.0000,0.000000,0.01000000,0,0.00,Texas Instruments Inc (CFD); USD
UAL.US,CFDs\Shares\Shares USA\UAL.US,2,0.01000000,4,2,1.00,USD,USD,0,-8.0000,-8.0000,5,5,1.0000,10000.00,1.0000,0.000000,0.01000000,0,0.00,United Airlines Holdings Inc (CFD); USD
UBER.US,CFDs\Shares\Shares USA\UBER.US,2,0.01000000,4,2,1.00,USD,USD,0,-8.0000,-8.0000,5,5,1.0000,10000.00,1.0000,0.000000,0.01000000,0,0.00,Uber Technologies Inc (CFD); USD
UPS.US,CFDs\Shares\Shares USA\UPS.US,2,0.01000000,4,2,1.00,USD,USD,0,-8.0000,-8.0000,5,5,1.0000,10000.00,1.0000,0.000000,0.01000000,0,0.00,United Parcel Service Inc (CFD); USD
V.US,CFDs\Shares\Shares USA\V.US,2,0.01000000,4,2,1.00,USD,USD,0,-8.0000,-8.0000,5,5,1.0000,10000.00,1.0000,0.000000,0.01000000,0,0.00,Visa Inc (CFD); USD
VIPS.US,CFDs\Shares\Shares USA\VIPS.US,2,0.01000000,4,2,1.00,USD,USD,0,-8.0000,-8.0000,5,5,1.0000,10000.00,1.0000,0.000000,0.01000000,0,0.00,Vipshop Holdings Ltd (CFD); USD
W.US,CFDs\Shares\Shares USA\W.US,2,0.01000000,4,2,1.00,USD,USD,0,-8.0000,-8.0000,5,5,1.0000,10000.00,1.0000,0.000000,0.01000000,0,0.00,Wayfair Inc (CFD); USD
WBA.US,CFDs\Shares\Shares USA\WBA.US,2,0.01000000,4,2,1.00,USD,USD,0,-8.0000,-8.0000,5,5,1.0000,10000.00,1.0000,0.000000,0.01000000,0,0.00,Walgreens Boots Alliance Inc (CFD); USD
WDC.US,CFDs\Shares\Shares USA\WDC.US,2,0.01000000,4,2,1.00,USD,USD,0,-8.0000,-8.0000,5,5,1.0000,10000.00,1.0000,0.000000,0.01000000,0,0.00,Western Digital Corp (CFD); USD
WFC.US,CFDs\Shares\Shares USA\WFC.US,2,0.01000000,4,2,1.00,USD,USD,0,-8.0000,-8.0000,5,5,1.0000,10000.00,1.0000,0.000000,0.01000000,0,0.00,Wells Fargo & Co (CFD); USD
WM.US,CFDs\Shares\Shares USA\WM.US,2,0.01000000,4,2,1.00,USD,USD,0,-8.0000,-8.0000,5,5,1.0000,10000.00,1.0000,0.000000,0.01000000,0,0.00,Waste Management Inc (CFD); USD
WMT.US,CFDs\Shares\Shares USA\WMT.US,2,0.01000000,4,2,1.00,USD,USD,0,-8.0000,-8.0000,5,5,1.0000,10000.00,0.1000,0.000000,0.01000000,0,0.00,Walmart Inc (CFD); USD
X.US,CFDs\Shares\Shares USA\X.US,2,0.01000000,4,2,1.00,USD,USD,0,-8.0000,-8.0000,5,5,1.0000,10000.00,0.1000,0.000000,0.01000000,0,0.00,United States Steel Corp (CFD); USD
XOM.US,CFDs\Shares\Shares USA\XOM.US,2,0.01000000,4,2,1.00,USD,USD,0,-8.0000,-8.0000,5,5,1.0000,10000.00,1.0000,0.000000,0.01000000,0,0.00,Exxon Mobil Corp (CFD); USD
YUM.US,CFDs\Shares\Shares USA\YUM.US,2,0.01000000,4,2,1.00,USD,USD,0,-8.0000,-8.0000,5,5,1.0000,10000.00,1.0000,0.000000,0.01000000,0,0.00,Yum! Brands Inc (CFD); USD
ZM.US,CFDs\Shares\Shares USA\ZM.US,2,0.01000000,4,2,1.00,USD,USD,0,-8.0000,-8.0000,5,5,1.0000,10000.00,1.0000,0.000000,0.01000000,0,0.00,Zoom Video Communications Inc (CFD); USD
ZTO.US,CFDs\Shares\Shares USA\ZTO.US,2,0.01000000,4,2,1.00,USD,USD,0,-8.0000,-8.0000,5,5,1.0000,10000.00,1.0000,0.000000,0.01000000,0,0.00,ZTO Express (Cayman) Inc (CFD); USD
EXHO.FRA,CFDs\Shares\Shares USA\EXHO.FRA,2,0.01000000,3,2,1.00,EUR,EUR,0,-8.0000,-8.0000,5,5,1.0000,10000.00,1.0000,0.000000,0.01000000,0,0.00,Sodexo SA (CFD); EUR
ALLFG.NDL,CFDs\Shares\Shares EU\Shares Netherlands\ALLFG.NDL,2,0.01000000,0,2,1.00,EUR,EUR,0,-8.0000,-8.0000,5,5,1.0000,20000.00,1.0000,0.000000,0.01000000,0,0.00,ALLFUNDS GROUP PLC (CFD); EUR
GER40_Z5,Index Futures\GER40_Z5,2,0.01000000,4,2,25.00,EUR,EUR,0,0.0000,0.0000,1,3,0.1000,100.00,0.1000,0.000000,0.01000000,0,0.00,Germany 40 Index 2025 | Expiration Date: 17/12/2025 
US100_Z5,Index Futures\US100_Z5,2,0.01000000,4,2,20.00,USD,USD,0,0.0000,0.0000,1,3,0.0100,100.00,0.0100,0.000000,0.01000000,0,0.00,US Tech 100 2025 |  Expiration Date: 17/12/2025
US30_Z5,Index Futures\US30_Z5,2,0.01000000,4,2,5.00,USD,USD,0,0.0000,0.0000,1,3,0.1000,100.00,0.1000,0.000000,0.01000000,0,0.00,US Wall Street 30 2025 |  Expiration Date: 17/12/2025
US500_Z5,Index Futures\US500_Z5,2,0.01000000,4,2,50.00,USD,USD,0,0.0000,0.0000,1,3,0.1000,100.00,0.1000,0.000000,0.01000000,0,0.00,US SPX 500 2025 |  Expiration Date: 17/12/2025 
BTCUSD,Crypto\BTCUSD,2,0.01000000,4,0,1.00,BTC,USD,0,-17.0000,-7.0000,5,7,0.0100,100000.00,0.0100,0.000000,0.01000000,20,0.00,Bitcoin vs US Dollar
BCHUSD,Crypto\BCHUSD,2,0.01000000,4,0,1.00,BCH,USD,0,-17.0000,-7.0000,5,7,0.0100,100000.00,0.0100,0.000000,0.01000000,20,0.00,Bitcoin Cash US Dollar
ETHUSD,Crypto\ETHUSD,2,0.01000000,4,0,1.00,ETH,USD,0,-17.0000,-7.0000,5,7,0.0100,100000.00,0.0100,0.000000,0.01000000,20,0.00,Ethereum vs US Dollar
LTCUSD,Crypto\LTCUSD,2,0.01000000,4,0,1.00,LTC,USD,0,-17.0000,-7.0000,5,7,0.0100,100000.00,0.0100,0.000000,0.01000000,20,0.00,Litecoin vs US Dollar
XRPUSD,Crypto\XRPUSD,5,0.00001000,4,0,1.00,XRP,USD,0,-17.0000,-7.0000,5,7,0.0100,100000.00,0.0100,0.000000,0.00001000,20,0.00,Ripple vs US Dollar
ADAUSD,Crypto\ADAUSD,5,0.00001000,4,0,1.00,ADA,USD,0,-17.0000,-7.0000,5,7,0.0100,100000.00,0.0100,0.000000,0.00001000,20,0.00,Cardano vs US Dollar
SOLUSD,Crypto\SOLUSD,2,0.01000000,4,0,1.00,SOL,USD,0,-17.0000,-7.0000,5,7,0.0100,100000.00,0.0100,0.000000,0.01000000,20,0.00,Solana vs US Dollar
DOTUSD,Crypto\DOTUSD,2,0.01000000,4,0,1.00,DOT,USD,0,-17.0000,-7.0000,5,7,0.0100,100000.00,0.0100,0.000000,0.01000000,20,0.00,Polkadot vs US Dollar
BTCEUR,Crypto\BTCEUR,2,0.01000000,4,0,1.00,BTC,EUR,0,-17.0000,-7.0000,5,7,0.0100,100000.00,0.0100,0.000000,0.01000000,20,0.00,Bitcoin vs EUR
ETHEUR,Crypto\ETHEUR,2,0.01000000,4,0,1.00,ETH,EUR,0,-17.0000,-7.0000,5,7,0.0100,100000.00,0.0100,0.000000,0.01000000,20,0.00,Etherium vs EUR 
BABA,Investment Products\Shares\USA-Canada\USA\NYSE\BABA,2,0.01000000,3,32,1.00,USD,USD,0,0.0000,0.0000,1,5,1.0000,100000.00,1.0000,0.000000,0.01000000,0,0.00,Alibaba Group Holding Ltd; NYSE; USD
EZJ,Investment Products\Shares\United Kingdom\LSE\EZJ,2,0.01000000,0,32,1.00,GBP,GBX,0,0.0000,0.0000,1,5,1.0000,100000.00,1.0000,0.000000,0.01000000,0,0.00,Easy Jet Plc; LSE; GBX
GENL,Investment Products\Shares\United Kingdom\LSE\GENL,2,0.01000000,0,32,1.00,GBP,GBX,0,0.0000,0.0000,1,5,1.0000,100000.00,1.0000,0.000000,0.01000000,0,0.00,Genel Energy Plc; LSE; GBX
VOD,Investment Products\Shares\United Kingdom\LSE\VOD,2,0.01000000,0,32,1.00,GBP,GBX,0,0.0000,0.0000,1,5,1.0000,100000.00,1.0000,0.000000,0.01000000,0,0.00,Vodafone Group Plc; LSE; GBX
BBD,Investment Products\Shares\USA-Canada\USA\NYSE\BBD,2,0.01000000,3,32,1.00,USD,USD,0,0.0000,0.0000,1,7,1.0000,100000.00,1.0000,0.000000,0.01000000,0,0.00,Banco Bradesco SA - ADR; NYSE; USD
BHP.NYSE,Investment Products\Shares\USA-Canada\USA\NYSE\BHP.NYSE,2,0.01000000,4,32,1.00,USD,USD,0,0.0000,0.0000,1,7,1.0000,100000.00,1.0000,0.000000,0.01000000,0,0.00,BHP Group Ltd ; NYSE; USD
BTBT,Investment Products\Shares\USA-Canada\USA\NYSE\BTBT,2,0.01000000,3,32,1.00,USD,USD,0,-8.0000,-8.0000,5,5,1.0000,100000.00,1.0000,0.000000,0.01000000,0,0.00,Bit Digital; Inc.; NYSE; USD
CGC,Investment Products\Shares\USA-Canada\USA\NYSE\CGC,2,0.01000000,0,32,1.00,USD,USD,0,0.0000,0.0000,1,5,1.0000,100000.00,1.0000,0.000000,0.01000000,0,0.00,Canopy Growth Corp; NYSE; USD
CVS,Investment Products\Shares\USA-Canada\USA\NYSE\CVS,2,0.01000000,3,32,1.00,USD,USD,0,0.0000,0.0000,1,5,1.0000,100000.00,1.0000,0.000000,0.01000000,0,0.00,CVS Health Corp; NYSE; USD
EFXT,Investment Products\Shares\USA-Canada\USA\NYSE\EFXT,2,0.01000000,0,32,1.00,USD,USD,0,0.0000,0.0000,1,7,1.0000,100000.00,1.0000,0.000000,0.01000000,0,0.00,Enerflex Ltd; NYSE; USD
GE,Investment Products\Shares\USA-Canada\USA\NYSE\GE,2,0.01000000,3,32,1.00,USD,USD,0,0.0000,0.0000,1,5,1.0000,100000.00,1.0000,0.000000,0.01000000,0,0.00,General Electric Co; NYSE; USD
GEV,Investment Products\Shares\USA-Canada\USA\NYSE\GEV,2,0.01000000,3,32,1.00,USD,USD,0,0.0000,0.0000,1,7,1.0000,100000.00,1.0000,0.000000,0.01000000,0,0.00,GE VERNOVA LLC; NYSE; USD
ITUB,Investment Products\Shares\USA-Canada\USA\NYSE\ITUB,2,0.01000000,3,32,1.00,USD,USD,0,0.0000,0.0000,1,7,1.0000,100000.00,1.0000,0.000000,0.01000000,0,0.00,Itau Unibanco Holding SA; NYSE; USD
NIO,Investment Products\Shares\USA-Canada\USA\NYSE\NIO,2,0.01000000,3,32,1.00,USD,USD,0,0.0000,0.0000,1,7,1.0000,100000.00,1.0000,0.000000,0.01000000,0,0.00,Nio Inc - ADR; NYSE; USD
PBR,Investment Products\Shares\USA-Canada\USA\NYSE\PBR,2,0.01000000,3,32,1.00,USD,USD,0,0.0000,0.0000,1,7,1.0000,100000.00,1.0000,0.000000,0.01000000,0,0.00,Petroleo Brasileiro SA Petrobras; NYSE; USD
PFE,Investment Products\Shares\USA-Canada\USA\NYSE\PFE,2,0.01000000,3,32,1.00,USD,USD,0,0.0000,0.0000,1,5,1.0000,100000.00,1.0000,0.000000,0.01000000,0,0.00,Pfizer Inc.; NYSE; USD
TEVA,Investment Products\Shares\USA-Canada\USA\NYSE\TEVA,2,0.01000000,3,32,1.00,USD,USD,0,0.0000,0.0000,1,5,1.0000,100000.00,1.0000,0.000000,0.01000000,0,0.00,Teva Pharmaceutical Industries Ltd; NYSE; USD
WPM,Investment Products\Shares\USA-Canada\USA\NYSE\WPM,2,0.01000000,3,32,1.00,USD,USD,0,0.0000,0.0000,1,7,1.0000,100000.00,1.0000,0.000000,0.01000000,0,0.00,Wheaton Precious Metals Corp; NYSE; USD
AAPL,Investment Products\Shares\USA-Canada\USA\Nasdaq\AAPL,2,0.01000000,3,32,1.00,USD,USD,0,0.0000,0.0000,1,5,1.0000,100000.00,1.0000,0.000000,0.01000000,0,0.00,Apple Inc.; Nasdaq; USD
AFMD,Investment Products\Shares\USA-Canada\USA\Nasdaq\AFMD,2,0.01000000,0,32,1.00,USD,USD,0,0.0000,0.0000,1,7,1.0000,100000.00,1.0000,0.000000,0.01000000,0,0.00,Affimed NV; Nasdaq; USD
AMZN,Investment Products\Shares\USA-Canada\USA\Nasdaq\AMZN,2,0.01000000,3,32,1.00,USD,USD,0,0.0000,0.0000,1,5,1.0000,100000.00,1.0000,0.000000,0.01000000,0,0.00,Amazon.com Inc.; Nasdaq; USD
ARWR,Investment Products\Shares\USA-Canada\USA\Nasdaq\ARWR,2,0.01000000,0,32,1.00,USD,USD,0,0.0000,0.0000,1,7,1.0000,10000.00,1.0000,0.000000,0.01000000,0,0.00,Arrowhead Pharmaceuticals Inc.; Nasdaq; USD
CGEN,Investment Products\Shares\USA-Canada\USA\Nasdaq\CGEN,2,0.01000000,0,32,1.00,USD,USD,0,0.0000,0.0000,1,7,1.0000,100000.00,1.0000,0.000000,0.01000000,0,0.00,Compugen Ltd; Nasdaq; USD
FATE,Investment Products\Shares\USA-Canada\USA\Nasdaq\FATE,2,0.01000000,0,32,1.00,USD,USD,0,0.0000,0.0000,1,7,1.0000,10000.00,1.0000,0.000000,0.01000000,0,0.00,Fate Therapeutics Inc.; Nasdaq; USD
GOOG,Investment Products\Shares\USA-Canada\USA\Nasdaq\GOOG,2,0.01000000,3,32,1.00,USD,USD,0,0.0000,0.0000,1,5,1.0000,100000.00,1.0000,0.000000,0.01000000,0,0.00,Alphabet Inc.C; Nasdaq; USD
INO,Investment Products\Shares\USA-Canada\USA\Nasdaq\INO,2,0.01000000,0,32,1.00,USD,USD,0,0.0000,0.0000,1,7,1.0000,100000.00,1.0000,0.000000,0.01000000,0,0.00,Inovio Pharmaceuticals Inc; Nasdaq; USD
JBLU,Investment Products\Shares\USA-Canada\USA\Nasdaq\JBLU,2,0.01000000,0,32,1.00,USD,USD,0,0.0000,0.0000,1,5,1.0000,100000.00,1.0000,0.000000,0.01000000,0,0.00,JetBlue Airways Corp; Nasdaq; USD
LCID,Investment Products\Shares\USA-Canada\USA\Nasdaq\LCID,2,0.01000000,3,32,1.00,USD,USD,0,0.0000,0.0000,1,7,1.0000,100000.00,1.0000,0.000000,0.01000000,0,0.00,Lucid Group Inc; Nasdaq; USD
META,Investment Products\Shares\USA-Canada\USA\Nasdaq\META,2,0.01000000,3,32,1.00,USD,USD,0,0.0000,0.0000,1,5,1.0000,100000.00,1.0000,0.000000,0.01000000,0,0.00,Meta Platforms Inc.; Nasdaq; USD
MSFT,Investment Products\Shares\USA-Canada\USA\Nasdaq\MSFT,2,0.01000000,3,32,1.00,USD,USD,15,0.0000,0.0000,1,5,1.0000,100000.00,1.0000,0.000000,0.01000000,0,0.00,Microsoft Corp; Nasdaq; USD
NCNA,Investment Products\Shares\USA-Canada\USA\Nasdaq\NCNA,2,0.01000000,0,32,1.00,USD,USD,0,0.0000,0.0000,1,7,1.0000,100000.00,1.0000,0.000000,0.01000000,0,0.00,NuCana PLC; Nasdaq; USD
NVDA,Investment Products\Shares\USA-Canada\USA\Nasdaq\NVDA,2,0.01000000,3,32,1.00,USD,USD,3,0.0000,0.0000,1,5,1.0000,100000.00,1.0000,0.000000,0.01000000,0,0.00,NVIDIA Corp; Nasdaq; USD
PGEN,Investment Products\Shares\USA-Canada\USA\Nasdaq\PGEN,2,0.01000000,0,32,1.00,USD,USD,0,0.0000,0.0000,1,7,1.0000,100000.00,1.0000,0.000000,0.01000000,0,0.00,Precigen Inc.; Nasdaq; USD
QURE,Investment Products\Shares\USA-Canada\USA\Nasdaq\QURE,2,0.01000000,0,32,1.00,USD,USD,0,0.0000,0.0000,1,5,1.0000,100000.00,1.0000,0.000000,0.01000000,0,0.00,Uniqure NV; Nasdaq; USD
RDHL,Investment Products\Shares\USA-Canada\USA\Nasdaq\RDHL,2,0.01000000,0,32,1.00,USD,USD,0,0.0000,0.0000,1,7,1.0000,100000.00,1.0000,0.000000,0.01000000,0,0.00,Redhill Biopharma Ltd ADR; Nasdaq; USD
RIGL,Investment Products\Shares\USA-Canada\USA\Nasdaq\RIGL,2,0.01000000,0,32,1.00,USD,USD,0,0.0000,0.0000,1,5,1.0000,10000.00,1.0000,0.000000,0.01000000,0,0.00,Rigel Pharmaceuticals Inc.; Nasdaq; USD
TRAW,Investment Products\Shares\USA-Canada\USA\Nasdaq\TRAW,2,0.01000000,0,32,1.00,USD,USD,0,0.0000,0.0000,1,7,1.0000,100000.00,1.0000,0.000000,0.01000000,0,0.00,Traws Pharma Inc; Nasdaq; USD
TSLA,Investment Products\Shares\USA-Canada\USA\Nasdaq\TSLA,2,0.01000000,3,32,1.00,USD,USD,0,0.0000,0.0000,1,5,1.0000,100000.00,1.0000,0.000000,0.01000000,0,0.00,Tesla Inc.; Nasdaq; USD
VXRT,Investment Products\Shares\USA-Canada\USA\Nasdaq\VXRT,2,0.01000000,0,32,1.00,USD,USD,0,0.0000,0.0000,1,7,1.0000,10000.00,1.0000,0.000000,0.01000000,0,0.00,Vaxart Inc.; Nasdaq; USD
AIRF,Investment Products\Shares\Europe\France\AIRF,2,0.01000000,0,32,1.00,EUR,EUR,0,0.0000,0.0000,1,5,1.0000,100000.00,1.0000,0.000000,0.01000000,0,0.00,Air France KLM SA; EPA; EUR
LHA,Investment Products\Shares\Europe\Germany\LHA,2,0.01000000,0,32,1.00,EUR,EUR,0,0.0000,0.0000,1,5,1.0000,100000.00,1.0000,0.000000,0.01000000,0,0.00,Deutsche Lufthansa AG; Xetra; EUR
ENEL,Investment Products\Shares\Europe\Italy\ENEL,3,0.00100000,0,32,1.00,EUR,EUR,0,0.0000,0.0000,1,5,1.0000,100000.00,1.0000,0.000000,0.00100000,0,0.00,Enel SpA; MIL; EUR
PHM.BME,Investment Products\Shares\Europe\Spain\PHM.BME,2,0.01000000,0,32,1.00,EUR,EUR,0,0.0000,0.0000,1,5,1.0000,100000.00,1.0000,0.000000,0.01000000,0,0.00,Pharma Mar SA; BME; EUR
ALID,Investment Products\OTC\ALID,2,0.01000000,0,32,1.00,USD,USD,0,0.0000,0.0000,1,7,1.0000,100000.00,1.0000,0.000000,0.01000000,0,0.00,Allied Corp; OTC; USD
PRTP,Investment Products\Shares\Europe\France\PRTP,2,0.01000000,0,32,1.00,EUR,EUR,0,0.0000,0.0000,1,7,1.0000,100000.00,1.0000,0.000000,0.01000000,0,0.00,Kering SA; EPA; EUR
PLTR,Investment Products\Shares\USA-Canada\USA\NYSE\PLTR,2,0.01000000,3,32,1.00,USD,USD,0,0.0000,0.0000,1,5,1.0000,100000.00,1.0000,0.000000,0.01000000,0,0.00,Palantir Technologies Inc.; NYSE; USD
