i_decision,i_fill_m1,i_exit_m1,i_exit_m5,q,scenario,level,stop,target,r_est,lots,fill_px,exit_px,exit_reason,ctx_ema,ctx_vwap,ctx_dxy,extension_vwap,retest,risk_amount,equity_before,equity_after,atr,spread,bars_held,scenario_name,exit_reason_name,m5_close,ts_decision_utc,ts_fill_utc,ts_exit_utc
1024.0,5103.0,5190.0,1042.0,-1.0,4.0,2060.0,2065.3836115492236,2050.0,1.3207894194713656,0.03,2058.755,2050.0,2.0,-1.0,-1.0,-1.0,1.0,0.0,19.885834647670432,10000.0,10026.265,3.897223098447067,0.29,18.0,REV_SHORT,TARGET,2058.9,2024-01-05 15:15:00,2024-01-05 15:20:00,2024-01-05 16:47:00
1155.0,5753.0,5779.0,1161.0,1.0,3.0,2040.0,2039.0158311451748,2050.0,6.04488729417088,0.16,2040.575,2039.0158311451748,1.0,-1.0,-1.0,-1.0,0.0,1.0,24.946701677203237,10026.265,10001.318298322796,1.0483377096500546,0.29,6.0,REV_LONG,STOP,2040.43,2024-01-08 03:10:00,2024-01-08 03:15:00,2024-01-08 03:41:00
1209.0,6023.0,6051.0,1215.0,1.0,3.0,2030.0,2028.336402042317,2040.0,3.362510049114208,0.18,2031.01,2028.336402042317,1.0,-1.0,-1.0,1.0,1.0,1.0,48.12476323829196,10001.318298322796,9953.193535084505,1.4171959153661322,0.29,6.0,REV_LONG,STOP,2030.865,2024-01-08 07:40:00,2024-01-08 07:45:00,2024-01-08 08:13:00
1236.0,6158.0,6236.0,1252.0,-1.0,4.0,2030.0,2032.575867829035,2020.0,2.4876119772811567,0.13,2028.97,2020.0,2.0,1.0,1.0,1.0,1.0,1.0,46.876281777453414,9953.193535084505,10069.803535084506,1.5017356580698216,0.29,16.0,REV_SHORT,TARGET,2029.115,2024-01-08 09:55:00,2024-01-08 10:00:00,2024-01-08 11:18:00
2386.0,11888.0,11930.0,2395.0,1.0,1.0,2050.0,2047.672718157358,2060.0,1.1790114379179069,0.04,2053.33,2060.0,2.0,1.0,1.0,-1.0,0.0,0.0,22.629127370567403,10069.803535084506,10096.483535084506,2.3272818426418103,0.29,9.0,BREAK_LONG,TARGET,2053.185,2024-01-12 13:45:00,2024-01-12 13:50:00,2024-01-12 14:32:00
2398.0,11948.0,12070.0,2423.0,-1.0,4.0,2060.0,2062.6967651117525,2050.0,2.776815062826845,0.07,2059.335,2050.0,2.0,-1.0,-1.0,-1.0,1.0,1.0,23.532355782267132,10096.483535084506,10161.828535084507,2.4035302235047915,0.29,25.0,REV_SHORT,TARGET,2059.48,2024-01-12 14:45:00,2024-01-12 14:50:00,2024-01-12 16:52:00
2865.0,14273.0,14359.0,2883.0,-1.0,4.0,2050.0,2051.150996212828,2040.0,5.073539877107028,0.27,2049.315,2040.0,2.0,-1.0,1.0,1.0,0.0,0.0,49.5718977463539,10161.828535084507,10413.333535084508,1.021992425656502,0.29,18.0,REV_SHORT,TARGET,2049.46,2024-01-16 07:40:00,2024-01-16 07:45:00,2024-01-16 09:11:00
3114.0,15513.0,15545.0,3121.0,1.0,3.0,2020.0,2018.839699876157,2030.0,4.707717187634596,0.13,2020.795,2018.839699876157,1.0,-1.0,-1.0,-1.0,1.0,0.0,25.41890160995922,10413.333535084508,10387.91463347455,1.1406002476860866,0.29,7.0,REV_LONG,STOP,2020.65,2024-01-17 05:25:00,2024-01-17 05:30:00,2024-01-17 06:02:00
3358.0,16728.0,16927.0,3398.0,-1.0,2.0,2010.0,2010.764723982673,2000.0,3.1169637996238255,0.19,2008.15,2010.764723982673,1.0,1.0,1.0,1.0,0.0,0.0,49.679755670787245,10387.91463347455,10338.234877803761,0.7647239826730414,0.29,40.0,BREAK_SHORT,STOP,2008.295,2024-01-18 02:45:00,2024-01-18 02:50:00,2024-01-18 06:09:00
3724.0,18553.0,18563.0,3727.0,1.0,1.0,2030.0,2029.1143691940763,2040.0,5.535440367222863,0.31,2030.78,2029.1143691940763,1.0,1.0,1.0,1.0,0.0,0.0,51.63455498363418,10338.234877803761,10286.600322820128,0.8856308059237461,0.29,3.0,BREAK_LONG,STOP,2030.635,2024-01-19 10:15:00,2024-01-19 10:20:00,2024-01-19 10:30:00
4110.0,20478.0,20625.0,4140.0,1.0,3.0,2020.0,2018.7326082572824,2030.0,5.5417125867895765,0.14,2020.455,2021.515,4.0,-1.0,-1.0,-1.0,1.0,1.0,24.113484398044875,10286.600322820128,10301.44032282013,0.9447834854351962,0.29,30.0,REV_LONG,SESSION,2020.31,2024-01-22 19:25:00,2024-01-22 19:30:00,2024-01-22 21:57:00
4523.0,22533.0,22570.0,4531.0,-1.0,4.0,2030.0,2032.2659341171084,2020.0,2.5907993821295463,0.15,2028.85,2032.2659341171084,1.0,-1.0,-1.0,1.0,0.0,1.0,51.23901175662695,10301.44032282013,10250.201311063503,1.1918682342166467,0.29,8.0,REV_SHORT,STOP,2028.995,2024-01-24 07:50:00,2024-01-24 07:55:00,2024-01-24 08:32:00
4893.0,24378.0,24429.0,4904.0,1.0,3.0,2020.0,2015.667427954364,2030.0,1.8910466481778176,0.05,2020.625,2015.667427954364,1.0,-1.0,1.0,-1.0,0.0,1.0,24.787860228179852,10250.201311063503,10225.413450835324,2.3651440912717363,0.29,11.0,REV_LONG,STOP,2020.48,2024-01-25 15:40:00,2024-01-25 15:45:00,2024-01-25 16:36:00
5469.0,27248.0,27399.0,5500.0,-1.0,4.0,2030.0,2031.743366637203,2020.0,4.065362160046558,0.22,2029.425,2031.743366637203,1.0,-1.0,-1.0,1.0,0.0,1.0,51.004066018468166,10225.413450835324,10174.409384816856,1.1867332744057197,0.29,31.0,REV_SHORT,STOP,2029.57,2024-01-29 17:40:00,2024-01-29 17:45:00,2024-01-29 20:16:00
6184.0,30808.0,30922.0,6207.0,1.0,3.0,2040.0,2038.4421275360558,2050.0,5.767409574161737,0.14,2040.15,2038.4421275360558,1.0,1.0,-1.0,-1.0,0.0,0.0,23.91021449522077,10174.409384816856,10150.499170321635,1.1957449278885268,0.29,23.0,REV_LONG,STOP,2040.005,2024-02-01 08:15:00,2024-02-01 08:20:00,2024-02-01 10:14:00
6710.0,33428.0,33454.0,6716.0,1.0,3.0,2030.0,2028.6823386409799,2040.0,5.278306961199087,0.14,2030.485,2028.6823386409799,1.0,-1.0,-1.0,-1.0,0.0,0.0,25.237259026280302,10150.499170321635,10125.261911295354,1.025322718040058,0.29,6.0,REV_LONG,STOP,2030.34,2024-02-05 06:05:00,2024-02-05 06:10:00,2024-02-05 06:36:00
7379.0,36763.0,37002.0,7427.0,-1.0,4.0,2040.0,2042.1570188974529,2030.0,3.957962970873099,0.1,2039.705,2035.605,3.0,-1.0,-1.0,-1.0,1.0,1.0,24.520188974529447,10125.261911295354,10166.261911295354,2.1240377949055085,0.29,48.0,REV_SHORT,TIME,2039.85,2024-02-07 15:50:00,2024-02-07 15:55:00,2024-02-07 19:54:00
7641.0,38068.0,38265.0,7681.0,-1.0,4.0,2030.0,2035.1112587205648,2020.0,1.7196823403192454,0.09,2029.555,2035.1112587205648,1.0,1.0,1.0,1.0,0.0,0.0,50.006328485082804,10166.261911295354,10116.255582810272,2.1525174411294605,0.29,40.0,REV_SHORT,STOP,2029.7,2024-02-08 14:40:00,2024-02-08 14:45:00,2024-02-08 18:02:00
8187.0,40788.0,41027.0,8235.0,-1.0,2.0,2020.0,2021.507779571741,2010.0,3.2187351540272275,0.18,2018.78,2018.245,3.0,1.0,1.0,1.0,0.0,1.0,49.100032291336895,10116.255582810272,10125.885582810273,1.5077795717409983,0.29,48.0,BREAK_SHORT,TIME,2018.925,2024-02-12 14:10:00,2024-02-12 14:15:00,2024-02-12 18:14:00
9294.0,46303.0,46341.0,9302.0,-1.0,2.0,2000.0,2001.9820199387518,1990.0,1.7096259412465986,0.11,1997.56,2001.9820199387518,1.0,1.0,1.0,1.0,0.0,0.0,48.642219326270606,10125.885582810273,10077.243363484002,1.9820199387517126,0.29,8.0,BREAK_SHORT,STOP,1997.705,2024-02-16 14:25:00,2024-02-16 14:30:00,2024-02-16 15:08:00
9841.0,49028.0,49267.0,9889.0,-1.0,4.0,2030.0,2031.4491661747495,2020.0,2.792161647312967,0.08,2028.43,2028.7649999999999,3.0,-1.0,-1.0,-1.0,1.0,1.0,24.15332939799555,10077.243363484002,10074.563363484003,1.1083323494989272,0.29,48.0,REV_SHORT,TIME,2028.575,2024-02-20 14:00:00,2024-02-20 14:05:00,2024-02-20 18:04:00
10024.0,49938.0,49966.0,10030.0,1.0,3.0,2030.0,2029.1993282650703,2040.0,9.087752746773676,0.47000000000000003,2030.27,2029.1993282650703,1.0,1.0,1.0,1.0,1.0,1.0,50.3215715416934,10074.563363484003,10024.24179194231,0.6813434698594393,0.29,6.0,REV_LONG,STOP,2030.125,2024-02-21 06:15:00,2024-02-21 06:20:00,2024-02-21 06:48:00
10108.0,50358.0,50359.0,10109.0,1.0,1.0,2030.0,2029.2338313260623,2040.0,5.201107551099384,0.28,2030.97,2029.2338313260623,1.0,1.0,1.0,1.0,0.0,0.0,48.61272287025714,10024.24179194231,9975.629069072053,0.7661686739376663,0.29,1.0,BREAK_LONG,STOP,2030.825,2024-02-21 13:15:00,2024-02-21 13:20:00,2024-02-21 13:21:00
10581.0,52713.0,52716.0,10582.0,-1.0,2.0,2020.0,2020.8057026024537,2010.0,7.537315623358178,0.19,2019.54,2020.8057026024537,1.0,1.0,1.0,-1.0,0.0,0.0,24.048349446621387,9975.629069072053,9951.580719625432,0.8057026024537731,0.29,1.0,BREAK_SHORT,STOP,2019.685,2024-02-23 06:40:00,2024-02-23 06:45:00,2024-02-23 06:48:00
10608.0,52848.0,52948.0,10629.0,-1.0,2.0,2020.0,2020.9607876596185,2010.0,6.377088905444228,0.16,2019.475,2020.9607876596185,1.0,1.0,1.0,-1.0,0.0,0.0,23.77260255389774,9951.580719625432,9927.808117071534,0.9607876596184157,0.29,21.0,BREAK_SHORT,STOP,2019.62,2024-02-23 08:55:00,2024-02-23 09:00:00,2024-02-23 10:40:00
10696.0,53288.0,53438.0,10727.0,1.0,1.0,2030.0,2028.5240113890209,2040.0,1.1111134390165622,0.04,2033.96,2040.0,2.0,1.0,1.0,-1.0,0.0,0.0,21.743954443916664,9927.808117071534,9951.968117071534,1.4759886109791507,0.29,31.0,BREAK_LONG,TARGET,2033.815,2024-02-23 16:15:00,2024-02-23 16:20:00,2024-02-23 18:50:00
11020.0,54903.0,55000.0,11040.0,1.0,1.0,2030.0,2029.265985090894,2040.0,3.1379927584169818,0.19,2031.86,2031.26,4.0,1.0,1.0,1.0,0.0,0.0,49.28628327301226,9951.968117071534,9940.568117071536,0.7340149091061007,0.29,20.0,BREAK_LONG,SESSION,2031.715,2024-02-26 20:15:00,2024-02-26 20:20:00,2024-02-26 21:57:00
11333.0,56458.0,56697.0,11381.0,1.0,3.0,2030.0,2029.304918581831,2040.0,5.833562327180648,0.15,2030.87,2029.765,3.0,-1.0,1.0,-1.0,0.0,1.0,23.476221272532026,9940.568117071536,9923.993117071539,0.4801628363381711,0.29,48.0,REV_LONG,TIME,2030.725,2024-02-28 00:20:00,2024-02-28 00:25:00,2024-02-28 04:24:00
12853.0,64033.0,64174.0,12882.0,1.0,1.0,2130.0,2128.907409293791,2140.0,2.808496223846629,0.17,2131.82,2140.0,2.0,1.0,1.0,1.0,0.0,0.0,49.51404200555908,9923.993117071539,10063.053117071537,1.0925907062090103,0.29,29.0,BREAK_LONG,TARGET,2131.675,2024-03-06 12:00:00,2024-03-06 12:05:00,2024-03-06 14:26:00
13142.0,65473.0,65564.0,13161.0,-1.0,4.0,2160.0,2165.6214593354975,2150.0,1.1572253066341942,0.03,2158.38,2150.0,2.0,-1.0,-1.0,-1.0,0.0,0.0,21.724378006492316,10063.053117071537,10088.193117071536,1.6429186709943457,0.29,19.0,REV_SHORT,TARGET,2158.525,2024-03-07 13:05:00,2024-03-07 13:10:00,2024-03-07 14:41:00
13527.0,67388.0,67456.0,13541.0,-1.0,4.0,2180.0,2181.6089372584356,2170.0,4.764299364247291,0.12,2179.595,2181.6089372584356,1.0,-1.0,0.0,-1.0,0.0,1.0,24.167247101229805,10088.193117071536,10064.025869970306,1.0378745168711174,0.29,14.0,REV_SHORT,STOP,2179.74,2024-03-10 22:10:00,2024-03-10 22:15:00,2024-03-10 23:23:00
13669.0,68098.0,68310.0,13712.0,-1.0,4.0,2180.0,2182.29483854908,2170.0,3.947942615278558,0.1,2179.81,2182.29483854908,1.0,-1.0,1.0,-1.0,0.0,1.0,24.848385490799956,10064.025869970306,10039.177484479507,1.3296770981594783,0.29,43.0,REV_SHORT,STOP,2179.955,2024-03-11 10:00:00,2024-03-11 10:05:00,2024-03-11 13:37:00
13751.0,68508.0,68596.0,13769.0,1.0,3.0,2180.0,2177.8332550274126,2190.0,2.1961019349079822,0.13,2181.64,2177.8332550274126,1.0,1.0,1.0,1.0,0.0,0.0,49.48768464363411,10039.177484479507,9989.689799835873,1.5734899451747137,0.29,18.0,REV_LONG,STOP,2181.495,2024-03-11 16:50:00,2024-03-11 16:55:00,2024-03-11 18:23:00
13853.0,69013.0,69044.0,13860.0,1.0,3.0,2180.0,2179.222250847002,2190.0,6.96729321849129,0.36,2180.575,2179.222250847002,1.0,1.0,-1.0,1.0,0.0,0.0,48.698969507913716,9989.689799835873,9940.990830327959,0.9254983059958659,0.29,7.0,REV_LONG,STOP,2180.43,2024-03-12 02:20:00,2024-03-12 02:25:00,2024-03-12 02:56:00
14082.0,70153.0,70392.0,14130.0,-1.0,4.0,2160.0,2162.1353163490617,2150.0,3.2876183621961896,0.17,2159.305,2159.995,3.0,1.0,0.0,1.0,0.0,0.0,48.11537793405114,9940.990830327959,9929.260830327958,1.2106326981233628,0.29,48.0,REV_SHORT,TIME,2159.45,2024-03-12 22:25:00,2024-03-12 22:30:00,2024-03-13 02:29:00
14807.0,73768.0,73803.0,14815.0,1.0,3.0,2160.0,2156.6331899450556,2170.0,1.7779172291326828,0.05,2161.445,2156.6331899450556,1.0,-1.0,-1.0,-1.0,1.0,1.0,24.059050274722722,9929.260830327958,9905.201780053234,1.9736201098889388,0.29,8.0,REV_LONG,STOP,2161.3,2024-03-15 12:50:00,2024-03-15 12:55:00,2024-03-15 13:30:00
14846.0,73963.0,74009.0,14856.0,1.0,3.0,2160.0,2157.86372118128,2170.0,1.991973520831551,0.06,2161.92,2157.86372118128,1.0,-1.0,-1.0,-1.0,0.0,1.0,24.337672912319245,9905.201780053234,9880.864107140915,2.102557637439506,0.29,10.0,REV_LONG,STOP,2161.775,2024-03-15 16:05:00,2024-03-15 16:10:00,2024-03-15 16:56:00
14965.0,74553.0,74792.0,15013.0,-1.0,2.0,2150.0,2151.212090599952,2140.0,2.310242306512461,0.14,2147.825,2147.745,3.0,1.0,1.0,1.0,0.0,0.0,47.419268399327855,9880.864107140915,9881.984107140914,1.2120905999517608,0.29,48.0,BREAK_SHORT,TIME,2147.97,2024-03-18 03:00:00,2024-03-18 03:05:00,2024-03-18 07:04:00
15263.0,76038.0,76047.0,15265.0,1.0,3.0,2160.0,2159.2673597260064,2170.0,11.023477526930023,0.27,2160.16,2159.2673597260064,1.0,1.0,-1.0,-1.0,0.0,0.0,24.101287397824308,9881.984107140914,9857.882819743088,0.8152805479879266,0.29,2.0,REV_LONG,STOP,2160.015,2024-03-19 04:50:00,2024-03-19 04:55:00,2024-03-19 05:04:00
15709.0,78263.0,78282.0,15713.0,-1.0,4.0,2180.0,2186.015510946754,2170.0,1.3919774120477695,0.03,2179.32,2186.015510946754,1.0,-1.0,-1.0,-1.0,1.0,1.0,20.086532840261953,9857.882819743088,9837.796286902827,4.371021893508683,0.29,4.0,REV_SHORT,STOP,2179.465,2024-03-20 19:00:00,2024-03-20 19:05:00,2024-03-20 19:24:00
15883.0,79128.0,79303.0,15919.0,-1.0,4.0,2210.0,2212.759225110941,2200.0,3.341016638517082,0.08,2209.82,2200.0,2.0,-1.0,-1.0,-1.0,0.0,1.0,23.513800887525576,9837.796286902827,9916.356286902828,1.7984502218812437,0.29,36.0,REV_SHORT,TARGET,2209.965,2024-03-21 10:30:00,2024-03-21 10:35:00,2024-03-21 13:30:00
16219.0,80803.0,80911.0,16241.0,-1.0,2.0,2170.0,2172.1733056340554,2160.0,2.230445408684977,0.13,2168.405,2160.0,2.0,1.0,1.0,1.0,0.0,1.0,48.987973242717544,9916.356286902828,10025.621286902831,2.1733056340555126,0.29,22.0,BREAK_SHORT,TARGET,2168.55,2024-03-22 15:30:00,2024-03-22 15:35:00,2024-03-22 17:23:00
16474.0,82073.0,82312.0,16522.0,-1.0,4.0,2180.0,2182.3795624402655,2170.0,1.1951281808457324,0.08,2176.7400000000002,2174.7,3.0,-1.0,-1.0,1.0,1.0,0.0,45.11649952212247,10025.621286902831,10041.941286902835,1.9391248805311616,0.29,48.0,REV_SHORT,TIME,2176.885,2024-03-25 13:45:00,2024-03-25 13:50:00,2024-03-25 17:49:00
16862.0,84003.0,84187.0,16899.0,-1.0,4.0,2180.0,2180.601515731708,2170.0,7.337699225685042,0.39,2179.33,2180.601515731708,1.0,-1.0,-1.0,1.0,0.0,0.0,49.58911353661006,10041.941286902835,9992.352173366224,0.6830314634151544,0.29,37.0,REV_SHORT,STOP,2179.475,2024-03-27 00:05:00,2024-03-27 00:10:00,2024-03-27 03:14:00
17338.0,86378.0,86413.0,17346.0,1.0,1.0,2220.0,2217.483961050521,2230.0,2.108772445209279,0.06,2221.5099999999998,2217.483961050521,1.0,1.0,1.0,-1.0,0.0,0.0,24.156233696872732,9992.352173366224,9968.195939669351,2.5160389494788573,0.29,8.0,BREAK_LONG,STOP,2221.365,2024-03-28 16:45:00,2024-03-28 16:50:00,2024-03-28 17:25:00
17668.0,88018.0,88101.0,17685.0,-1.0,4.0,2240.0,2243.977792132024,2230.0,2.3699355433230105,0.06,2239.83,2243.977792132024,1.0,-1.0,0.0,-1.0,0.0,1.0,24.886752792145668,9968.195939669351,9943.309186877206,1.3955842640480767,0.29,17.0,REV_SHORT,STOP,2239.975,2024-03-31 22:15:00,2024-03-31 22:20:00,2024-03-31 23:43:00
17773.0,88543.0,88588.0,17783.0,1.0,3.0,2260.0,2258.526914297802,2270.0,5.96146182622305,0.15,2260.175,2258.526914297802,1.0,1.0,1.0,-1.0,1.0,0.0,24.7212855329758,9943.309186877206,9918.58790134423,1.5061714043972616,0.29,10.0,REV_LONG,STOP,2260.03,2024-04-01 07:00:00,2024-04-01 07:05:00,2024-04-01 07:50:00
18144.0,90393.0,90419.0,18150.0,1.0,3.0,2260.0,2255.1998457453883,2270.0,1.5694024153541115,0.04,2260.96,2255.1998457453883,1.0,1.0,1.0,-1.0,0.0,0.0,23.040617018446937,9918.58790134423,9895.547284325783,4.200308509223576,0.29,6.0,REV_LONG,STOP,2260.815,2024-04-02 14:55:00,2024-04-02 15:00:00,2024-04-02 15:26:00
18185.0,90598.0,90726.0,18211.0,1.0,1.0,2270.0,2267.715345483334,2280.0,3.2292997140215935,0.17,2270.62,2280.0,2.0,1.0,1.0,1.0,0.0,1.0,49.379126783316686,9895.547284325783,10055.007284325784,2.284654516665939,0.29,26.0,BREAK_LONG,TARGET,2270.475,2024-04-02 18:20:00,2024-04-02 18:25:00,2024-04-02 20:33:00
18581.0,92568.0,92807.0,18629.0,-1.0,4.0,2300.0,2301.2462748027497,2290.0,2.626339333998493,0.08,2298.145,2293.24,3.0,-1.0,1.0,-1.0,0.0,1.0,24.810198421997484,10055.007284325784,10094.247284325786,0.9925496054997678,0.29,48.0,REV_SHORT,TIME,2298.29,2024-04-04 05:20:00,2024-04-04 05:25:00,2024-04-04 09:24:00
18679.0,93058.0,93084.0,18685.0,-1.0,4.0,2290.0,2292.358432459453,2280.0,1.0483253177202139,0.04,2286.325,2292.358432459453,1.0,-1.0,1.0,-1.0,1.0,0.0,24.133729837813007,10094.247284325786,10070.113554487973,2.316864918906705,0.29,6.0,REV_SHORT,STOP,2286.47,2024-04-04 13:30:00,2024-04-04 13:35:00,2024-04-04 14:01:00
18890.0,94108.0,94200.0,18909.0,-1.0,4.0,2290.0,2292.2449679726365,2280.0,3.8020085365922687,0.09,2289.695,2292.2449679726365,1.0,-1.0,-1.0,-1.0,1.0,1.0,22.94971175372666,10070.113554487973,10047.163842734246,2.1299359452731115,0.29,19.0,REV_SHORT,STOP,2289.84,2024-04-05 08:05:00,2024-04-05 08:10:00,2024-04-05 09:42:00
19134.0,95323.0,95325.0,19135.0,1.0,3.0,2340.0,2337.1816359122686,2350.0,1.8559100458826667,0.05,2341.67,2337.1816359122686,1.0,1.0,1.0,-1.0,1.0,1.0,22.44182043865749,10047.163842734246,10024.722022295588,2.436728175462687,0.29,1.0,REV_LONG,STOP,2341.525,2024-04-08 05:25:00,2024-04-08 05:30:00,2024-04-08 05:32:00
19198.0,95643.0,95656.0,19201.0,1.0,1.0,2340.0,2338.036339325474,2350.0,1.1426195773513028,0.04,2343.62,2338.036339325474,1.0,1.0,1.0,-1.0,0.0,0.0,22.33464269810429,10024.722022295588,10002.387379597483,1.963660674526339,0.29,3.0,BREAK_LONG,STOP,2343.475,2024-04-08 10:45:00,2024-04-08 10:50:00,2024-04-08 11:03:00
19240.0,95853.0,95899.0,19250.0,1.0,3.0,2320.0,2316.6858004305805,2330.0,1.397141010691386,0.09,2322.24,2330.0,2.0,1.0,-1.0,1.0,0.0,0.0,49.98779612477392,10002.387379597483,10072.227379597485,4.10839913883869,0.29,10.0,REV_LONG,TARGET,2322.095,2024-04-08 14:15:00,2024-04-08 14:20:00,2024-04-08 15:06:00
19523.0,97263.0,97319.0,19535.0,1.0,3.0,2350.0,2343.035240466099,2360.0,1.0257010921003613,0.06,2351.41,2343.035240466099,1.0,1.0,1.0,1.0,0.0,1.0,50.24855720340565,10072.227379597485,10021.97882239408,4.359519067802789,0.29,12.0,REV_LONG,STOP,2351.265,2024-04-09 14:50:00,2024-04-09 14:55:00,2024-04-09 15:51:00
19647.0,97878.0,97895.0,19651.0,-1.0,4.0,2350.0,2351.6738979903316,2340.0,4.225797257017457,0.11,2349.44,2351.6738979903316,1.0,-1.0,1.0,-1.0,0.0,1.0,24.572877893647274,10021.97882239408,9997.405944500431,1.6677959806631304,0.29,4.0,REV_SHORT,STOP,2349.585,2024-04-10 02:10:00,2024-04-10 02:15:00,2024-04-10 02:32:00
19913.0,99203.0,99232.0,19919.0,-1.0,4.0,2340.0,2342.211054247844,2330.0,3.6061125523079847,0.18,2339.56,2342.211054247844,1.0,1.0,-1.0,1.0,0.0,1.0,47.71897646119305,9997.405944500431,9949.686968039237,1.6821084956885186,0.29,6.0,REV_SHORT,STOP,2339.705,2024-04-11 01:20:00,2024-04-11 01:25:00,2024-04-11 01:54:00
20053.0,99903.0,99916.0,20056.0,-1.0,4.0,2340.0,2344.199508125312,2330.0,2.257135373338902,0.11,2339.84,2344.199508125312,1.0,-1.0,-1.0,1.0,0.0,1.0,47.95458937843205,9949.686968039237,9901.732378660805,2.7690162506238836,0.29,3.0,REV_SHORT,STOP,2339.985,2024-04-11 13:00:00,2024-04-11 13:05:00,2024-04-11 13:18:00
20117.0,100223.0,100302.0,20133.0,1.0,1.0,2360.0,2357.665481176712,2370.0,1.4211351947322803,0.04,2362.7599999999998,2370.0,2.0,1.0,1.0,-1.0,0.0,0.0,20.378075293150687,9901.732378660805,9930.692378660806,2.334518823287885,0.29,16.0,BREAK_LONG,TARGET,2362.615,2024-04-11 18:20:00,2024-04-11 18:25:00,2024-04-11 19:44:00
20477.0,102013.0,102252.0,20525.0,-1.0,4.0,2360.0,2366.6643348802495,2350.0,1.4136046656601036,0.07,2359.76,2359.83,3.0,1.0,-1.0,1.0,0.0,1.0,48.33034416174497,9930.692378660806,9930.202378660808,3.6886697604983683,0.29,48.0,REV_SHORT,TIME,2359.905,2024-04-15 02:20:00,2024-04-15 02:25:00,2024-04-15 06:24:00
20554.0,102398.0,102409.0,20557.0,-1.0,2.0,2350.0,2352.677539458842,2340.0,2.0130530165794718,0.11,2348.47,2352.677539458842,1.0,1.0,1.0,1.0,0.0,0.0,46.282934047265826,9930.202378660808,9883.919444613543,2.677539458842111,0.29,3.0,BREAK_SHORT,STOP,2348.615,2024-04-15 08:45:00,2024-04-15 08:50:00,2024-04-15 09:01:00
20605.0,102653.0,102686.0,20612.0,-1.0,4.0,2360.0,2362.538826308395,2350.0,1.4859750399264968,0.09,2357.495,2350.0,2.0,1.0,-1.0,1.0,0.0,0.0,45.39443677555664,9883.919444613543,9951.37444461354,2.717652616790564,0.29,7.0,REV_SHORT,TARGET,2357.64,2024-04-15 13:00:00,2024-04-15 13:05:00,2024-04-15 13:38:00
20628.0,102768.0,102869.0,20649.0,-1.0,4.0,2350.0,2355.4156923836535,2340.0,1.5393631252281155,0.08,2349.345,2355.4156923836535,1.0,1.0,1.0,1.0,0.0,0.0,48.56553906923,9951.37444461354,9902.80890554431,5.721384767307033,0.29,21.0,REV_SHORT,STOP,2349.49,2024-04-15 14:55:00,2024-04-15 15:00:00,2024-04-15 16:41:00
20895.0,104098.0,104106.0,20897.0,1.0,3.0,2370.0,2363.5643484742686,2380.0,1.4768708034167395,0.03,2370.2,2363.5643484742686,1.0,1.0,-1.0,-1.0,0.0,0.0,19.906954577193574,9902.80890554431,9882.901950967116,3.921303051462961,0.29,2.0,REV_LONG,STOP,2370.055,2024-04-16 14:10:00,2024-04-16 14:15:00,2024-04-16 14:23:00
21106.0,105148.0,105232.0,21123.0,1.0,1.0,2390.0,2388.1166559642256,2400.0,3.0789360576204214,0.08,2391.03,2388.1166559642256,1.0,1.0,1.0,-1.0,0.0,1.0,23.30675228619657,9882.901950967116,9859.59519868092,1.8833440357742905,0.29,17.0,BREAK_LONG,STOP,2390.885,2024-04-17 08:45:00,2024-04-17 08:50:00,2024-04-17 10:14:00
21154.0,105388.0,105428.0,21163.0,1.0,3.0,2380.0,2377.25654915426,2390.0,1.7267754099428498,0.05,2381.93,2390.0,2.0,1.0,-1.0,-1.0,0.0,0.0,23.367254228699043,9859.59519868092,9899.94519868092,2.226901691479366,0.29,9.0,REV_LONG,TARGET,2381.785,2024-04-17 12:45:00,2024-04-17 12:50:00,2024-04-17 13:30:00
21443.0,106828.0,106864.0,21451.0,1.0,3.0,2380.0,2374.535679206169,2390.0,1.6103111786137028,0.08,2380.46,2374.535679206169,1.0,1.0,1.0,1.0,0.0,0.0,47.39456635064926,9899.94519868092,9852.55063233027,4.038641587662351,0.29,8.0,REV_LONG,STOP,2380.315,2024-04-18 13:50:00,2024-04-18 13:55:00,2024-04-18 14:31:00
21568.0,107448.0,107449.0,21569.0,-1.0,4.0,2390.0,2393.805268157549,2380.0,2.4597344370030183,0.12,2389.815,2393.805268157549,1.0,-1.0,-1.0,1.0,1.0,0.0,47.88321789058864,9852.55063233027,9804.667414439682,2.2105363150985013,0.29,1.0,REV_SHORT,STOP,2389.96,2024-04-19 01:15:00,2024-04-19 01:20:00,2024-04-19 01:21:00
21632.0,107768.0,107787.0,21636.0,1.0,3.0,2380.0,2377.7633574434194,2390.0,2.2573348068863788,0.06,2381.52,2390.0,2.0,-1.0,-1.0,-1.0,0.0,0.0,22.539855339483434,9804.667414439682,9855.547414439681,2.7632851131611376,0.29,4.0,REV_LONG,TARGET,2381.375,2024-04-19 06:35:00,2024-04-19 06:40:00,2024-04-19 06:59:00
21758.0,108398.0,108555.0,21790.0,-1.0,4.0,2400.0,2403.2217666605648,2390.0,1.686386326784547,0.1,2398.3,2390.0,2.0,-1.0,-1.0,1.0,1.0,0.0,49.21766660564572,9855.547414439681,9938.547414439683,2.4235333211292804,0.29,32.0,REV_SHORT,TARGET,2398.445,2024-04-19 17:05:00,2024-04-19 17:10:00,2024-04-19 19:47:00
21973.0,109468.0,109497.0,21979.0,1.0,3.0,2340.0,2335.795101426233,2350.0,1.4261562168492785,0.04,2341.65,2350.0,2.0,-1.0,-1.0,-1.0,1.0,0.0,23.419594295068237,9938.547414439683,9971.947414439683,2.98979714753414,0.29,6.0,REV_LONG,TARGET,2341.505,2024-04-22 12:00:00,2024-04-22 12:05:00,2024-04-22 12:34:00
22230.0,110748.0,110754.0,22232.0,-1.0,4.0,2300.0,2301.9425229058456,2290.0,3.820348129847055,0.1,2299.465,2301.9425229058456,1.0,1.0,1.0,-1.0,1.0,0.0,24.775229058454897,9971.947414439683,9947.172185381227,2.315045811691998,0.29,2.0,REV_SHORT,STOP,2299.61,2024-04-23 10:25:00,2024-04-23 10:30:00,2024-04-23 10:36:00
22273.0,110963.0,110991.0,22279.0,-1.0,4.0,2330.0,2334.192422532393,2320.0,1.3703726362403126,0.04,2328.205,2320.0,2.0,1.0,-1.0,-1.0,1.0,0.0,23.949690129571536,9947.172185381227,9979.992185381227,3.9648450647854654,0.29,6.0,REV_SHORT,TARGET,2328.35,2024-04-23 14:00:00,2024-04-23 14:05:00,2024-04-23 14:33:00
22698.0,113078.0,113220.0,22727.0,1.0,3.0,2310.0,2306.5796459691474,2320.0,2.5547272974083395,0.13,2310.355,2320.0,2.0,-1.0,-1.0,1.0,1.0,1.0,49.079602401084685,9979.992185381227,10105.377185381227,2.350708061705495,0.29,29.0,REV_LONG,TARGET,2310.21,2024-04-25 03:25:00,2024-04-25 03:30:00,2024-04-25 05:52:00
22792.0,113548.0,113618.0,22807.0,-1.0,4.0,2330.0,2331.0314327930514,2320.0,5.408285491934104,0.14,2329.31,2331.0314327930514,1.0,-1.0,-1.0,-1.0,1.0,0.0,24.10005910272048,10105.377185381227,10081.277126278506,1.2828655861032678,0.29,15.0,REV_SHORT,STOP,2329.455,2024-04-25 11:15:00,2024-04-25 11:20:00,2024-04-25 12:30:00
22819.0,113683.0,113690.0,22821.0,-1.0,2.0,2320.0,2323.959095091158,2310.0,1.9674347181876732,0.1,2319.255,2323.959095091158,1.0,1.0,1.0,1.0,0.0,1.0,47.040950911577966,10081.277126278506,10034.236175366928,3.959095091157843,0.29,2.0,BREAK_SHORT,STOP,2319.4,2024-04-25 13:30:00,2024-04-25 13:35:00,2024-04-25 13:42:00
23156.0,115363.0,115500.0,23184.0,-1.0,4.0,2340.0,2342.26296170829,2330.0,3.1041227785040464,0.16,2339.275,2338.05,4.0,-1.0,-1.0,1.0,0.0,1.0,47.8073873326357,10034.236175366928,10053.836175366927,1.5859234165796667,0.29,28.0,REV_SHORT,SESSION,2339.42,2024-04-26 18:35:00,2024-04-26 18:40:00,2024-04-26 20:57:00
23329.0,116223.0,116322.0,23349.0,1.0,1.0,2340.0,2338.412188930428,2350.0,1.7604413056047437,0.11,2342.61,2338.412188930428,1.0,1.0,1.0,1.0,0.0,0.0,46.17592176529479,10053.836175366927,10007.660253601633,1.5878110695721812,0.29,20.0,BREAK_LONG,STOP,2342.465,2024-04-29 10:00:00,2024-04-29 10:05:00,2024-04-29 11:44:00
23362.0,116388.0,116440.0,23373.0,1.0,3.0,2330.0,2327.498002294955,2340.0,2.815076734962958,0.15,2330.775,2327.498002294955,1.0,-1.0,-1.0,1.0,0.0,0.0,49.15496557567849,10007.660253601633,9958.505288025954,1.8039954100905524,0.29,11.0,REV_LONG,STOP,2330.63,2024-04-29 12:45:00,2024-04-29 12:50:00,2024-04-29 13:42:00
23518.0,117163.0,117169.0,23520.0,-1.0,2.0,2330.0,2331.5345805381794,2320.0,3.972701032934748,0.21,2329.215,2331.5345805381794,1.0,1.0,1.0,1.0,0.0,1.0,48.7111913017643,9958.505288025954,9909.794096724188,1.5345805381796167,0.29,2.0,BREAK_SHORT,STOP,2329.36,2024-04-30 02:45:00,2024-04-30 02:50:00,2024-04-30 02:56:00
23565.0,117398.0,117438.0,23574.0,1.0,3.0,2320.0,2317.980493637855,2330.0,2.567141613732947,0.07,2321.35,2317.980493637855,1.0,-1.0,-1.0,-1.0,1.0,0.0,23.586544535014127,9909.794096724188,9886.207552189175,1.709012724290243,0.29,9.0,REV_LONG,STOP,2321.205,2024-04-30 06:40:00,2024-04-30 06:45:00,2024-04-30 07:25:00
23639.0,117768.0,117821.0,23650.0,-1.0,2.0,2310.0,2312.364623167983,2300.0,1.460806065372368,0.04,2307.34,2312.364623167983,1.0,1.0,1.0,-1.0,0.0,1.0,20.098492671932036,9886.207552189175,9866.109059517243,2.3646231679832104,0.29,11.0,BREAK_SHORT,STOP,2307.485,2024-04-30 12:50:00,2024-04-30 12:55:00,2024-04-30 13:48:00
24088.0,120003.0,120177.0,24123.0,-1.0,4.0,2320.0,2321.6697733534143,2310.0,5.031597102999942,0.12,2319.735,2310.0,2.0,-1.0,1.0,-1.0,0.0,1.0,23.217280240969558,9866.109059517243,9982.929059517244,1.1895467068286736,0.29,35.0,REV_SHORT,TARGET,2319.88,2024-05-02 04:15:00,2024-05-02 04:20:00,2024-05-02 07:14:00
24153.0,120328.0,120346.0,24157.0,1.0,3.0,2300.0,2297.9888247241124,2310.0,2.521125214758105,0.14,2301.4,2297.9888247241124,1.0,-1.0,-1.0,1.0,1.0,0.0,47.75645386242741,9982.929059517244,9935.172605654816,1.8023505517744665,0.29,4.0,REV_LONG,STOP,2301.255,2024-05-02 09:40:00,2024-05-02 09:45:00,2024-05-02 10:03:00
24172.0,120423.0,120488.0,24186.0,-1.0,4.0,2300.0,2303.9900314413426,2290.0,2.2160759364590414,0.05,2299.64,2303.9900314413426,1.0,1.0,1.0,-1.0,1.0,1.0,21.75015720671354,9935.172605654816,9913.422448448102,1.9200628826845436,0.29,14.0,REV_SHORT,STOP,2299.785,2024-05-02 11:15:00,2024-05-02 11:20:00,2024-05-02 12:25:00
24683.0,122968.0,123013.0,24693.0,1.0,1.0,2320.0,2318.0157485604072,2330.0,1.800548555925242,0.11,2322.295,2318.0157485604072,1.0,1.0,1.0,1.0,0.0,0.0,47.07176583552109,9913.422448448102,9866.350682612581,1.9842514395927469,0.29,10.0,BREAK_LONG,STOP,2322.15,2024-05-06 07:50:00,2024-05-06 07:55:00,2024-05-06 08:40:00
24943.0,124263.0,124356.0,24962.0,1.0,3.0,2320.0,2317.681606671469,2330.0,3.206536467800995,0.08,2320.61,2317.681606671469,1.0,1.0,-1.0,-1.0,0.0,1.0,23.42714662824801,9866.350682612581,9842.923535984333,1.3567866570618157,0.29,19.0,REV_LONG,STOP,2320.465,2024-05-07 06:30:00,2024-05-07 06:35:00,2024-05-07 08:08:00
25032.0,124708.0,124727.0,25036.0,-1.0,4.0,2320.0,2322.022234628276,2310.0,2.3007853296829905,0.06,2318.38,2322.022234628276,1.0,-1.0,1.0,-1.0,0.0,0.0,21.85340776965404,9842.923535984333,9821.07012821468,2.4344692565514423,0.29,4.0,REV_SHORT,STOP,2318.525,2024-05-07 13:55:00,2024-05-07 14:00:00,2024-05-07 14:19:00
25167.0,125378.0,125398.0,25172.0,-1.0,2.0,2310.0,2311.531298866502,2300.0,3.284659355388038,0.18,2308.84,2311.531298866502,1.0,1.0,1.0,1.0,0.0,0.0,48.44337959703079,9821.07012821468,9772.62674861765,1.531298866502004,0.29,5.0,BREAK_SHORT,STOP,2308.985,2024-05-08 02:10:00,2024-05-08 02:15:00,2024-05-08 02:35:00
25303.0,126058.0,126193.0,25331.0,1.0,3.0,2310.0,2305.663064872963,2320.0,1.9040152965594215,0.04,2310.6,2320.0,2.0,-1.0,-1.0,-1.0,0.0,1.0,19.747740508148127,9772.62674861765,9810.22674861765,2.993870254073907,0.29,28.0,REV_LONG,TARGET,2310.455,2024-05-08 13:30:00,2024-05-08 13:35:00,2024-05-08 15:50:00
25399.0,126533.0,126709.0,25435.0,-1.0,4.0,2310.0,2311.4348734138002,2300.0,5.283334503977104,0.26,2309.6150000000002,2311.4348734138002,1.0,1.0,0.0,1.0,0.0,1.0,47.316708758799905,9810.22674861765,9762.910039858849,0.8597468276000609,0.29,36.0,REV_SHORT,STOP,2309.76,2024-05-08 22:30:00,2024-05-08 22:35:00,2024-05-09 01:31:00
25534.0,127208.0,127251.0,25543.0,-1.0,2.0,2310.0,2311.314482515215,2300.0,1.946876947707975,0.12,2307.475,2311.314482515215,1.0,1.0,1.0,1.0,0.0,0.0,46.07379018257961,9762.910039858849,9716.83624967627,1.3144825152146726,0.29,9.0,BREAK_SHORT,STOP,2307.62,2024-05-09 09:45:00,2024-05-09 09:50:00,2024-05-09 10:33:00
25772.0,128393.0,128415.0,25777.0,1.0,1.0,2360.0,2358.120326520383,2370.0,1.599676657994519,0.1,2362.69,2370.0,2.0,1.0,1.0,1.0,0.0,0.0,45.69673479616995,9716.83624967627,9789.93624967627,1.8796734796167738,0.29,5.0,BREAK_LONG,TARGET,2362.545,2024-05-10 06:35:00,2024-05-10 06:40:00,2024-05-10 07:02:00
26327.0,131158.0,131267.0,26349.0,-1.0,2.0,2340.0,2341.3302315895344,2330.0,2.0870617597652132,0.06,2337.66,2341.3302315895344,1.0,1.0,1.0,-1.0,0.0,0.0,22.021389537207142,9789.93624967627,9767.914860139063,1.330231589534284,0.29,22.0,BREAK_SHORT,STOP,2337.805,2024-05-14 06:50:00,2024-05-14 06:55:00,2024-05-14 08:44:00
26568.0,132358.0,132392.0,26575.0,1.0,1.0,2360.0,2359.0464138685793,2370.0,6.433285301660778,0.33,2360.52,2359.0464138685793,1.0,1.0,1.0,1.0,0.0,0.0,48.628342336882724,9767.914860139063,9719.28651780218,0.9535861314205369,0.29,7.0,BREAK_LONG,STOP,2360.375,2024-05-15 03:55:00,2024-05-15 04:00:00,2024-05-15 04:34:00
26676.0,132898.0,132920.0,26681.0,1.0,1.0,2370.0,2366.4096164767434,2380.0,1.1250302618812345,0.07,2372.805,2366.4096164767434,1.0,1.0,1.0,1.0,0.0,0.0,44.76768466279509,9719.28651780218,9674.518833139386,3.5903835232564254,0.29,5.0,BREAK_LONG,STOP,2372.66,2024-05-15 12:55:00,2024-05-15 13:00:00,2024-05-15 13:22:00
26707.0,133053.0,133173.0,26732.0,1.0,1.0,2380.0,2376.3483375345268,2390.0,1.0492876269593294,0.07,2383.0099999999998,2390.0,2.0,1.0,1.0,1.0,0.0,0.0,46.63163725831101,9674.518833139386,9723.448833139388,3.651662465473015,0.29,25.0,BREAK_LONG,TARGET,2382.865,2024-05-15 15:30:00,2024-05-15 15:35:00,2024-05-15 17:35:00
26854.0,133783.0,133863.0,26871.0,1.0,1.0,2390.0,2388.699857283426,2400.0,2.476814313091422,0.14,2391.95,2388.699857283426,1.0,1.0,1.0,1.0,0.0,0.0,45.50199803203487,9723.448833139388,9677.946835107352,1.3001427165742099,0.29,17.0,BREAK_LONG,STOP,2391.805,2024-05-16 04:45:00,2024-05-16 04:50:00,2024-05-16 06:10:00
27490.0,136953.0,136966.0,27493.0,1.0,3.0,2430.0,2426.474578728854,2440.0,2.2315555340604445,0.11,2430.66,2426.474578728854,1.0,1.0,-1.0,1.0,0.0,1.0,46.039633982605665,9677.946835107352,9631.907201124746,2.5008425422924865,0.29,3.0,REV_LONG,STOP,2430.515,2024-05-20 11:45:00,2024-05-20 11:50:00,2024-05-20 12:03:00
27638.0,137688.0,137704.0,27642.0,-1.0,4.0,2430.0,2433.100586162119,2420.0,1.0759697792827705,0.07,2426.79,2433.100586162119,1.0,-1.0,1.0,1.0,0.0,1.0,44.174103134831974,9631.907201124746,9587.733097989914,1.8211723242371165,0.29,4.0,REV_SHORT,STOP,2426.935,2024-05-21 01:05:00,2024-05-21 01:10:00,2024-05-21 01:26:00
27709.0,138043.0,138076.0,27716.0,1.0,3.0,2410.0,2407.4482961686817,2420.0,1.7158174321476605,0.05,2412.07,2420.0,2.0,-1.0,-1.0,-1.0,1.0,0.0,23.108519156592138,9587.733097989914,9627.383097989914,2.3234076626364857,0.29,7.0,REV_LONG,TARGET,2411.925,2024-05-21 07:00:00,2024-05-21 07:05:00,2024-05-21 07:38:00
28044.0,139713.0,139720.0,28046.0,-1.0,2.0,2410.0,2411.9736403166617,2400.0,2.6189005666057374,0.14,2408.665,2411.9736403166617,1.0,1.0,1.0,1.0,0.0,1.0,46.320964433263725,9627.383097989914,9581.06213355665,1.9736403166618164,0.29,2.0,BREAK_SHORT,STOP,2408.81,2024-05-22 11:55:00,2024-05-22 12:00:00,2024-05-22 12:07:00
28114.0,140063.0,140102.0,28122.0,-1.0,2.0,2390.0,2392.3922774245584,2380.0,2.0208287109914815,0.11,2388.29,2380.0,2.0,1.0,1.0,1.0,0.0,0.0,45.125051670142966,9581.06213355665,9672.252133556649,2.392277424558269,0.29,8.0,BREAK_SHORT,TARGET,2388.435,2024-05-22 17:45:00,2024-05-22 17:50:00,2024-05-22 18:29:00
28213.0,140553.0,140604.0,28224.0,-1.0,2.0,2370.0,2372.1182400763564,2360.0,3.330664898537295,0.17,2369.32,2372.1182400763564,1.0,1.0,1.0,1.0,0.0,0.0,47.57008129805627,9672.252133556649,9624.682052258593,2.1182400763562375,0.29,11.0,BREAK_SHORT,STOP,2369.465,2024-05-23 03:00:00,2024-05-23 03:05:00,2024-05-23 03:56:00
28460.0,141783.0,141820.0,28468.0,-1.0,2.0,2330.0,2331.2085936042927,2320.0,3.1612044171880185,0.17,2328.515,2331.2085936042927,1.0,1.0,1.0,1.0,0.0,1.0,45.79109127297761,9624.682052258593,9578.890960985616,1.2085936042927778,0.29,8.0,BREAK_SHORT,STOP,2328.66,2024-05-24 00:35:00,2024-05-24 00:40:00,2024-05-24 01:17:00
28485.0,141908.0,141989.0,28502.0,-1.0,2.0,2330.0,2332.2064577284955,2320.0,3.8797377582857266,0.19,2329.705,2332.2064577284955,1.0,1.0,1.0,1.0,0.0,1.0,47.52769684141549,9578.890960985616,9531.363264144202,2.2064577284954754,0.29,17.0,BREAK_SHORT,STOP,2329.85,2024-05-24 02:40:00,2024-05-24 02:45:00,2024-05-24 04:06:00
29312.0,146028.0,146267.0,29360.0,-1.0,4.0,2360.0,2361.6547637360395,2350.0,2.5918682172725687,0.14,2358.41,2353.645,3.0,-1.0,1.0,1.0,0.0,1.0,45.426692304555225,9531.363264144202,9598.073264144201,1.4295274720790774,0.29,48.0,REV_SHORT,TIME,2358.555,2024-05-29 02:35:00,2024-05-29 02:40:00,2024-05-29 06:39:00
30126.0,150083.0,150322.0,30174.0,-1.0,4.0,2330.0,2331.821180199351,2320.0,2.7874071486830077,0.07,2328.7,2323.065,3.0,1.0,-1.0,-1.0,0.0,0.0,21.848261395459307,9598.073264144201,9637.518264144199,1.3723603987018316,0.29,48.0,REV_SHORT,TIME,2328.845,2024-06-03 01:25:00,2024-06-03 01:30:00,2024-06-03 05:29:00
30180.0,150353.0,150592.0,30228.0,1.0,3.0,2320.0,2314.42334112995,2330.0,1.5803443933748489,0.07,2320.46,2327.705,3.0,-1.0,-1.0,1.0,0.0,1.0,42.256612090349336,9637.518264144199,9688.233264144199,1.8233177400995795,0.29,48.0,REV_LONG,TIME,2320.315,2024-06-03 05:55:00,2024-06-03 06:00:00,2024-06-03 09:59:00
30461.0,151753.0,151846.0,30480.0,-1.0,4.0,2350.0,2352.5120122430553,2340.0,2.78347926268795,0.07,2349.205,2340.0,2.0,-1.0,-1.0,-1.0,0.0,1.0,23.14908570138778,9688.233264144199,9752.668264144198,1.3140244861106503,0.29,19.0,REV_SHORT,TARGET,2349.35,2024-06-04 06:20:00,2024-06-04 06:25:00,2024-06-04 07:58:00
30682.0,152853.0,152857.0,30683.0,-1.0,4.0,2330.0,2330.9272720030226,2320.0,6.108222865918459,0.15,2329.39,2330.9272720030226,1.0,1.0,-1.0,-1.0,0.0,0.0,23.059080045341034,9752.668264144198,9729.609184098857,1.0945440060446505,0.29,1.0,REV_SHORT,STOP,2329.535,2024-06-05 01:45:00,2024-06-05 01:50:00,2024-06-05 01:54:00
30738.0,153133.0,153372.0,30786.0,1.0,3.0,2330.0,2327.2739611386173,2340.0,1.976127971219387,0.11,2331.55,2331.685,3.0,-1.0,-1.0,1.0,0.0,0.0,47.03642747521144,9729.609184098857,9731.094184098854,1.7420777227654862,0.29,48.0,REV_LONG,TIME,2331.405,2024-06-05 06:25:00,2024-06-05 06:30:00,2024-06-05 10:29:00
30818.0,153533.0,153583.0,30829.0,1.0,1.0,2340.0,2337.8674086894976,2350.0,2.7073346957705238,0.14,2341.14,2337.8674086894976,1.0,1.0,1.0,1.0,0.0,1.0,45.816278347032494,9731.094184098854,9685.277905751822,2.132591310502262,0.29,11.0,BREAK_LONG,STOP,2340.995,2024-06-05 13:05:00,2024-06-05 13:10:00,2024-06-05 14:00:00
31835.0,158598.0,158837.0,31883.0,1.0,3.0,2300.0,2297.20220091555,2310.0,3.13125536407112,0.07,2300.3,2305.5,3.0,-1.0,-1.0,-1.0,1.0,1.0,21.68459359115241,9685.277905751822,9721.677905751822,1.195598168900941,0.29,48.0,REV_LONG,TIME,2300.155,2024-06-11 05:50:00,2024-06-11 05:55:00,2024-06-11 09:54:00
31963.0,159238.0,159302.0,31976.0,-1.0,2.0,2310.0,2312.0546962420667,2300.0,1.2703174894566722,0.09,2306.745,2312.0546962420667,1.0,1.0,1.0,1.0,0.0,0.0,47.787266178601385,9721.677905751822,9673.89063957322,2.0546962420668264,0.29,13.0,BREAK_SHORT,STOP,2306.89,2024-06-11 16:30:00,2024-06-11 16:35:00,2024-06-11 17:39:00
32328.0,161053.0,161061.0,32330.0,1.0,3.0,2320.0,2318.86197828506,2330.0,4.185246330367141,0.22,2321.0099999999998,2318.86197828506,1.0,1.0,-1.0,1.0,0.0,0.0,47.25647772867251,9673.89063957322,9626.634161844548,1.136043429879765,0.29,2.0,REV_LONG,STOP,2320.865,2024-06-13 00:55:00,2024-06-13 01:00:00,2024-06-13 01:08:00
32511.0,161968.0,162021.0,32522.0,-1.0,2.0,2300.0,2303.339787130793,2290.0,1.0876731662165882,0.07,2296.95,2303.339787130793,1.0,1.0,1.0,1.0,0.0,0.0,44.728509915551975,9626.634161844548,9581.905651928995,3.3397871307930425,0.29,11.0,BREAK_SHORT,STOP,2297.095,2024-06-13 16:10:00,2024-06-13 16:15:00,2024-06-13 17:08:00
32663.0,162723.0,162749.0,32669.0,-1.0,4.0,2310.0,2312.34384674729,2300.0,2.9388801503978876,0.15,2309.21,2312.34384674729,1.0,1.0,-1.0,1.0,0.0,1.0,47.007701209352035,9581.905651928995,9534.897950719644,1.2276934945801428,0.29,6.0,REV_SHORT,STOP,2309.355,2024-06-14 05:50:00,2024-06-14 05:55:00,2024-06-14 06:21:00
32692.0,162868.0,162967.0,32712.0,-1.0,4.0,2320.0,2322.39528075308,2310.0,3.539928994150809,0.17,2319.665,2322.39528075308,1.0,-1.0,-1.0,1.0,1.0,0.0,46.4147728023604,9534.897950719644,9488.483177917284,1.8605615061601097,0.29,20.0,REV_SHORT,STOP,2319.81,2024-06-14 08:15:00,2024-06-14 08:20:00,2024-06-14 09:59:00
32971.0,164258.0,164276.0,32975.0,-1.0,4.0,2320.0,2322.2411401487466,2310.0,2.583324926887813,0.13,2318.825,2322.2411401487466,1.0,1.0,1.0,1.0,0.0,1.0,44.409821933707924,9488.483177917284,9444.073355983575,1.5822802974937284,0.29,4.0,REV_SHORT,STOP,2318.97,2024-06-17 08:30:00,2024-06-17 08:35:00,2024-06-17 08:53:00
33013.0,164468.0,164527.0,33025.0,-1.0,2.0,2320.0,2321.436038551031,2310.0,3.119553219743143,0.17,2318.66,2321.436038551031,1.0,1.0,1.0,1.0,0.0,1.0,47.19265536752664,9444.073355983575,9396.88070061605,1.4360385510309037,0.29,12.0,BREAK_SHORT,STOP,2318.805,2024-06-17 12:00:00,2024-06-17 12:05:00,2024-06-17 13:04:00
33493.0,166858.0,166908.0,33504.0,-1.0,4.0,2330.0,2330.6648619793277,2320.0,10.917884797540946,0.26,2329.77,2330.6648619793277,1.0,-1.0,-1.0,-1.0,0.0,0.0,23.26641146252132,9396.88070061605,9373.614289153527,0.7497239586551672,0.29,11.0,REV_SHORT,STOP,2329.915,2024-06-19 06:00:00,2024-06-19 06:05:00,2024-06-19 06:55:00
33561.0,167198.0,167200.0,33562.0,-1.0,4.0,2330.0,2330.805097032782,2320.0,4.77782694874749,0.12,2328.935,2330.805097032782,1.0,-1.0,1.0,-1.0,0.0,0.0,22.441164393387226,9373.614289153527,9351.17312476014,0.9901940655641864,0.29,1.0,REV_SHORT,STOP,2329.08,2024-06-19 11:40:00,2024-06-19 11:45:00,2024-06-19 11:47:00
33616.0,167473.0,167509.0,33624.0,1.0,1.0,2330.0,2328.9096873156986,2340.0,4.409083584770437,0.22,2330.96,2328.9096873156986,1.0,1.0,1.0,1.0,0.0,0.0,45.106879054630554,9351.17312476014,9306.06624570551,1.0903126843012916,0.29,8.0,BREAK_LONG,STOP,2330.815,2024-06-19 16:15:00,2024-06-19 16:20:00,2024-06-19 16:56:00
33676.0,167768.0,167771.0,33677.0,-1.0,4.0,2330.0,2330.5096850256227,2320.0,10.427483032582758,0.25,2329.59,2330.5096850256227,1.0,-1.0,0.0,-1.0,0.0,0.0,22.99212564056461,9306.06624570551,9283.074120064945,0.3693700512459984,0.29,1.0,REV_SHORT,STOP,2329.735,2024-06-19 22:15:00,2024-06-19 22:20:00,2024-06-19 22:23:00
33712.0,167948.0,168148.0,33753.0,1.0,1.0,2330.0,2328.8456037790443,2340.0,2.801257696999732,0.15,2331.78,2340.0,2.0,1.0,1.0,1.0,0.0,0.0,44.01594331433898,9283.074120064945,9406.374120064942,1.154396220955852,0.29,41.0,BREAK_LONG,TARGET,2331.635,2024-06-20 01:15:00,2024-06-20 01:20:00,2024-06-20 04:40:00
34666.0,172703.0,172744.0,34675.0,1.0,3.0,2330.0,2326.808214459948,2340.0,2.693330798315347,0.13,2330.38,2326.808214459948,1.0,-1.0,1.0,1.0,0.0,1.0,46.433212020677736,9406.374120064942,9359.940908044264,1.5335710801038982,0.29,9.0,REV_LONG,STOP,2330.235,2024-06-25 11:45:00,2024-06-25 11:50:00,2024-06-25 12:31:00
34713.0,172938.0,173177.0,34761.0,1.0,3.0,2320.0,2314.3445102797846,2330.0,1.6376070818376616,0.03,2320.28,2319.27,3.0,-1.0,-1.0,-1.0,1.0,1.0,17.806469160646884,9359.940908044264,9356.910908044263,2.670979440430574,0.29,48.0,REV_LONG,TIME,2320.135,2024-06-25 15:40:00,2024-06-25 15:45:00,2024-06-25 19:44:00
34928.0,174008.0,174028.0,34933.0,1.0,3.0,2310.0,2306.9295347617935,2320.0,2.1042805245375846,0.05,2311.14,2306.9295347617935,1.0,-1.0,-1.0,-1.0,1.0,1.0,21.052326191031625,9356.910908044263,9335.858581853232,1.7009304764129163,0.29,5.0,REV_LONG,STOP,2310.995,2024-06-26 10:35:00,2024-06-26 10:40:00,2024-06-26 11:00:00
35474.0,176728.0,176732.0,35475.0,-1.0,4.0,2330.0,2331.2579627430528,2320.0,5.769822589281015,0.14,2329.595,2331.2579627430528,1.0,-1.0,-1.0,-1.0,1.0,1.0,23.281478402741413,9335.858581853232,9312.57710345049,1.1659254861048303,0.29,1.0,REV_SHORT,STOP,2329.74,2024-06-28 10:05:00,2024-06-28 10:10:00,2024-06-28 10:14:00
35516.0,176938.0,176996.0,35528.0,1.0,3.0,2330.0,2325.6766122314575,2340.0,1.6459194096118694,0.08,2331.09,2325.6766122314575,1.0,1.0,1.0,1.0,0.0,1.0,43.30710214834107,9312.57710345049,9269.27000130215,2.77677553708529,0.29,12.0,REV_LONG,STOP,2330.945,2024-06-28 13:35:00,2024-06-28 13:40:00,2024-06-28 14:38:00
35560.0,177158.0,177169.0,35563.0,1.0,1.0,2330.0,2328.286730848706,2340.0,2.750323325942623,0.14,2331.41,2328.286730848706,1.0,1.0,1.0,1.0,0.0,0.0,43.72576811811178,9269.27000130215,9225.544233184037,1.713269151293725,0.29,3.0,BREAK_LONG,STOP,2331.265,2024-06-28 17:15:00,2024-06-28 17:20:00,2024-06-28 17:31:00
36334.0,181013.0,181026.0,36337.0,1.0,1.0,2350.0,2347.7712891633723,2360.0,2.4314542894281175,0.12,2351.335,2347.7712891633723,1.0,1.0,1.0,1.0,0.0,0.0,42.764530039532474,9225.544233184037,9182.779703144504,2.2287108366274517,0.29,3.0,BREAK_LONG,STOP,2351.19,2024-07-03 12:45:00,2024-07-03 12:50:00,2024-07-03 13:03:00
36761.0,183138.0,183377.0,36809.0,1.0,1.0,2360.0,2358.9062951711094,2370.0,4.045563498620173,0.2,2361.105,2365.385,3.0,1.0,1.0,1.0,0.0,1.0,43.974096577812816,9182.779703144504,9268.379703144508,1.0937048288907574,0.29,48.0,BREAK_LONG,TIME,2360.96,2024-07-05 02:20:00,2024-07-05 02:25:00,2024-07-05 06:24:00
37128.0,184968.0,185207.0,37176.0,1.0,3.0,2370.0,2367.602856999747,2380.0,3.4559690135002685,0.16,2370.3849999999998,2375.405,3.0,-1.0,-1.0,1.0,1.0,1.0,44.51428800404392,9268.379703144508,9348.699703144515,1.504286000506286,0.29,48.0,REV_LONG,TIME,2370.24,2024-07-08 09:55:00,2024-07-08 10:00:00,2024-07-08 13:59:00
37376.0,186203.0,186442.0,37424.0,1.0,3.0,2360.0,2357.8437617032055,2370.0,3.7462347849504747,0.18,2360.405,2359.225,3.0,-1.0,-1.0,1.0,0.0,1.0,46.10228934230508,9348.699703144515,9327.45970314451,1.2324765935892836,0.29,48.0,REV_LONG,TIME,2360.26,2024-07-09 07:35:00,2024-07-09 07:40:00,2024-07-09 11:39:00
37630.0,187468.0,187524.0,37642.0,-1.0,4.0,2370.0,2370.865933398561,2360.0,3.1938296849297485,0.18,2368.275,2370.865933398561,1.0,-1.0,-1.0,1.0,0.0,0.0,46.636801174097855,9327.45970314451,9280.822901970412,0.9518667971221985,0.29,12.0,REV_SHORT,STOP,2368.42,2024-07-10 05:45:00,2024-07-10 05:50:00,2024-07-10 06:46:00
37890.0,188763.0,188888.0,37916.0,1.0,1.0,2380.0,2379.1441487884194,2390.0,3.3846945086214193,0.18,2381.62,2379.1441487884194,1.0,1.0,1.0,1.0,0.0,1.0,44.56532180844806,9280.822901970412,9236.257580161964,0.8558512115804837,0.29,26.0,BREAK_LONG,STOP,2381.475,2024-07-11 04:25:00,2024-07-11 04:30:00,2024-07-11 06:35:00
38008.0,189353.0,189383.0,38015.0,-1.0,4.0,2410.0,2413.9693820612097,2400.0,2.222923559560792,0.05,2409.635,2413.9693820612097,1.0,-1.0,-1.0,-1.0,1.0,1.0,21.671910306047266,9236.257580161964,9214.585669855916,4.008764122419138,0.29,7.0,REV_SHORT,STOP,2409.78,2024-07-11 14:15:00,2024-07-11 14:20:00,2024-07-11 14:50:00
38413.0,191368.0,191468.0,38434.0,-1.0,4.0,2410.0,2411.6315778711014,2400.0,2.967685111066349,0.07,2408.7,2411.6315778711014,1.0,-1.0,-1.0,-1.0,0.0,0.0,20.52104509771107,9214.585669855916,9194.064624758204,1.4531557422024561,0.29,21.0,REV_SHORT,STOP,2408.845,2024-07-15 02:00:00,2024-07-15 02:05:00,2024-07-15 03:45:00
38495.0,191778.0,191813.0,38503.0,1.0,1.0,2410.0,2408.678045878641,2420.0,2.835409920309505,0.15,2411.63,2408.678045878641,1.0,1.0,1.0,1.0,0.0,1.0,44.27931182038492,9194.064624758204,9149.78531293782,1.3219541213588275,0.29,8.0,BREAK_LONG,STOP,2411.485,2024-07-15 08:50:00,2024-07-15 08:55:00,2024-07-15 09:30:00
38571.0,192158.0,192264.0,38593.0,1.0,1.0,2430.0,2427.493390130312,2440.0,1.0581558036290077,0.07,2433.57,2427.493390130312,1.0,1.0,1.0,1.0,0.0,0.0,42.5362690878169,9149.78531293782,9107.249043850003,2.506609869688169,0.29,22.0,BREAK_LONG,STOP,2433.425,2024-07-15 15:10:00,2024-07-15 15:15:00,2024-07-15 17:01:00
38734.0,192968.0,192988.0,38739.0,1.0,1.0,2430.0,2428.7600808005664,2440.0,4.620186656849887,0.11,2430.7599999999998,2428.7600808005664,1.0,1.0,1.0,-1.0,0.0,0.0,21.999111193767476,9107.249043850003,9085.249932656236,1.2399191994335965,0.29,5.0,BREAK_LONG,STOP,2430.615,2024-07-16 05:45:00,2024-07-16 05:50:00,2024-07-16 06:10:00
38952.0,194053.0,194055.0,38953.0,-1.0,4.0,2470.0,2474.043459943816,2460.0,1.6062103254443876,0.04,2468.655,2474.043459943816,1.0,-1.0,-1.0,-1.0,0.0,1.0,21.55383977526253,9085.249932656236,9063.696092880973,1.3569198876320818,0.29,1.0,REV_SHORT,STOP,2468.8,2024-07-17 00:55:00,2024-07-17 01:00:00,2024-07-17 01:02:00
39208.0,195328.0,195372.0,39217.0,1.0,1.0,2460.0,2459.2601122737965,2470.0,4.652906526042701,0.23,2461.16,2459.2601122737965,1.0,1.0,1.0,1.0,0.0,0.0,43.697417702677285,9063.696092880973,9019.998675178296,0.73988772620337,0.29,9.0,BREAK_LONG,STOP,2461.015,2024-07-17 23:15:00,2024-07-17 23:20:00,2024-07-18 00:04:00
39298.0,195778.0,195791.0,39301.0,-1.0,4.0,2470.0,2473.0734092635957,2460.0,3.0307615231701517,0.06,2469.83,2473.0734092635957,1.0,-1.0,-1.0,-1.0,1.0,1.0,19.460455581574934,9019.998675178296,9000.538219596721,1.6868185271916063,0.29,3.0,REV_SHORT,STOP,2469.975,2024-07-18 06:45:00,2024-07-18 06:50:00,2024-07-18 07:03:00
39640.0,197483.0,197529.0,39650.0,-1.0,2.0,2410.0,2412.125998572009,2400.0,2.3441818387949946,0.12,2408.5,2400.0,2.0,1.0,1.0,1.0,0.0,0.0,43.51198286410727,9000.538219596721,9102.538219596721,2.1259985720090095,0.29,10.0,BREAK_SHORT,TARGET,2408.645,2024-07-19 12:15:00,2024-07-19 12:20:00,2024-07-19 13:06:00
39698.0,197773.0,197791.0,39702.0,1.0,3.0,2400.0,2397.515335078275,2410.0,3.694074362429855,0.08,2400.175,2397.515335078275,1.0,-1.0,-1.0,-1.0,1.0,1.0,21.27731937380304,9102.538219596721,9081.260900222918,1.8293298434499938,0.29,4.0,REV_LONG,STOP,2400.03,2024-07-19 17:05:00,2024-07-19 17:10:00,2024-07-19 17:28:00
39845.0,198503.0,198742.0,39893.0,1.0,3.0,2400.0,2398.034529966574,2410.0,1.3738798076523213,0.04,2403.075,2404.08,3.0,-1.0,-1.0,-1.0,0.0,0.0,20.161880133702653,9081.260900222918,9085.280900222919,1.9909400668524173,0.29,48.0,REV_LONG,TIME,2402.93,2024-07-22 06:20:00,2024-07-22 06:25:00,2024-07-22 10:24:00
39913.0,198843.0,198872.0,39919.0,-1.0,2.0,2400.0,2401.535712212214,2390.0,1.666777549288155,0.1,2397.21,2390.0,2.0,1.0,1.0,1.0,0.0,0.0,43.25712212214057,9085.280900222919,9157.380900222919,1.5357122122138864,0.29,6.0,BREAK_SHORT,TARGET,2397.355,2024-07-22 12:00:00,2024-07-22 12:05:00,2024-07-22 12:34:00
40058.0,199563.0,199574.0,40061.0,-1.0,4.0,2400.0,2401.2510432161716,2390.0,2.7932836429447176,0.07,2398.285,2401.2510432161716,1.0,1.0,-1.0,-1.0,0.0,0.0,20.76230251320249,9157.380900222919,9136.618597709716,0.9720864323433048,0.29,3.0,REV_SHORT,STOP,2398.43,2024-07-23 01:05:00,2024-07-23 01:10:00,2024-07-23 01:21:00
40123.0,199888.0,199892.0,40124.0,-1.0,2.0,2390.0,2391.554672215689,2380.0,3.427633534289855,0.08,2388.945,2391.554672215689,1.0,1.0,1.0,-1.0,0.0,1.0,20.877377725511906,9136.618597709716,9115.741219984204,1.5546722156891026,0.29,1.0,BREAK_SHORT,STOP,2389.09,2024-07-23 06:30:00,2024-07-23 06:35:00,2024-07-23 06:39:00
40324.0,200888.0,200938.0,40335.0,-1.0,4.0,2410.0,2410.654742441477,2400.0,6.504700944484576,0.32,2409.235,2410.654742441477,1.0,-1.0,-1.0,1.0,0.0,0.0,45.43175812726258,9115.741219984204,9070.309461856941,0.7194848829543538,0.29,11.0,REV_SHORT,STOP,2409.38,2024-07-24 00:15:00,2024-07-24 00:20:00,2024-07-24 01:10:00
40350.0,201018.0,201257.0,40398.0,1.0,1.0,2410.0,2408.310863793231,2420.0,1.3786756644367875,0.04,2413.225,2415.13,3.0,1.0,1.0,-1.0,0.0,0.0,19.656544827075777,9070.309461856941,9077.929461856942,1.689136206769034,0.29,48.0,BREAK_LONG,TIME,2413.08,2024-07-24 02:25:00,2024-07-24 02:30:00,2024-07-24 06:29:00
40563.0,202083.0,202125.0,40572.0,-1.0,2.0,2400.0,2401.9399252078624,2390.0,2.839296577832779,0.14,2398.83,2397.495,4.0,1.0,1.0,1.0,0.0,1.0,43.53895291007485,9077.929461856942,9096.619461856943,1.9399252078622533,0.29,9.0,BREAK_SHORT,SESSION,2398.975,2024-07-24 20:10:00,2024-07-24 20:15:00,2024-07-24 20:57:00
40592.0,202223.0,202329.0,40614.0,-1.0,4.0,2400.0,2402.0976868323723,2390.0,4.16402220954218,0.09,2399.755,2390.0,2.0,1.0,-1.0,-1.0,0.0,1.0,21.084181491350133,9096.619461856943,9184.414461856944,1.5453736647454202,0.29,22.0,REV_SHORT,TARGET,2399.9,2024-07-24 23:35:00,2024-07-24 23:40:00,2024-07-25 01:26:00
40684.0,202683.0,202898.0,40728.0,1.0,3.0,2370.0,2364.6333815484177,2380.0,1.0268256111430794,0.06,2372.215,2380.0,2.0,-1.0,-1.0,1.0,1.0,1.0,45.48971070949483,9184.414461856944,9231.124461856944,2.563236903164664,0.29,44.0,REV_LONG,TARGET,2372.07,2024-07-25 07:15:00,2024-07-25 07:20:00,2024-07-25 10:55:00
40888.0,203698.0,203721.0,40893.0,1.0,3.0,2360.0,2355.209219872741,2370.0,1.4981133920448337,0.03,2361.13,2370.0,2.0,-1.0,-1.0,-1.0,0.0,0.0,17.76234038177745,9231.124461856944,9257.734461856944,1.7715602545178963,0.29,5.0,REV_LONG,TARGET,2360.985,2024-07-26 01:15:00,2024-07-26 01:20:00,2024-07-26 01:43:00
41289.0,205698.0,205707.0,41291.0,1.0,3.0,2390.0,2388.269242237697,2400.0,3.536680865208179,0.08,2390.855,2388.269242237697,1.0,1.0,-1.0,-1.0,0.0,0.0,20.686062098422553,9257.734461856944,9237.048399758522,1.6015155246062194,0.29,2.0,REV_LONG,STOP,2390.71,2024-07-29 11:40:00,2024-07-29 11:45:00,2024-07-29 11:54:00
41596.0,207228.0,207291.0,41609.0,1.0,3.0,2390.0,2387.1723428680834,2400.0,2.9681465149106248,0.07,2390.405,2387.1723428680834,1.0,1.0,1.0,-1.0,0.0,0.0,22.62859992341737,9237.048399758522,9214.419799835105,2.755314263833437,0.29,13.0,REV_LONG,STOP,2390.26,2024-07-30 14:15:00,2024-07-30 14:20:00,2024-07-30 15:23:00
41761.0,208048.0,208129.0,41778.0,-1.0,4.0,2420.0,2422.4467249742793,2410.0,3.7115900010273286,0.08,2419.805,2422.4467249742793,1.0,-1.0,-1.0,-1.0,1.0,1.0,21.13379979423553,9214.419799835105,9193.28600004087,1.803449948558772,0.29,17.0,REV_SHORT,STOP,2419.95,2024-07-31 05:00:00,2024-07-31 05:05:00,2024-07-31 06:26:00
41809.0,208288.0,208319.0,41816.0,1.0,1.0,2420.0,2418.197075414011,2430.0,2.4481988397589394,0.13,2421.62,2418.197075414011,1.0,1.0,1.0,1.0,0.0,1.0,44.49801961785397,9193.28600004087,9148.787980423014,1.802924585988986,0.29,7.0,BREAK_LONG,STOP,2421.475,2024-07-31 09:00:00,2024-07-31 09:05:00,2024-07-31 09:36:00
42012.0,209298.0,209537.0,42060.0,1.0,3.0,2440.0,2435.9320719101333,2450.0,1.5153064483977274,0.08,2441.525,2444.725,3.0,1.0,-1.0,1.0,0.0,1.0,44.743424718933966,9148.787980423014,9174.387980423013,2.7758561797336276,0.29,48.0,REV_LONG,TIME,2441.38,2024-08-01 02:55:00,2024-08-01 03:00:00,2024-08-01 06:59:00
42262.0,210543.0,210553.0,42265.0,1.0,1.0,2450.0,2448.418854401348,2460.0,3.019632192163513,0.07,2451.3,2448.418854401348,1.0,1.0,1.0,-1.0,0.0,1.0,20.168019190563886,9174.387980423013,9154.21996123245,1.5811455986517464,0.29,3.0,BREAK_LONG,STOP,2451.155,2024-08-02 00:45:00,2024-08-02 00:50:00,2024-08-02 01:00:00
42270.0,210583.0,210616.0,42277.0,1.0,3.0,2440.0,2437.28315560547,2450.0,1.124131438283042,0.03,2443.27,2450.0,2.0,1.0,-1.0,-1.0,0.0,0.0,17.96053318359054,9154.21996123245,9174.40996123245,2.6636887890597403,0.29,7.0,REV_LONG,TARGET,2443.125,2024-08-02 01:25:00,2024-08-02 01:30:00,2024-08-02 02:03:00
42673.0,212593.0,212608.0,42677.0,-1.0,2.0,2390.0,2394.3580777463917,2380.0,1.813611404714402,0.04,2389.255,2380.0,2.0,1.0,1.0,-1.0,0.0,0.0,20.412310985566364,9174.40996123245,9211.42996123245,4.358077746391496,0.29,4.0,BREAK_SHORT,TARGET,2389.4,2024-08-05 12:00:00,2024-08-05 12:05:00,2024-08-05 12:20:00
42951.0,213978.0,213983.0,42953.0,1.0,3.0,2410.0,2406.888556549213,2420.0,2.3392671039635897,0.05,2410.815,2406.888556549213,1.0,-1.0,1.0,-1.0,0.0,0.0,19.632217253936236,9211.42996123245,9191.797743978514,1.9628869015743504,0.29,2.0,REV_LONG,STOP,2410.67,2024-08-06 12:10:00,2024-08-06 12:15:00,2024-08-06 12:20:00
42979.0,214118.0,214149.0,42986.0,1.0,3.0,2390.0,2384.31982768971,2400.0,1.2335879544304276,0.06,2391.34,2384.31982768971,1.0,-1.0,-1.0,1.0,1.0,0.0,42.121033861740216,9191.797743978514,9149.676710116773,3.960344620580254,0.29,7.0,REV_LONG,STOP,2391.195,2024-08-06 14:30:00,2024-08-06 14:35:00,2024-08-06 15:06:00
43010.0,214273.0,214319.0,43020.0,-1.0,4.0,2390.0,2393.0405431761296,2380.0,2.5918986618501023,0.06,2389.41,2393.0405431761296,1.0,1.0,1.0,-1.0,1.0,1.0,21.78325905677866,9149.676710116773,9127.893451059994,2.711086352259683,0.29,10.0,REV_SHORT,STOP,2389.555,2024-08-06 17:05:00,2024-08-06 17:10:00,2024-08-06 17:56:00
43037.0,214408.0,214417.0,43039.0,1.0,3.0,2390.0,2388.442331340353,2400.0,3.4924823942286296,0.17,2391.015,2388.442331340353,1.0,-1.0,-1.0,1.0,1.0,0.0,43.73536721399478,9127.893451059994,9084.158083846,1.7053373192943144,0.29,2.0,REV_LONG,STOP,2390.87,2024-08-06 19:20:00,2024-08-06 19:25:00,2024-08-06 19:34:00
43059.0,214513.0,214698.0,43097.0,-1.0,4.0,2390.0,2391.3145033191954,2380.0,3.9854535234638604,0.1,2389.045,2380.0,2.0,1.0,0.0,-1.0,0.0,0.0,22.695033191953375,9084.158083846,9174.608083846,1.2490066383906953,0.29,38.0,REV_SHORT,TARGET,2389.19,2024-08-06 22:10:00,2024-08-06 22:15:00,2024-08-07 01:20:00
43177.0,215103.0,215334.0,43224.0,1.0,3.0,2390.0,2387.149045059763,2400.0,3.2751655283371917,0.07,2390.155,2400.0,2.0,-1.0,1.0,-1.0,0.0,1.0,21.041684581660324,9174.608083846,9243.523083846,1.9119098804737538,0.29,47.0,REV_LONG,TARGET,2390.01,2024-08-07 08:00:00,2024-08-07 08:05:00,2024-08-07 11:56:00
43301.0,215723.0,215734.0,43304.0,1.0,3.0,2390.0,2386.5130507586223,2400.0,2.7083138494031638,0.06,2390.15,2386.5130507586223,1.0,-1.0,-1.0,-1.0,0.0,1.0,21.821695448266837,9243.523083846,9221.701388397732,2.1638984827554,0.29,3.0,REV_LONG,STOP,2390.005,2024-08-07 18:20:00,2024-08-07 18:25:00,2024-08-07 18:36:00
43436.0,216393.0,216632.0,43484.0,-1.0,4.0,2400.0,2401.766797307201,2390.0,3.6021627424514007,0.09,2399.21,2400.395,3.0,-1.0,-1.0,-1.0,1.0,0.0,23.011175764810105,9221.701388397732,9211.036388397733,1.9235946144022,0.29,48.0,REV_SHORT,TIME,2399.355,2024-08-08 06:35:00,2024-08-08 06:40:00,2024-08-08 10:39:00
43679.0,217603.0,217713.0,43702.0,1.0,3.0,2420.0,2418.615944634632,2430.0,2.770734215727402,0.07,2421.6349999999998,2418.615944634632,1.0,1.0,-1.0,-1.0,0.0,0.0,21.133387557575137,9211.036388397733,9189.903000840159,1.5581107307360258,0.29,23.0,REV_LONG,STOP,2421.49,2024-08-09 03:50:00,2024-08-09 03:55:00,2024-08-09 05:45:00
43877.0,218593.0,218625.0,43884.0,-1.0,4.0,2430.0,2431.5008369998754,2420.0,5.644667869188621,0.13,2429.77,2431.075,4.0,-1.0,-1.0,-1.0,0.0,1.0,22.50088099838104,9189.903000840159,9172.93800084016,1.151673999750437,0.29,7.0,REV_SHORT,SESSION,2429.915,2024-08-09 20:20:00,2024-08-09 20:25:00,2024-08-09 20:57:00
43895.0,218678.0,218695.0,43899.0,1.0,3.0,2430.0,2428.9364951555153,2440.0,5.856815386889544,0.28,2430.55,2428.9364951555153,1.0,1.0,0.0,1.0,0.0,0.0,45.17813564557582,9172.93800084016,9127.759865194585,1.2670096889700915,0.29,4.0,REV_LONG,STOP,2430.405,2024-08-11 22:50:00,2024-08-11 22:55:00,2024-08-11 23:12:00
43979.0,219098.0,219202.0,44000.0,1.0,3.0,2430.0,2428.599791800993,2440.0,1.8859765421661008,0.05,2432.55,2440.0,2.0,1.0,1.0,-1.0,0.0,0.0,19.751040995035964,9127.759865194585,9165.009865194585,1.170416398013978,0.29,21.0,REV_LONG,TARGET,2432.405,2024-08-12 05:50:00,2024-08-12 05:55:00,2024-08-12 07:39:00
44296.0,220678.0,220868.0,44335.0,1.0,3.0,2460.0,2458.2017731289957,2470.0,2.9089927216369786,0.07,2461.22,2470.0,2.0,1.0,-1.0,-1.0,0.0,0.0,21.12758809702882,9165.009865194585,9226.469865194586,1.5164537420089135,0.29,39.0,REV_LONG,TARGET,2461.075,2024-08-13 09:15:00,2024-08-13 09:20:00,2024-08-13 12:30:00
44479.0,221588.0,221644.0,44491.0,-1.0,4.0,2470.0,2473.391856283544,2460.0,2.2062047086240795,0.05,2469.215,2460.0,2.0,-1.0,-1.0,-1.0,0.0,1.0,20.884281417718288,9226.469865194586,9272.544865194586,1.4637125670881124,0.29,12.0,REV_SHORT,TARGET,2469.36,2024-08-14 01:30:00,2024-08-14 01:35:00,2024-08-14 02:31:00
44969.0,224033.0,224043.0,44972.0,1.0,1.0,2460.0,2458.6608453123076,2470.0,4.629733782107163,0.11,2460.675,2458.6608453123076,1.0,1.0,1.0,-1.0,0.0,0.0,22.155701564618084,9272.544865194586,9250.389163629969,1.3391546876923153,0.29,3.0,BREAK_LONG,STOP,2460.53,2024-08-15 19:20:00,2024-08-15 19:25:00,2024-08-15 19:35:00
45170.0,225033.0,225064.0,45177.0,-1.0,4.0,2490.0,2494.488691924727,2480.0,1.6397349538702166,0.04,2489.0,2494.488691924727,1.0,-1.0,-1.0,-1.0,1.0,0.0,21.954767698907744,9250.389163629969,9228.43439593106,3.477383849454177,0.29,7.0,REV_SHORT,STOP,2489.145,2024-08-16 13:05:00,2024-08-16 13:10:00,2024-08-16 13:41:00
45591.0,227128.0,227363.0,45639.0,1.0,3.0,2500.0,2497.9205847251815,2510.0,3.911498842223461,0.18,2500.38,2497.9205847251815,1.0,1.0,-1.0,1.0,0.0,0.0,44.2694749467355,9228.43439593106,9184.164920984325,1.6988305496367258,0.29,48.0,REV_LONG,STOP,2500.235,2024-08-20 02:10:00,2024-08-20 02:15:00,2024-08-20 06:10:00
45672.0,227533.0,227543.0,45675.0,-1.0,4.0,2520.0,2524.522794114128,2510.0,2.0332954525496616,0.04,2519.735,2524.522794114128,1.0,-1.0,-1.0,-1.0,1.0,1.0,19.151176456511166,9184.164920984325,9165.013744527814,2.6755882282563763,0.29,3.0,REV_SHORT,STOP,2519.88,2024-08-20 08:55:00,2024-08-20 09:00:00,2024-08-20 09:10:00
46139.0,229858.0,230021.0,46172.0,-1.0,2.0,2510.0,2511.3068952429894,2500.0,1.9089786413418837,0.05,2507.42,2500.0,2.0,1.0,1.0,-1.0,0.0,1.0,19.4344762149467,9165.013744527814,9202.113744527815,1.306895242989365,0.29,33.0,BREAK_SHORT,TARGET,2507.565,2024-08-22 01:50:00,2024-08-22 01:55:00,2024-08-22 04:38:00
46290.0,230613.0,230644.0,46297.0,-1.0,2.0,2480.0,2483.9429211041083,2470.0,1.2623883818363497,0.07,2477.78,2483.9429211041083,1.0,1.0,1.0,1.0,0.0,0.0,43.14044772875696,9202.113744527815,9158.973296799057,3.9429211041084686,0.29,7.0,BREAK_SHORT,STOP,2477.925,2024-08-22 14:25:00,2024-08-22 14:30:00,2024-08-22 15:01:00
46405.0,231183.0,231316.0,46432.0,-1.0,4.0,2490.0,2492.1214187783157,2480.0,2.5741439116332185,0.06,2488.73,2492.1214187783157,1.0,1.0,-1.0,-1.0,0.0,1.0,20.348512669894262,9158.973296799057,9138.624784129162,1.182837556631302,0.29,27.0,REV_SHORT,STOP,2488.875,2024-08-23 01:00:00,2024-08-23 01:05:00,2024-08-23 03:18:00
46876.0,233533.0,233546.0,46879.0,1.0,1.0,2520.0,2518.237331658757,2530.0,3.845253423381459,0.18,2520.665,2518.237331658757,1.0,1.0,1.0,1.0,0.0,0.0,43.69803014237641,9138.624784129162,9094.926753986787,1.762668341243386,0.29,3.0,BREAK_LONG,STOP,2520.52,2024-08-26 17:15:00,2024-08-26 17:20:00,2024-08-26 17:33:00
46901.0,233658.0,233750.0,46920.0,-1.0,4.0,2520.0,2521.626484417571,2510.0,4.0960174560154705,0.09,2519.345,2518.3849999999998,4.0,-1.0,-1.0,-1.0,0.0,0.0,20.533359758142524,9094.926753986787,9103.566753986786,1.3029688351427233,0.29,19.0,REV_SHORT,SESSION,2519.49,2024-08-26 19:20:00,2024-08-26 19:25:00,2024-08-26 20:57:00
46960.0,233948.0,233976.0,46966.0,1.0,3.0,2510.0,2509.1207079352484,2520.0,2.921466021179652,0.16,2511.895,2509.1207079352484,1.0,1.0,-1.0,1.0,0.0,0.0,44.38867303602456,9103.566753986786,9059.178080950762,1.0885841295033638,0.29,6.0,REV_LONG,STOP,2511.75,2024-08-27 01:15:00,2024-08-27 01:20:00,2024-08-27 01:48:00
47039.0,234343.0,234367.0,47044.0,-1.0,2.0,2510.0,2511.7741362331913,2500.0,2.0509770896205546,0.05,2507.915,2511.7741362331913,1.0,1.0,1.0,-1.0,0.0,0.0,19.29568116595647,9059.178080950762,9039.882399784805,1.7741362331911088,0.29,5.0,BREAK_SHORT,STOP,2508.06,2024-08-27 07:50:00,2024-08-27 07:55:00,2024-08-27 08:19:00
47098.0,234638.0,234643.0,47100.0,-1.0,2.0,2510.0,2511.568565600992,2500.0,3.2013037920087712,0.08,2508.815,2511.568565600992,1.0,1.0,1.0,-1.0,0.0,1.0,22.028524807934446,9039.882399784805,9017.85387497687,1.5685656009920526,0.29,2.0,BREAK_SHORT,STOP,2508.96,2024-08-27 12:45:00,2024-08-27 12:50:00,2024-08-27 12:55:00
47419.0,236238.0,236477.0,47467.0,1.0,3.0,2500.0,2495.3080256079174,2510.0,1.7273146896104465,0.04,2500.695,2505.295,3.0,-1.0,-1.0,-1.0,1.0,1.0,21.54789756833088,9017.85387497687,9036.25387497687,2.313948784165703,0.29,48.0,REV_LONG,TIME,2500.55,2024-08-28 16:30:00,2024-08-28 16:35:00,2024-08-28 20:34:00
47651.0,237393.0,237415.0,47656.0,-1.0,2.0,2510.0,2512.742908653517,2500.0,2.4647159171099564,0.12,2509.065,2512.742908653517,1.0,1.0,1.0,1.0,0.0,0.0,44.13490384220495,9036.25387497687,8992.118971134665,2.7429086535169955,0.29,5.0,BREAK_SHORT,STOP,2509.21,2024-08-29 12:50:00,2024-08-29 12:55:00,2024-08-29 13:17:00
47677.0,237523.0,237762.0,47725.0,1.0,1.0,2520.0,2517.3057974466715,2530.0,1.8277188214455014,0.05,2521.795,2522.92,3.0,1.0,1.0,-1.0,0.0,0.0,22.44601276664298,8992.118971134665,8997.743971134665,2.694202553328684,0.29,48.0,BREAK_LONG,TIME,2521.65,2024-08-29 15:00:00,2024-08-29 15:05:00,2024-08-29 19:04:00
47765.0,237958.0,237968.0,47768.0,1.0,3.0,2520.0,2519.4820968139884,2530.0,7.707571358214709,0.18,2520.69,2519.4820968139884,1.0,1.0,-1.0,-1.0,0.0,1.0,21.742257348209932,8997.743971134665,8976.001713786456,0.6058063720227088,0.29,3.0,REV_LONG,STOP,2520.545,2024-08-29 23:20:00,2024-08-29 23:25:00,2024-08-29 23:35:00
47853.0,238398.0,238399.0,47854.0,1.0,1.0,2520.0,2518.334890354031,2530.0,3.921759491510658,0.09,2520.705,2518.334890354031,1.0,1.0,1.0,-1.0,0.0,1.0,21.33098681372121,8976.001713786456,8954.670726972734,1.6651096459689116,0.29,1.0,BREAK_LONG,STOP,2520.56,2024-08-30 06:40:00,2024-08-30 06:45:00,2024-08-30 06:46:00
47902.0,238643.0,238675.0,47909.0,-1.0,2.0,2520.0,2521.598470544743,2510.0,1.2549892030775058,0.08,2516.455,2521.598470544743,1.0,1.0,1.0,1.0,0.0,0.0,41.14776435794556,8954.670726972734,8913.522962614788,1.5984705447432868,0.29,7.0,BREAK_SHORT,STOP,2516.6,2024-08-30 10:45:00,2024-08-30 10:50:00,2024-08-30 11:22:00
48148.0,239868.0,239886.0,48152.0,-1.0,4.0,2500.0,2502.242372116464,2490.0,1.9062893253459534,0.1,2498.03,2502.242372116464,1.0,1.0,1.0,1.0,0.0,1.0,42.12372116463939,8913.522962614788,8871.399241450148,1.77474423292834,0.29,4.0,REV_SHORT,STOP,2498.175,2024-09-02 08:15:00,2024-09-02 08:20:00,2024-09-02 08:38:00
48220.0,240228.0,240253.0,48226.0,-1.0,2.0,2500.0,2501.42942173111,2490.0,4.014175996973212,0.19,2499.15,2501.42942173111,1.0,1.0,1.0,1.0,0.0,0.0,43.309012891085786,8871.399241450148,8828.090228559062,1.4294217311099218,0.29,6.0,BREAK_SHORT,STOP,2499.295,2024-09-02 14:15:00,2024-09-02 14:20:00,2024-09-02 14:45:00
48492.0,241583.0,241603.0,48497.0,1.0,3.0,2480.0,2473.695477937761,2490.0,1.4649584518462082,0.03,2480.31,2473.695477937761,1.0,-1.0,-1.0,-1.0,1.0,1.0,19.843566186716544,8828.090228559062,8808.246662372345,3.8590441244779843,0.29,5.0,REV_LONG,STOP,2480.165,2024-09-03 13:55:00,2024-09-03 14:00:00,2024-09-03 14:20:00
48950.0,243863.0,243989.0,48976.0,1.0,1.0,2500.0,2498.7622840397444,2510.0,1.593688592407309,0.1,2503.095,2510.0,2.0,1.0,1.0,1.0,0.0,0.0,43.327159602554275,8808.246662372345,8877.296662372348,1.2377159602558467,0.29,26.0,BREAK_LONG,TARGET,2502.95,2024-09-05 06:05:00,2024-09-05 06:10:00,2024-09-05 08:16:00
49501.0,246608.0,246640.0,49508.0,-1.0,2.0,2490.0,2491.3418721748835,2480.0,4.87092268439883,0.22,2489.41,2491.3418721748835,1.0,1.0,1.0,1.0,0.0,0.0,42.50118784744063,8877.296662372348,8834.795474524908,1.3418721748835314,0.29,7.0,BREAK_SHORT,STOP,2489.555,2024-09-09 06:00:00,2024-09-09 06:05:00,2024-09-09 06:37:00
49581.0,247008.0,247085.0,49597.0,1.0,1.0,2500.0,2498.484980334267,2510.0,1.5114438988762742,0.04,2503.07,2498.484980334267,1.0,1.0,1.0,-1.0,0.0,0.0,18.340078662931774,8834.795474524908,8816.455395861976,1.51501966573296,0.29,16.0,BREAK_LONG,STOP,2502.925,2024-09-09 12:40:00,2024-09-09 12:45:00,2024-09-09 14:02:00
49887.0,248533.0,248543.0,49890.0,-1.0,4.0,2510.0,2512.578313242251,2500.0,3.295412478680655,0.15,2509.65,2512.578313242251,1.0,-1.0,-1.0,1.0,0.0,1.0,43.924698633766184,8816.455395861976,8772.53069722821,2.286626484502399,0.29,3.0,REV_SHORT,STOP,2509.795,2024-09-10 15:10:00,2024-09-10 15:15:00,2024-09-10 15:25:00
50003.0,249108.0,249347.0,50051.0,-1.0,4.0,2520.0,2523.331075215376,2510.0,2.3912032929903737,0.11,2519.4,2521.235,3.0,-1.0,-1.0,1.0,0.0,1.0,43.241827369136445,8772.53069722821,8752.345697228211,1.4321504307525417,0.29,48.0,REV_SHORT,TIME,2519.545,2024-09-11 01:50:00,2024-09-11 01:55:00,2024-09-11 05:54:00
50332.0,250748.0,250763.0,50336.0,1.0,1.0,2520.0,2519.0633397955135,2530.0,5.484210735152661,0.12,2520.75,2519.0633397955135,1.0,1.0,1.0,-1.0,0.0,0.0,20.239922453838517,8752.345697228211,8732.105774774373,0.9366602044865245,0.29,4.0,BREAK_LONG,STOP,2520.605,2024-09-12 06:15:00,2024-09-12 06:20:00,2024-09-12 06:35:00
50599.0,252078.0,252214.0,50627.0,-1.0,4.0,2570.0,2570.9362321259578,2560.0,4.002319742770523,0.09,2568.75,2570.9362321259578,1.0,-1.0,-1.0,-1.0,1.0,0.0,19.676089133619826,8732.105774774373,8712.429685640753,1.132464251915344,0.29,28.0,REV_SHORT,STOP,2568.895,2024-09-13 05:30:00,2024-09-13 05:35:00,2024-09-13 07:51:00
50941.0,253783.0,254022.0,50989.0,1.0,3.0,2580.0,2574.386303942761,2590.0,1.5311177455269012,0.07,2580.555,2580.995,3.0,1.0,-1.0,1.0,0.0,1.0,43.18087240067144,8712.429685640753,8715.509685640753,1.7173921144777375,0.29,48.0,REV_LONG,TIME,2580.41,2024-09-16 11:00:00,2024-09-16 11:05:00,2024-09-16 15:04:00
51160.0,254873.0,255022.0,51190.0,1.0,1.0,2580.0,2578.6591005990426,2590.0,1.394666448925159,0.09,2583.395,2578.6591005990426,1.0,1.0,1.0,1.0,0.0,0.0,42.62309460861616,8715.509685640753,8672.886591032136,1.3408994009572406,0.29,30.0,BREAK_LONG,STOP,2583.25,2024-09-17 06:15:00,2024-09-17 06:20:00,2024-09-17 08:49:00
51536.0,256748.0,256947.0,51576.0,1.0,3.0,2570.0,2567.2145477484632,2580.0,2.716212671117595,0.12,2570.655,2567.2145477484632,1.0,-1.0,-1.0,1.0,0.0,1.0,41.28542701844344,8672.886591032136,8631.601164013693,2.3109045030728352,0.29,40.0,REV_LONG,STOP,2570.51,2024-09-18 14:35:00,2024-09-18 14:40:00,2024-09-18 17:59:00
51814.0,258133.0,258211.0,51830.0,1.0,1.0,2580.0,2576.6233339021787,2590.0,1.9914277598542804,0.04,2581.095,2590.0,2.0,1.0,1.0,-1.0,0.0,0.0,17.886664391284285,8631.601164013693,8667.221164013694,3.3766660978214547,0.29,16.0,BREAK_LONG,TARGET,2580.95,2024-09-19 14:45:00,2024-09-19 14:50:00,2024-09-19 16:08:00
52019.0,259153.0,259180.0,52025.0,1.0,1.0,2610.0,2608.1179147509915,2620.0,4.0303371794036735,0.18,2610.48,2608.1179147509915,1.0,1.0,1.0,1.0,0.0,0.0,42.51753448215277,8667.221164013694,8624.703629531541,1.8820852490083724,0.29,6.0,BREAK_LONG,STOP,2610.335,2024-09-20 08:50:00,2024-09-20 08:55:00,2024-09-20 09:22:00
52045.0,259283.0,259428.0,52075.0,1.0,1.0,2610.0,2608.332017707137,2620.0,1.1961267043062773,0.04,2613.645,2608.332017707137,1.0,1.0,1.0,-1.0,0.0,0.0,21.251929171452502,8624.703629531541,8603.451700360089,1.6679822928632855,0.29,30.0,BREAK_LONG,STOP,2613.5,2024-09-20 11:00:00,2024-09-20 11:05:00,2024-09-20 13:30:00
52104.0,259578.0,259817.0,52152.0,1.0,1.0,2620.0,2616.6165387481533,2630.0,1.0835279808061542,0.03,2623.04,2621.025,3.0,1.0,1.0,-1.0,0.0,1.0,19.270383755540024,8603.451700360089,8597.406700360089,3.3834612518467253,0.29,48.0,BREAK_LONG,TIME,2622.895,2024-09-20 15:55:00,2024-09-20 16:00:00,2024-09-20 19:59:00
52241.0,260258.0,260428.0,52276.0,-1.0,4.0,2630.0,2631.690863774336,2620.0,4.287916835965051,0.19,2629.48,2620.0,2.0,-1.0,-1.0,1.0,1.0,0.0,42.00641171238112,8597.406700360089,8777.52670036009,1.38172754867195,0.29,35.0,REV_SHORT,TARGET,2629.625,2024-09-23 04:20:00,2024-09-23 04:25:00,2024-09-23 07:15:00
52699.0,262543.0,262547.0,52700.0,-1.0,4.0,2660.0,2662.0633152671253,2650.0,3.743145854961303,0.08,2659.52,2662.0633152671253,1.0,-1.0,-1.0,-1.0,1.0,1.0,20.346522137002466,8777.52670036009,8757.180178223087,1.5566305342509192,0.29,1.0,REV_SHORT,STOP,2659.665,2024-09-24 19:30:00,2024-09-24 19:35:00,2024-09-24 19:39:00
52886.0,263473.0,263526.0,52897.0,-1.0,4.0,2660.0,2661.580632246256,2650.0,2.612589142058286,0.06,2658.375,2661.580632246256,1.0,-1.0,-1.0,-1.0,0.0,0.0,19.233793477535073,8757.180178223087,8737.946384745552,1.6212644925113766,0.29,11.0,REV_SHORT,STOP,2658.52,2024-09-25 12:05:00,2024-09-25 12:10:00,2024-09-25 13:03:00
52954.0,263813.0,263976.0,52987.0,1.0,1.0,2660.0,2657.9525749354325,2670.0,1.8364067361821017,0.05,2662.2,2657.9525749354325,1.0,1.0,1.0,-1.0,0.0,0.0,21.23712532283662,8737.946384745552,8716.709259422714,2.0474250645675918,0.29,33.0,BREAK_LONG,STOP,2662.055,2024-09-25 17:45:00,2024-09-25 17:50:00,2024-09-25 20:33:00
53059.0,264333.0,264491.0,53091.0,1.0,1.0,2660.0,2658.679760937102,2670.0,3.028212123428704,0.07,2661.49,2658.679760937102,1.0,1.0,1.0,-1.0,0.0,0.0,19.671673440284852,8716.709259422714,8697.037585982429,1.3202390628980913,0.29,32.0,BREAK_LONG,STOP,2661.345,2024-09-26 03:30:00,2024-09-26 03:35:00,2024-09-26 06:13:00
53448.0,266273.0,266277.0,53449.0,1.0,1.0,2670.0,2667.5749345721924,2680.0,3.662199020768529,0.16,2670.24,2667.5749345721924,1.0,1.0,1.0,1.0,0.0,1.0,42.64104684491758,8697.037585982429,8654.396539137511,2.4250654278076347,0.29,1.0,BREAK_LONG,STOP,2670.095,2024-09-27 12:55:00,2024-09-27 13:00:00,2024-09-27 13:04:00
53466.0,266363.0,266381.0,53470.0,1.0,3.0,2660.0,2656.1919189475193,2670.0,1.5252151385387234,0.07,2661.66,2656.1919189475193,1.0,-1.0,-1.0,1.0,0.0,0.0,38.2765673673639,8654.396539137511,8616.119971770147,3.0561621049605927,0.29,4.0,REV_LONG,STOP,2661.515,2024-09-27 14:25:00,2024-09-27 14:30:00,2024-09-27 14:48:00
53588.0,266968.0,266976.0,53590.0,-1.0,2.0,2660.0,2661.7254579188716,2650.0,2.787955845688343,0.06,2658.63,2650.0,2.0,1.0,1.0,-1.0,0.0,0.0,18.572747513228933,8616.119971770147,8667.899971770148,1.7254579188716368,0.29,2.0,BREAK_SHORT,TARGET,2658.775,2024-09-30 01:35:00,2024-09-30 01:40:00,2024-09-30 01:48:00
53681.0,267433.0,267485.0,53692.0,1.0,3.0,2650.0,2647.4670538055634,2660.0,2.811785672053463,0.13,2650.755,2647.4670538055634,1.0,-1.0,-1.0,1.0,0.0,1.0,42.74330052767709,8667.899971770148,8625.156671242472,1.8458923888732435,0.29,11.0,REV_LONG,STOP,2650.61,2024-09-30 09:20:00,2024-09-30 09:25:00,2024-09-30 10:17:00
54027.0,269158.0,269235.0,54043.0,1.0,3.0,2660.0,2651.8987860084053,2670.0,1.031284851723719,0.02,2660.81,2670.0,2.0,1.0,1.0,-1.0,1.0,1.0,17.8224279831893,8625.156671242472,8643.536671242473,4.222427983189953,0.29,16.0,REV_LONG,TARGET,2660.665,2024-10-01 15:10:00,2024-10-01 15:15:00,2024-10-01 16:32:00
54047.0,269258.0,269333.0,54063.0,-1.0,4.0,2670.0,2674.992749594288,2660.0,1.8789305865881278,0.08,2669.785,2660.0,2.0,-1.0,-1.0,1.0,1.0,1.0,41.66199675430471,8643.536671242473,8721.816671242472,3.4654991885752886,0.29,16.0,REV_SHORT,TARGET,2669.93,2024-10-01 16:50:00,2024-10-01 16:55:00,2024-10-01 18:10:00
54489.0,271458.0,271697.0,54537.0,-1.0,2.0,2650.0,2651.7757182922783,2640.0,1.2751853225563665,0.08,2646.6,2646.555,3.0,1.0,1.0,1.0,0.0,0.0,41.40574633822689,8721.816671242472,8722.176671242472,1.775718292278083,0.29,48.0,BREAK_SHORT,TIME,2646.745,2024-10-03 07:40:00,2024-10-03 07:45:00,2024-10-03 11:44:00
54759.0,272803.0,272920.0,54783.0,1.0,3.0,2660.0,2658.0887256973265,2670.0,3.743119574788403,0.08,2660.6,2658.0887256973265,1.0,1.0,1.0,-1.0,0.0,1.0,20.090194421387423,8722.176671242472,8702.086476821085,1.4125486053474625,0.29,24.0,REV_LONG,STOP,2660.455,2024-10-04 07:10:00,2024-10-04 07:15:00,2024-10-04 09:12:00
54852.0,273268.0,273272.0,54853.0,-1.0,4.0,2660.0,2663.3843900762004,2650.0,1.6093531350447028,0.08,2658.255,2663.3843900762004,1.0,-1.0,1.0,1.0,0.0,0.0,41.03512060960202,8702.086476821085,8661.051356211483,4.028780152400877,0.29,1.0,REV_SHORT,STOP,2658.4,2024-10-04 14:55:00,2024-10-04 15:00:00,2024-10-04 15:04:00
54889.0,273453.0,273561.0,54911.0,-1.0,4.0,2650.0,2652.0565372289616,2640.0,2.9574560633456795,0.14,2649.01,2652.0565372289616,1.0,1.0,1.0,1.0,0.0,0.0,42.65152120545918,8661.051356211483,8618.399835006023,2.4630744579236925,0.29,22.0,REV_SHORT,STOP,2649.155,2024-10-04 18:00:00,2024-10-04 18:05:00,2024-10-04 19:53:00
54952.0,273763.0,273790.0,54958.0,1.0,3.0,2650.0,2647.9827870891736,2660.0,4.076523896885779,0.09,2650.35,2647.9827870891736,1.0,-1.0,-1.0,-1.0,0.0,1.0,21.304916197436796,8618.399835006023,8597.094918808587,1.044425821652799,0.29,6.0,REV_LONG,STOP,2650.205,2024-10-07 00:15:00,2024-10-07 00:20:00,2024-10-07 00:47:00
55045.0,274228.0,274467.0,55093.0,1.0,1.0,2650.0,2648.3259899876252,2660.0,1.6151397465536756,0.04,2652.79,2658.02,3.0,1.0,1.0,-1.0,0.0,0.0,17.856040049498915,8597.094918808587,8618.014918808587,1.674010012374951,0.29,48.0,BREAK_LONG,TIME,2652.645,2024-10-07 08:00:00,2024-10-07 08:05:00,2024-10-07 12:04:00
55304.0,275518.0,275522.0,55305.0,1.0,3.0,2640.0,2638.100257654316,2650.0,2.7840118641249476,0.06,2641.245,2638.100257654316,1.0,-1.0,-1.0,-1.0,0.0,0.0,18.868454074103283,8618.014918808587,8599.146464734484,1.779484691367374,0.29,1.0,REV_LONG,STOP,2641.1,2024-10-08 06:35:00,2024-10-08 06:40:00,2024-10-08 06:44:00
55325.0,275623.0,275638.0,55329.0,1.0,3.0,2630.0,2627.333959920563,2640.0,1.4709210000612736,0.08,2632.46,2640.0,2.0,-1.0,-1.0,1.0,1.0,0.0,41.00832063549751,8599.146464734484,8659.466464734483,2.5220801588736577,0.29,4.0,REV_LONG,TARGET,2632.315,2024-10-08 08:20:00,2024-10-08 08:25:00,2024-10-08 08:40:00
55389.0,275943.0,275971.0,55395.0,1.0,3.0,2640.0,2635.189059675965,2650.0,1.9735229415550237,0.04,2640.17,2635.189059675965,1.0,-1.0,-1.0,-1.0,0.0,1.0,19.923761296140583,8659.466464734483,8639.542703438343,2.9218806480706276,0.29,6.0,REV_LONG,STOP,2640.025,2024-10-08 13:40:00,2024-10-08 13:45:00,2024-10-08 14:13:00
55529.0,276638.0,276818.0,55566.0,-1.0,2.0,2620.0,2621.62508119632,2610.0,2.9540000496824237,0.14,2618.685,2621.62508119632,1.0,1.0,1.0,1.0,0.0,0.0,41.16113674848111,8639.542703438343,8598.381566689863,1.6250811963199514,0.29,37.0,BREAK_SHORT,STOP,2618.83,2024-10-09 02:20:00,2024-10-09 02:25:00,2024-10-09 05:25:00
56085.0,279408.0,279647.0,56133.0,1.0,1.0,2640.0,2638.2225144912118,2650.0,2.1095790284771283,0.05,2642.0099999999998,2639.6,3.0,1.0,1.0,-1.0,0.0,1.0,18.93742754393998,8598.381566689863,8586.331566689863,1.777485508788412,0.29,48.0,BREAK_LONG,TIME,2641.865,2024-10-11 02:40:00,2024-10-11 02:45:00,2024-10-11 06:44:00
56183.0,279898.0,279936.0,56191.0,1.0,1.0,2640.0,2638.6822451434537,2650.0,3.266415657902458,0.08,2641.335,2638.6822451434537,1.0,1.0,1.0,-1.0,0.0,1.0,21.222038852371043,8586.331566689863,8565.109527837492,1.3177548565462849,0.29,8.0,BREAK_LONG,STOP,2641.19,2024-10-11 10:50:00,2024-10-11 10:55:00,2024-10-11 11:33:00
56309.0,280523.0,280621.0,56329.0,1.0,3.0,2650.0,2645.9964530097736,2660.0,2.2539547080649225,0.04,2650.3,2645.9964530097736,1.0,1.0,0.0,-1.0,0.0,1.0,17.2141879609062,8565.109527837492,8547.895339876586,1.7570939804522843,0.29,20.0,REV_LONG,STOP,2650.155,2024-10-13 22:20:00,2024-10-13 22:25:00,2024-10-14 00:03:00
56420.0,281078.0,281147.0,56434.0,1.0,3.0,2660.0,2658.3345276493214,2670.0,1.5165660515635229,0.04,2662.97,2658.3345276493214,1.0,1.0,1.0,-1.0,1.0,0.0,18.541889402713423,8547.895339876586,8529.353450473873,1.7609447013577442,0.29,14.0,REV_LONG,STOP,2662.825,2024-10-14 07:35:00,2024-10-14 07:40:00,2024-10-14 08:49:00
56636.0,282153.0,282160.0,56638.0,1.0,1.0,2650.0,2648.6076832397634,2660.0,2.299904832445349,0.06,2652.06,2648.6076832397634,1.0,1.0,1.0,-1.0,0.0,0.0,20.713900561418992,8529.353450473873,8508.639549912454,1.3923167602365503,0.29,2.0,BREAK_LONG,STOP,2651.915,2024-10-15 02:35:00,2024-10-15 02:40:00,2024-10-15 02:47:00
56690.0,282423.0,282440.0,56694.0,-1.0,4.0,2650.0,2651.6017737549437,2640.0,3.582468608140871,0.16,2649.07,2651.6017737549437,1.0,-1.0,-1.0,1.0,0.0,0.0,40.50838007909624,8508.639549912454,8468.131169833357,1.7735475098868527,0.29,4.0,REV_SHORT,STOP,2649.215,2024-10-15 07:05:00,2024-10-15 07:10:00,2024-10-15 07:27:00
56843.0,283188.0,283250.0,56856.0,1.0,3.0,2660.0,2658.778250703377,2670.0,2.0355721733347196,0.05,2662.475,2662.84,4.0,1.0,1.0,-1.0,1.0,0.0,18.48374648311392,8468.131169833357,8469.956169833358,1.473498593245819,0.29,13.0,REV_LONG,SESSION,2662.33,2024-10-15 19:50:00,2024-10-15 19:55:00,2024-10-15 20:57:00
56883.0,283383.0,283499.0,56907.0,1.0,3.0,2660.0,2658.469372331219,2670.0,4.957048380095128,0.1,2660.405,2670.0,2.0,1.0,-1.0,-1.0,0.0,0.0,19.35627668781308,8469.956169833358,8565.906169833357,0.7612553375618717,0.29,24.0,REV_LONG,TARGET,2660.26,2024-10-16 00:10:00,2024-10-16 00:15:00,2024-10-16 02:11:00
56999.0,283963.0,283975.0,57002.0,1.0,1.0,2680.0,2678.519289691415,2690.0,2.586925776379039,0.06,2681.72,2678.519289691415,1.0,1.0,1.0,-1.0,0.0,0.0,19.204261851508818,8565.906169833357,8546.70190798185,1.4807103085848676,0.29,3.0,BREAK_LONG,STOP,2681.575,2024-10-16 09:50:00,2024-10-16 09:55:00,2024-10-16 10:07:00
57028.0,284108.0,284118.0,57031.0,-1.0,4.0,2680.0,2681.565559502157,2670.0,2.091933037153066,0.11,2677.825,2681.565559502157,1.0,-1.0,-1.0,1.0,1.0,0.0,41.14615452373073,8546.70190798185,8505.555753458118,1.5711190043143664,0.29,3.0,REV_SHORT,STOP,2677.97,2024-10-16 12:15:00,2024-10-16 12:20:00,2024-10-16 12:30:00
57180.0,284863.0,284949.0,57198.0,1.0,1.0,2680.0,2678.6898566029467,2690.0,1.4993999978913255,0.04,2683.215,2678.6898566029467,1.0,1.0,1.0,-1.0,0.0,0.0,18.100573588213592,8505.555753458118,8487.455179869905,1.3101433970534129,0.29,18.0,BREAK_LONG,STOP,2683.07,2024-10-17 01:55:00,2024-10-17 02:00:00,2024-10-17 03:26:00
57222.0,285073.0,285295.0,57267.0,1.0,1.0,2680.0,2678.717959896614,2690.0,1.757069778971801,0.05,2682.81,2678.717959896614,1.0,1.0,1.0,-1.0,0.0,0.0,20.46020051692949,8487.455179869905,8466.994979352976,1.2820401033857383,0.29,45.0,BREAK_LONG,STOP,2682.665,2024-10-17 05:25:00,2024-10-17 05:30:00,2024-10-17 09:12:00
57547.0,286693.0,286754.0,57560.0,1.0,1.0,2710.0,2708.4263903891842,2720.0,1.894408491269051,0.05,2712.425,2708.4263903891842,1.0,1.0,1.0,-1.0,0.0,0.0,19.993048054079736,8466.994979352976,8447.001931298895,1.5736096108159845,0.29,13.0,BREAK_LONG,STOP,2712.28,2024-10-18 09:30:00,2024-10-18 09:35:00,2024-10-18 10:36:00
57893.0,288418.0,288634.0,57937.0,1.0,3.0,2720.0,2715.154123027816,2730.0,1.9219123103076647,0.04,2720.235,2715.154123027816,1.0,1.0,-1.0,-1.0,1.0,0.0,20.323507888737367,8447.001931298895,8426.678423410158,3.501753944368988,0.29,44.0,REV_LONG,STOP,2720.09,2024-10-21 15:20:00,2024-10-21 15:25:00,2024-10-21 19:01:00
58012.0,289008.0,289055.0,58022.0,-1.0,4.0,2730.0,2731.366939424825,2720.0,4.036439746586029,0.18,2729.11,2731.366939424825,1.0,-1.0,-1.0,1.0,0.0,0.0,40.62490964684729,8426.678423410158,8386.05351376331,1.3438788496497263,0.29,10.0,REV_SHORT,STOP,2729.255,2024-10-22 02:15:00,2024-10-22 02:20:00,2024-10-22 03:07:00
58148.0,289688.0,289694.0,58150.0,-1.0,4.0,2740.0,2741.8034004369815,2730.0,3.705548708636562,0.16,2739.295,2741.8034004369815,1.0,-1.0,-1.0,1.0,1.0,0.0,40.134406991703145,8386.05351376331,8345.919106771607,2.1168008739630015,0.29,2.0,REV_SHORT,STOP,2739.44,2024-10-22 13:35:00,2024-10-22 13:40:00,2024-10-22 13:46:00
58343.0,290658.0,290897.0,58391.0,1.0,3.0,2750.0,2747.437150725146,2760.0,3.4191049402355276,0.07,2750.28,2751.42,3.0,1.0,1.0,-1.0,0.0,1.0,19.899944923980915,8345.919106771607,8353.899106771607,1.5256985497078106,0.29,48.0,REV_LONG,TIME,2750.135,2024-10-23 06:50:00,2024-10-23 06:55:00,2024-10-23 10:54:00
58969.0,293778.0,293783.0,58971.0,1.0,1.0,2730.0,2728.050413173701,2740.0,4.0006916236673336,0.17,2730.44,2728.050413173701,1.0,1.0,1.0,1.0,0.0,1.0,40.622976047081465,8353.899106771607,8313.276130724526,1.9495868262988765,0.29,2.0,BREAK_LONG,STOP,2730.295,2024-10-25 13:00:00,2024-10-25 13:05:00,2024-10-25 13:10:00
58999.0,293928.0,294064.0,59027.0,-1.0,4.0,2740.0,2743.354759623595,2730.0,1.9128592816221428,0.04,2738.77,2743.354759623595,1.0,-1.0,-1.0,-1.0,1.0,1.0,18.339038494379565,8313.276130724526,8294.937092230146,2.4395192471895446,0.29,28.0,REV_SHORT,STOP,2738.915,2024-10-25 15:30:00,2024-10-25 15:35:00,2024-10-25 17:51:00
59166.0,294758.0,294812.0,59177.0,1.0,1.0,2740.0,2738.318378235038,2750.0,1.7540460730040188,0.04,2742.56,2738.318378235038,1.0,1.0,1.0,-1.0,0.0,0.0,16.966487059848077,8294.937092230146,8277.970605170298,1.6816217649622036,0.29,11.0,BREAK_LONG,STOP,2742.415,2024-10-28 06:25:00,2024-10-28 06:30:00,2024-10-28 07:24:00
59254.0,295198.0,295437.0,59302.0,1.0,1.0,2740.0,2737.91914271378,2750.0,1.4930278736383609,0.08,2742.765,2743.925,3.0,1.0,1.0,1.0,0.0,1.0,38.76685828976042,8277.970605170298,8287.2506051703,2.0808572862200387,0.29,48.0,BREAK_LONG,TIME,2742.62,2024-10-28 13:45:00,2024-10-28 13:50:00,2024-10-28 17:49:00
59405.0,295948.0,296187.0,59453.0,1.0,3.0,2750.0,2748.0639090384607,2760.0,4.694452760186731,0.09,2750.16,2753.93,3.0,1.0,1.0,-1.0,0.0,0.0,18.86481865385258,8287.2506051703,8321.1806051703,1.5921819230787926,0.29,48.0,REV_LONG,TIME,2750.015,2024-10-29 03:20:00,2024-10-29 03:25:00,2024-10-29 07:24:00
59532.0,296583.0,296601.0,59536.0,1.0,1.0,2760.0,2757.412707766991,2770.0,2.436998314759681,0.05,2761.075,2770.0,2.0,1.0,1.0,-1.0,0.0,0.0,18.31146116504442,8321.1806051703,8365.805605170302,2.5872922330091637,0.29,4.0,BREAK_LONG,TARGET,2760.93,2024-10-29 13:55:00,2024-10-29 14:00:00,2024-10-29 14:18:00
59538.0,296613.0,296852.0,59586.0,-1.0,4.0,2770.0,2773.2921987218683,2760.0,1.7337835169271416,0.08,2768.43,2772.505,3.0,-1.0,-1.0,1.0,1.0,1.0,38.897589774947846,8365.805605170302,8333.2056051703,2.984397443736073,0.29,48.0,REV_SHORT,TIME,2768.575,2024-10-29 14:25:00,2024-10-29 14:30:00,2024-10-29 18:29:00
60003.0,298928.0,299006.0,60019.0,1.0,3.0,2780.0,2777.240861020537,2790.0,2.090024105006697,0.1,2781.37,2777.240861020537,1.0,1.0,-1.0,1.0,0.0,1.0,41.29138979462823,8333.2056051703,8291.914215375673,1.8382779589255251,0.29,16.0,REV_LONG,STOP,2781.225,2024-10-31 07:10:00,2024-10-31 07:15:00,2024-10-31 08:33:00
60768.0,302738.0,302776.0,60776.0,-1.0,2.0,2730.0,2731.942799900395,2720.0,2.4046411538610304,0.05,2728.435,2731.942799900395,1.0,1.0,1.0,-1.0,0.0,0.0,17.538999501975923,8291.914215375673,8274.375215873697,1.9427999003952388,0.29,8.0,BREAK_SHORT,STOP,2728.58,2024-11-05 02:55:00,2024-11-05 03:00:00,2024-11-05 03:38:00
60868.0,303238.0,303248.0,60871.0,-1.0,4.0,2740.0,2741.3048169764743,2730.0,5.246386857579637,0.11,2739.495,2741.3048169764743,1.0,1.0,-1.0,-1.0,0.0,0.0,19.907986741218338,8274.375215873697,8254.467229132479,1.6096339529484482,0.29,3.0,REV_SHORT,STOP,2739.64,2024-11-05 11:15:00,2024-11-05 11:20:00,2024-11-05 11:30:00
61069.0,304238.0,304263.0,61075.0,1.0,1.0,2740.0,2737.1898465527115,2750.0,1.3810015035433931,0.03,2742.57,2737.1898465527115,1.0,1.0,1.0,-1.0,0.0,0.0,16.140460341865946,8254.467229132479,8238.326768790612,2.8101534472887053,0.29,6.0,BREAK_LONG,STOP,2742.425,2024-11-06 05:00:00,2024-11-06 05:05:00,2024-11-06 05:30:00
61393.0,305853.0,306070.0,61437.0,1.0,3.0,2660.0,2656.383525461058,2670.0,2.00486616926272,0.04,2660.915,2670.0,2.0,-1.0,1.0,-1.0,0.0,1.0,18.125898155767572,8238.326768790612,8274.666768790612,2.1429490778835802,0.29,44.0,REV_LONG,TARGET,2660.77,2024-11-07 09:00:00,2024-11-07 09:05:00,2024-11-07 12:42:00
61640.0,307083.0,307199.0,61664.0,-1.0,2.0,2690.0,2691.724999726767,2680.0,1.4814815671513082,0.04,2687.0,2691.724999726767,1.0,1.0,1.0,-1.0,0.0,0.0,18.89999890706713,8274.666768790612,8255.766769883545,1.724999726766596,0.29,24.0,BREAK_SHORT,STOP,2687.145,2024-11-08 06:35:00,2024-11-08 06:40:00,2024-11-08 08:36:00
61729.0,307528.0,307530.0,61730.0,-1.0,4.0,2700.0,2702.270273123312,2690.0,3.967172660997545,0.16,2699.8,2702.270273123312,1.0,-1.0,-1.0,1.0,0.0,0.0,39.524369972990826,8255.766769883545,8216.242399910554,2.7905462466239785,0.29,1.0,REV_SHORT,STOP,2699.945,2024-11-08 14:00:00,2024-11-08 14:05:00,2024-11-08 14:07:00
61880.0,308278.0,308355.0,61896.0,-1.0,2.0,2670.0,2671.900186752982,2660.0,2.395022174740962,0.11,2668.395,2671.900186752982,1.0,1.0,1.0,1.0,0.0,0.0,38.55705428280089,8216.242399910554,8177.685345627753,1.9001867529819145,0.29,16.0,BREAK_SHORT,STOP,2668.54,2024-11-11 03:35:00,2024-11-11 03:40:00,2024-11-11 04:57:00
62131.0,309528.0,309673.0,62161.0,1.0,3.0,2620.0,2618.467246208797,2630.0,2.218963530097845,0.05,2622.05,2618.467246208797,1.0,-1.0,-1.0,-1.0,0.0,1.0,17.913768956016156,8177.685345627753,8159.771576671737,1.6055075824057101,0.29,30.0,REV_LONG,STOP,2621.905,2024-11-12 01:30:00,2024-11-12 01:35:00,2024-11-12 04:00:00
62296.0,310353.0,310362.0,62298.0,1.0,3.0,2610.0,2603.494413726531,2620.0,1.436038094312172,0.03,2610.27,2603.494413726531,1.0,-1.0,-1.0,-1.0,0.0,1.0,20.326758820406667,8159.771576671737,8139.44481785133,3.471172546938144,0.29,2.0,REV_LONG,STOP,2610.125,2024-11-12 15:15:00,2024-11-12 15:20:00,2024-11-12 15:29:00
62301.0,310378.0,310462.0,62318.0,1.0,3.0,2600.0,2595.626933361592,2610.0,1.4789412634887973,0.03,2601.425,2595.626933361592,1.0,-1.0,-1.0,-1.0,1.0,1.0,17.394199915224817,8139.44481785133,8122.0506179361055,3.7061332768160202,0.29,17.0,REV_LONG,STOP,2601.28,2024-11-12 15:40:00,2024-11-12 15:45:00,2024-11-12 17:09:00
62333.0,310538.0,310750.0,62376.0,-1.0,4.0,2600.0,2603.358213768167,2590.0,2.349422710183918,0.1,2599.37,2598.52,4.0,1.0,1.0,1.0,1.0,1.0,39.88213768167043,8122.0506179361055,8130.550617936105,2.3864275363339624,0.29,43.0,REV_SHORT,SESSION,2599.515,2024-11-12 18:20:00,2024-11-12 18:25:00,2024-11-12 21:57:00
62632.0,312028.0,312125.0,62652.0,-1.0,2.0,2580.0,2582.22529718539,2570.0,1.2430514831670387,0.07,2576.775,2573.125,4.0,1.0,1.0,1.0,0.0,0.0,38.1520802977293,8130.550617936105,8156.100617936106,2.225297185390087,0.29,20.0,BREAK_SHORT,SESSION,2576.92,2024-11-13 20:15:00,2024-11-13 20:20:00,2024-11-13 21:57:00
62714.0,312433.0,312520.0,62732.0,1.0,3.0,2560.0,2558.4501969301077,2570.0,4.203075545999805,0.09,2560.67,2558.4501969301077,1.0,-1.0,-1.0,-1.0,0.0,0.0,19.978227629031153,8156.100617936106,8136.122390307075,1.759606139784642,0.29,18.0,REV_LONG,STOP,2560.525,2024-11-14 04:05:00,2024-11-14 04:10:00,2024-11-14 05:37:00
62852.0,313123.0,313161.0,62860.0,-1.0,4.0,2570.0,2574.8107344578634,2560.0,1.2643840004936355,0.06,2568.27,2574.8107344578634,1.0,1.0,-1.0,1.0,1.0,1.0,39.24440674718062,8136.122390307075,8096.877983559894,3.4414689157269076,0.29,8.0,REV_SHORT,STOP,2568.415,2024-11-14 15:35:00,2024-11-14 15:40:00,2024-11-14 16:18:00
62875.0,313238.0,313288.0,62886.0,1.0,3.0,2570.0,2567.3605594144087,2580.0,3.0583341496598124,0.06,2570.475,2567.3605594144087,1.0,-1.0,1.0,-1.0,1.0,1.0,18.686643513547097,8096.877983559894,8078.191340046347,2.3688811711827347,0.29,11.0,REV_LONG,STOP,2570.33,2024-11-14 17:30:00,2024-11-14 17:35:00,2024-11-14 18:25:00
63017.0,313943.0,313961.0,63021.0,-1.0,2.0,2560.0,2561.8084045197916,2550.0,1.1130189265954447,0.07,2556.22,2561.8084045197916,1.0,1.0,1.0,1.0,0.0,0.0,39.11883163854236,8078.191340046347,8039.072508407805,1.8084045197917742,0.29,4.0,BREAK_SHORT,STOP,2556.365,2024-11-15 06:20:00,2024-11-15 06:25:00,2024-11-15 06:43:00
63237.0,315038.0,315039.0,63238.0,1.0,1.0,2590.0,2586.86963767187,2600.0,1.940492028029528,0.04,2591.335,2586.86963767187,1.0,1.0,1.0,-1.0,0.0,0.0,17.861449312520563,8039.072508407805,8021.211059095284,3.1303623281299715,0.29,1.0,BREAK_LONG,STOP,2591.19,2024-11-18 01:40:00,2024-11-18 01:45:00,2024-11-18 01:46:00
63333.0,315518.0,315743.0,63379.0,1.0,1.0,2590.0,2587.7511887494184,2600.0,1.010041129746657,0.03,2593.845,2600.0,2.0,1.0,1.0,-1.0,0.0,1.0,18.281433751744316,8021.211059095284,8039.676059095285,2.248811250581456,0.29,46.0,BREAK_LONG,TARGET,2593.7,2024-11-18 09:40:00,2024-11-18 09:45:00,2024-11-18 13:30:00
63608.0,316888.0,317127.0,63656.0,1.0,1.0,2630.0,2627.5602038536263,2640.0,1.052840697259769,0.06,2633.62,2632.6,3.0,1.0,1.0,1.0,0.0,1.0,36.35877687824177,8039.676059095285,8033.5560590952855,2.4397961463738236,0.29,48.0,BREAK_LONG,TIME,2633.475,2024-11-19 09:35:00,2024-11-19 09:40:00,2024-11-19 13:39:00
63724.0,317468.0,317530.0,63737.0,-1.0,4.0,2630.0,2632.5095102743244,2620.0,2.9344141691701813,0.06,2629.33,2632.5095102743244,1.0,-1.0,-1.0,-1.0,0.0,1.0,19.077061645946742,8033.5560590952855,8014.478997449339,1.6290205486487046,0.29,13.0,REV_SHORT,STOP,2629.475,2024-11-19 19:15:00,2024-11-19 19:20:00,2024-11-19 20:22:00
63784.0,317763.0,317817.0,63795.0,-1.0,4.0,2640.0,2641.4110558430884,2630.0,4.243916822875978,0.09,2639.235,2641.4110558430884,1.0,-1.0,-1.0,-1.0,0.0,0.0,19.58450258779476,8014.478997449339,7994.894494861544,1.3621116861764941,0.29,11.0,REV_SHORT,STOP,2639.38,2024-11-20 01:15:00,2024-11-20 01:20:00,2024-11-20 02:14:00
63845.0,318068.0,318110.0,63854.0,1.0,3.0,2630.0,2627.769746907666,2640.0,2.623506966073767,0.11,2631.145,2627.769746907666,1.0,1.0,-1.0,1.0,1.0,0.0,37.12778401567266,7994.894494861544,7957.766710845872,1.7805061846672379,0.29,9.0,REV_LONG,STOP,2631.0,2024-11-20 06:20:00,2024-11-20 06:25:00,2024-11-20 07:07:00
64217.0,319923.0,320134.0,64260.0,-1.0,4.0,2670.0,2672.7349875167474,2660.0,3.0237086084419786,0.12,2669.57,2672.7349875167474,1.0,-1.0,-1.0,1.0,1.0,1.0,37.97985020096712,7957.766710845872,7919.786860644905,2.209975033494538,0.29,43.0,REV_SHORT,STOP,2669.715,2024-11-21 14:20:00,2024-11-21 14:25:00,2024-11-21 17:56:00
64361.0,320638.0,320721.0,64378.0,-1.0,4.0,2690.0,2691.3424686203293,2680.0,4.9153346761847985,0.2,2689.425,2691.3424686203293,1.0,-1.0,-1.0,1.0,1.0,0.0,38.349372406582916,7919.786860644905,7881.437488238322,1.5849372406578586,0.29,17.0,REV_SHORT,STOP,2689.57,2024-11-22 03:20:00,2024-11-22 03:25:00,2024-11-22 04:48:00
64807.0,322863.0,322907.0,64816.0,-1.0,2.0,2630.0,2633.36546609325,2620.0,1.0720155567108909,0.06,2626.915,2620.0,2.0,1.0,1.0,1.0,0.0,0.0,38.70279655949889,7881.437488238322,7922.9274882383215,3.3654660932498963,0.29,9.0,BREAK_SHORT,TARGET,2627.06,2024-11-25 17:30:00,2024-11-25 17:35:00,2024-11-25 18:19:00
64819.0,322923.0,323125.0,64860.0,1.0,3.0,2620.0,2614.0966624911503,2630.0,1.1481308247583333,0.05,2621.5,2625.565,4.0,-1.0,-1.0,1.0,1.0,1.0,37.016687544248725,7922.9274882383215,7943.252488238322,3.14667501769947,0.29,41.0,REV_LONG,SESSION,2621.355,2024-11-25 18:30:00,2024-11-25 18:35:00,2024-11-25 21:57:00
65157.0,324603.0,324639.0,65165.0,-1.0,2.0,2630.0,2631.0474832373984,2620.0,2.655101573667536,0.06,2628.025,2631.0474832373984,1.0,1.0,1.0,-1.0,0.0,1.0,18.134899424389914,7943.252488238322,7925.117588813932,1.0474832373984797,0.29,8.0,BREAK_SHORT,STOP,2628.17,2024-11-27 00:40:00,2024-11-27 00:45:00,2024-11-27 01:21:00
65258.0,325108.0,325156.0,65268.0,1.0,1.0,2650.0,2647.8178827608817,2660.0,3.8301153690128764,0.15,2650.34,2647.8178827608817,1.0,1.0,1.0,1.0,0.0,0.0,37.83175858677623,7925.117588813932,7887.285830227156,2.1821172391182335,0.29,10.0,BREAK_LONG,STOP,2650.195,2024-11-27 09:05:00,2024-11-27 09:10:00,2024-11-27 09:58:00
65752.0,327568.0,327797.0,65798.0,1.0,1.0,2660.0,2658.2005961242003,2670.0,3.453607086325555,0.14,2660.85,2658.2005961242003,1.0,1.0,1.0,1.0,0.0,1.0,37.0916542611949,7887.285830227156,7850.194175965961,1.7994038757997501,0.29,46.0,BREAK_LONG,STOP,2660.705,2024-11-29 04:15:00,2024-11-29 04:20:00,2024-11-29 08:09:00
65814.0,327878.0,327897.0,65818.0,-1.0,4.0,2660.0,2662.941738331028,2650.0,2.9019473468734938,0.05,2659.625,2662.941738331028,1.0,-1.0,-1.0,-1.0,0.0,0.0,16.583691655139322,7850.194175965961,7833.610484310821,2.005476662055604,0.29,4.0,REV_SHORT,STOP,2659.77,2024-11-29 09:25:00,2024-11-29 09:30:00,2024-11-29 09:49:00
65855.0,328083.0,328088.0,65857.0,1.0,3.0,2660.0,2658.1157336425463,2670.0,4.135219772425051,0.16,2660.43,2658.1157336425463,1.0,1.0,1.0,1.0,0.0,1.0,37.02826171925699,7833.610484310821,7796.5822225915645,1.838532714907367,0.29,2.0,REV_LONG,STOP,2660.285,2024-11-29 12:50:00,2024-11-29 12:55:00,2024-11-29 13:00:00
65936.0,328488.0,328625.0,65964.0,-1.0,2.0,2650.0,2651.4393793152603,2640.0,5.357402921242502,0.1,2649.64,2650.495,4.0,1.0,1.0,-1.0,0.0,0.0,17.993793152604667,7796.5822225915645,7788.032222591564,1.4393793152605134,0.29,28.0,BREAK_SHORT,SESSION,2649.785,2024-11-29 19:35:00,2024-11-29 19:40:00,2024-11-29 21:57:00
66114.0,329373.0,329378.0,66116.0,-1.0,4.0,2640.0,2644.7564037997504,2630.0,1.8397338560292438,0.07,2639.56,2644.7564037997504,1.0,1.0,-1.0,1.0,1.0,1.0,36.374826598253094,7788.032222591564,7751.657395993311,2.162807599500041,0.29,2.0,REV_SHORT,STOP,2639.705,2024-12-02 11:25:00,2024-12-02 11:30:00,2024-12-02 11:35:00
66354.0,330568.0,330802.0,66401.0,1.0,3.0,2640.0,2638.4516511212346,2650.0,4.277197338516317,0.08,2640.64,2638.4516511212346,1.0,-1.0,-1.0,-1.0,0.0,0.0,17.50679103012226,7751.657395993311,7734.150604963189,1.706697757530182,0.29,47.0,REV_LONG,STOP,2640.495,2024-12-03 08:25:00,2024-12-03 08:30:00,2024-12-03 12:24:00
66539.0,331488.0,331493.0,66541.0,1.0,3.0,2640.0,2639.2614929913398,2650.0,6.6785507274280045,0.13,2640.66,2639.2614929913398,1.0,-1.0,-1.0,-1.0,0.0,0.0,18.180591112581173,7734.150604963189,7715.970013850608,0.8370140173203058,0.29,2.0,REV_LONG,STOP,2640.515,2024-12-04 00:50:00,2024-12-04 00:55:00,2024-12-04 01:00:00
66988.0,333728.0,333773.0,66998.0,-1.0,2.0,2640.0,2643.077733529865,2630.0,1.1642082122653128,0.03,2637.035,2643.077733529865,1.0,1.0,1.0,-1.0,0.0,1.0,18.128200589595053,7715.970013850608,7697.841813261013,3.0777335298646675,0.29,10.0,BREAK_SHORT,STOP,2637.18,2024-12-05 15:15:00,2024-12-05 15:20:00,2024-12-05 16:05:00
67036.0,333968.0,334070.0,67057.0,-1.0,4.0,2630.0,2632.050914555981,2620.0,3.6692419662068176,0.07,2629.47,2632.050914555981,1.0,1.0,1.0,-1.0,1.0,1.0,18.066401891867372,7697.841813261013,7679.775411369146,2.0818291119610572,0.29,21.0,REV_SHORT,STOP,2629.615,2024-12-05 19:15:00,2024-12-05 19:20:00,2024-12-05 21:02:00
67366.0,335608.0,335629.0,67371.0,1.0,3.0,2630.0,2626.350345926953,2640.0,2.5595529122139755,0.1,2630.185,2640.0,2.0,-1.0,-1.0,1.0,0.0,1.0,38.346540730467495,7679.775411369146,7777.925411369147,2.449308146092841,0.29,5.0,REV_LONG,TARGET,2630.04,2024-12-09 00:45:00,2024-12-09 00:50:00,2024-12-09 01:11:00
67407.0,335813.0,335932.0,67431.0,-1.0,2.0,2640.0,2642.144797613278,2630.0,1.769751008918085,0.08,2637.76,2642.144797613278,1.0,1.0,1.0,1.0,0.0,0.0,35.078380906223174,7777.925411369147,7742.847030462924,2.144797613278276,0.29,24.0,BREAK_SHORT,STOP,2637.905,2024-12-09 04:10:00,2024-12-09 04:15:00,2024-12-09 06:14:00
67679.0,337168.0,337179.0,67682.0,-1.0,4.0,2670.0,2672.8646921336413,2660.0,1.7142463626129956,0.08,2668.125,2672.8646921336413,1.0,-1.0,-1.0,1.0,0.0,1.0,37.91753706913005,7742.847030462924,7704.929493393794,2.0193842672822964,0.29,3.0,REV_SHORT,STOP,2668.27,2024-12-10 03:50:00,2024-12-10 03:55:00,2024-12-10 04:06:00
68006.0,338798.0,338855.0,68018.0,1.0,3.0,2690.0,2687.314830691992,2700.0,1.6454059269238424,0.04,2692.11,2687.314830691992,1.0,1.0,-1.0,-1.0,0.0,0.0,19.180677232032394,7704.929493393794,7685.748816161761,2.87033861601557,0.29,12.0,REV_LONG,STOP,2691.965,2024-12-11 08:05:00,2024-12-11 08:10:00,2024-12-11 09:07:00
68272.0,340123.0,340343.0,68317.0,-1.0,4.0,2720.0,2721.2379519613505,2710.0,5.657743951646707,0.22,2719.55,2710.0,2.0,-1.0,-1.0,1.0,0.0,0.0,37.1349431497074,7685.748816161761,7895.848816161765,1.4359039227007921,0.29,45.0,REV_SHORT,TARGET,2719.695,2024-12-12 07:15:00,2024-12-12 07:20:00,2024-12-12 11:00:00
68475.0,341133.0,341136.0,68476.0,-1.0,4.0,2690.0,2691.644374698458,2680.0,3.8836177912768113,0.16,2689.26,2691.644374698458,1.0,1.0,-1.0,1.0,1.0,0.0,38.14999517532124,7895.848816161765,7857.698820986444,1.278749396915445,0.29,1.0,REV_SHORT,STOP,2689.405,2024-12-13 01:10:00,2024-12-13 01:15:00,2024-12-13 01:18:00
68840.0,342953.0,343122.0,68874.0,-1.0,4.0,2660.0,2662.9985425520067,2650.0,2.5003079593047968,0.1,2659.285,2662.9985425520067,1.0,1.0,-1.0,1.0,1.0,1.0,37.135425520068566,7857.698820986444,7820.563395466375,1.7570851040133808,0.29,34.0,REV_SHORT,STOP,2659.43,2024-12-16 08:35:00,2024-12-16 08:40:00,2024-12-16 11:29:00
69092.0,344208.0,344239.0,69099.0,-1.0,2.0,2650.0,2651.6817572214145,2640.0,4.865050768144623,0.19,2649.69,2651.6817572214145,1.0,1.0,1.0,1.0,0.0,0.0,37.84338720687447,7820.563395466375,7782.720008259501,1.681757221414288,0.29,7.0,BREAK_SHORT,STOP,2649.835,2024-12-17 06:35:00,2024-12-17 06:40:00,2024-12-17 07:11:00
69131.0,344403.0,344470.0,69145.0,1.0,3.0,2640.0,2636.9574182639394,2650.0,2.210417065653368,0.04,2641.02,2636.9574182639394,1.0,-1.0,-1.0,-1.0,1.0,1.0,16.25032694424226,7782.720008259501,7766.469681315259,2.355163472121207,0.29,14.0,REV_LONG,STOP,2640.875,2024-12-17 09:50:00,2024-12-17 09:55:00,2024-12-17 11:02:00
69176.0,344628.0,344639.0,69179.0,1.0,3.0,2640.0,2637.56991679788,2650.0,1.1375589600487437,0.03,2643.3849999999998,2637.56991679788,1.0,-1.0,-1.0,-1.0,1.0,0.0,17.445249606359084,7766.469681315259,7749.0244317089,2.3101664042394416,0.29,3.0,REV_LONG,STOP,2643.24,2024-12-17 13:35:00,2024-12-17 13:40:00,2024-12-17 13:51:00
69215.0,344823.0,344850.0,69221.0,-1.0,4.0,2640.0,2642.5972572130613,2630.0,2.680979081579111,0.11,2639.175,2642.5972572130613,1.0,1.0,1.0,1.0,1.0,1.0,37.64482934367243,7749.0244317089,7711.379602365228,2.184514426122694,0.29,6.0,REV_SHORT,STOP,2639.32,2024-12-17 16:50:00,2024-12-17 16:55:00,2024-12-17 17:22:00
69464.0,346063.0,346302.0,69512.0,-1.0,2.0,2640.0,2641.93883619085,2630.0,4.137554978212217,0.16,2639.6150000000002,2636.95,3.0,1.0,1.0,1.0,0.0,1.0,37.181379053596174,7711.379602365228,7754.019602365234,1.9388361908501424,0.29,48.0,BREAK_SHORT,TIME,2639.76,2024-12-18 14:35:00,2024-12-18 14:40:00,2024-12-18 18:39:00
69754.0,347508.0,347698.0,69793.0,1.0,3.0,2590.0,2585.6351224428777,2600.0,1.9710943839646493,0.04,2590.47,2600.0,2.0,-1.0,-1.0,-1.0,1.0,1.0,19.339510228488507,7754.019602365234,7792.139602365235,2.8097551142445454,0.29,39.0,REV_LONG,TARGET,2590.325,2024-12-19 15:45:00,2024-12-19 15:50:00,2024-12-19 19:00:00
70008.0,348773.0,348789.0,70012.0,-1.0,4.0,2610.0,2615.5741782032255,2600.0,1.5597833730395065,0.06,2609.4900000000002,2615.5741782032255,1.0,1.0,-1.0,1.0,1.0,1.0,36.50506921935175,7792.139602365235,7755.634533145883,2.7283564064514225,0.29,4.0,REV_SHORT,STOP,2609.635,2024-12-20 13:55:00,2024-12-20 14:00:00,2024-12-20 14:16:00
70312.0,350288.0,350527.0,70360.0,1.0,3.0,2610.0,2607.307744538004,2620.0,3.4112368990661275,0.06,2610.185,2611.15,3.0,-1.0,-1.0,-1.0,1.0,1.0,17.263532771975402,7755.634533145883,7761.424533145884,1.8945109239924767,0.29,48.0,REV_LONG,TIME,2610.04,2024-12-23 16:15:00,2024-12-23 16:20:00,2024-12-23 20:19:00
70939.0,353408.0,353455.0,70949.0,-1.0,4.0,2620.0,2620.6251024156945,2610.0,6.3780186047182985,0.26,2619.185,2620.6251024156945,1.0,-1.0,0.0,1.0,0.0,0.0,37.44266280805914,7761.424533145884,7723.981870337825,0.6702048313887369,0.29,10.0,REV_SHORT,STOP,2619.33,2024-12-25 23:30:00,2024-12-25 23:35:00,2024-12-26 00:22:00
71104.0,354233.0,354339.0,71126.0,-1.0,4.0,2630.0,2631.8716491113623,2620.0,3.670845026675878,0.15,2629.33,2631.8716491113623,1.0,-1.0,-1.0,1.0,1.0,0.0,38.12473667043605,7723.981870337825,7685.857133667389,1.3932982227245017,0.29,22.0,REV_SHORT,STOP,2629.475,2024-12-26 13:15:00,2024-12-26 13:20:00,2024-12-26 15:06:00
71461.0,356013.0,356125.0,71484.0,-1.0,4.0,2620.0,2622.1439784142476,2610.0,1.8750095817927828,0.04,2617.92,2622.1439784142476,1.0,1.0,1.0,-1.0,1.0,1.0,16.89591365699016,7685.857133667389,7668.961220010398,1.317956828495322,0.29,23.0,REV_SHORT,STOP,2618.065,2024-12-27 20:00:00,2024-12-27 20:05:00,2024-12-27 21:57:00
