entry_n,exit_n,symbol,source,n_bars,first_date,last_date,sharpe_net,cagr_net,maxdd,trades_total,trades_per_year,exposure_median,years_in_window,status
55,27,US100,yahoo,9067,1990-01-02,2025-12-31,0.5477709749241338,0.13934800481152254,-0.8143175572240964,88,2.4457924341016875,1.580800759809482,35.98015873015873,OK
55,13,US100,yahoo,9067,1990-01-02,2025-12-31,0.30872216926589785,0.04798059354453499,-0.8224735315285132,154,4.280136759677953,0.0,35.98015873015873,OK
100,50,US100,yahoo,9067,1990-01-02,2025-12-31,0.4586119311824473,0.10669049811143871,-0.8908242390304228,46,1.278482408734973,1.6769552567440822,35.98015873015873,OK
100,25,US100,yahoo,9067,1990-01-02,2025-12-31,0.5509774142053109,0.13840369460098167,-0.5967216060288132,79,2.195654571523106,0.0,35.98015873015873,OK
252,126,US100,yahoo,9067,1990-01-02,2025-12-31,0.5565510833752711,0.15668955290161768,-0.7518573786414178,19,0.528068820999228,1.8515430013265213,35.98015873015873,OK
252,63,US100,yahoo,9067,1990-01-02,2025-12-31,0.3915653111498925,0.07726863443333176,-0.8590126222016647,37,1.0283445461563914,1.2913407063734508,35.98015873015873,OK
55,27,XAU-USD,qc,1824,2019-01-02,2025-12-31,1.1951172999854394,0.530442337051874,-0.4003894771710772,13,1.7960526315789473,0.0,7.238095238095238,OK
55,13,XAU-USD,qc,1824,2019-01-02,2025-12-31,0.8900685797547379,0.3176086442367405,-0.41062869826555015,22,3.039473684210526,0.0,7.238095238095238,OK
100,50,XAU-USD,qc,1824,2019-01-02,2025-12-31,0.8286827248026265,0.2695694140058553,-0.6185616343597888,6,0.8289473684210527,1.6483192132331355,7.238095238095238,OK
100,25,XAU-USD,qc,1824,2019-01-02,2025-12-31,0.9575947110493908,0.3766749939039362,-0.5508080083419395,13,1.7960526315789473,0.0,7.238095238095238,OK
252,126,XAU-USD,qc,1824,2019-01-02,2025-12-31,0.7267186490435574,0.26595731462130323,-0.772481818956172,3,0.4144736842105263,2.019788774916718,7.238095238095238,OK
252,63,XAU-USD,qc,1824,2019-01-02,2025-12-31,0.5876709463353821,0.1597064129101904,-0.7530563716338919,4,0.5526315789473684,0.0,7.238095238095238,OK
55,27,GER40,yahoo,9107,1990-01-02,2025-12-30,0.3482126055795717,0.061926164085949864,-0.739934069021617,87,2.407378939277479,0.0,36.138888888888886,OK
55,13,GER40,yahoo,9107,1990-01-02,2025-12-30,0.33132029560357174,0.05542614641796484,-0.6597848981485824,136,3.7632590315142203,0.0,36.138888888888886,OK
100,50,GER40,yahoo,9107,1990-01-02,2025-12-30,0.431151206586342,0.0937375622670018,-0.6694168815823052,44,1.2175249807840125,0.0,36.138888888888886,OK
100,25,GER40,yahoo,9107,1990-01-02,2025-12-30,0.3931032193068881,0.07508577263440319,-0.8383408678068313,74,2.0476556495003844,0.0,36.138888888888886,OK
252,126,GER40,yahoo,9107,1990-01-02,2025-12-30,0.5776545588063826,0.15065533577863066,-0.7214015193160491,13,0.35972328977709456,1.696972145811909,36.138888888888886,OK
252,63,GER40,yahoo,9107,1990-01-02,2025-12-30,0.5632933349811743,0.14496591646348622,-0.5516204146075798,26,0.7194465795541891,0.0,36.138888888888886,OK
55,27,US500,yahoo,9067,1990-01-02,2025-12-31,0.16202397862671739,-0.0017419001102420006,-0.8007259476697532,94,2.6125510091540756,1.9822743496441881,35.98015873015873,OK
55,13,US500,yahoo,9067,1990-01-02,2025-12-31,0.1595773580111871,0.004627006019201074,-0.8695727390045639,144,4.002205801257307,0.0,35.98015873015873,OK
100,50,US500,yahoo,9067,1990-01-02,2025-12-31,0.5036497258356003,0.11983858620020538,-0.6326833749207359,43,1.1951031212087793,2.3847858394583366,35.98015873015873,OK
100,25,US500,yahoo,9067,1990-01-02,2025-12-31,0.2539272657808553,0.029843612360784144,-0.7828941832740062,81,2.2512407632072353,0.0,35.98015873015873,OK
252,126,US500,yahoo,9067,1990-01-02,2025-12-31,0.6325972468770078,0.18808193926087702,-0.689718627329339,14,0.3891033417889048,2.390938929486801,35.98015873015873,OK
252,63,US500,yahoo,9067,1990-01-02,2025-12-31,0.49392241005807186,0.12067290982022394,-0.8047746103273801,33,0.9171721627881328,2.6279383926754685,35.98015873015873,OK
55,27,USD-JPY,fx_minute,2074,2018-01-02,2025-12-31,0.31599643964966667,0.05067675861943255,-0.5170369380271562,17,2.0655737704918034,0.0,8.23015873015873,OK
55,13,USD-JPY,fx_minute,2074,2018-01-02,2025-12-31,0.20126917131300848,0.018473797469027442,-0.4553118872887296,28,3.402121504339441,0.0,8.23015873015873,OK
100,50,USD-JPY,fx_minute,2074,2018-01-02,2025-12-31,0.6217785358640298,0.1353431190841301,-0.49260695691635337,6,0.729026036644166,0.0,8.23015873015873,OK
100,25,USD-JPY,fx_minute,2074,2018-01-02,2025-12-31,0.4236080809411659,0.07949320972458507,-0.42039779982034564,14,1.7010607521697205,0.0,8.23015873015873,OK
252,126,USD-JPY,fx_minute,2074,2018-01-02,2025-12-31,0.3402395472262419,0.0559296389721351,-0.6214016488947643,2,0.24300867888138863,0.0,8.23015873015873,OK
252,63,USD-JPY,fx_minute,2074,2018-01-02,2025-12-31,0.4540527524951165,0.07713878026923426,-0.4164625488105643,3,0.364513018322083,0.0,8.23015873015873,OK
55,27,JPN225,mt5,973,2022-11-03,2025-12-31,0.5970505615443281,0.1746267202908045,-0.5030762131393529,7,1.8129496402877698,2.00902751930931,3.861111111111111,OK
55,13,JPN225,mt5,973,2022-11-03,2025-12-31,0.3921901021179605,0.07797869612744712,-0.5904165969664616,14,3.6258992805755397,0.0,3.861111111111111,OK
100,50,JPN225,mt5,973,2022-11-03,2025-12-31,0.7496323528250677,0.27294611194354856,-0.6654143399557586,4,1.0359712230215827,0.0,3.861111111111111,OK
100,25,JPN225,mt5,973,2022-11-03,2025-12-31,0.5902872170543393,0.17461657609152526,-0.6026571878087509,6,1.553956834532374,0.0,3.861111111111111,OK
252,126,JPN225,mt5,973,2022-11-03,2025-12-31,0.8831372828039783,0.29955561945939735,-0.4695237075276394,1,0.2589928057553957,0.0,3.861111111111111,OK
252,63,JPN225,mt5,973,2022-11-03,2025-12-31,0.9922845763473337,0.34334451941895305,-0.3971112757186728,1,0.2589928057553957,0.0,3.861111111111111,OK
55,27,EUR-JPY,mt5,986,2022-11-03,2025-12-31,0.4769350228311951,0.10015696045607703,-0.35614890761127715,8,2.0446247464503045,4.078015917773472,3.9126984126984126,OK
55,13,EUR-JPY,mt5,986,2022-11-03,2025-12-31,0.49476007364071756,0.09545249707275527,-0.3232906611675287,13,3.3225152129817443,0.0,3.9126984126984126,OK
100,50,EUR-JPY,mt5,986,2022-11-03,2025-12-31,0.9675538436119038,0.24107789627015408,-0.30631446402805296,2,0.5111561866125761,4.086578061259729,3.9126984126984126,OK
100,25,EUR-JPY,mt5,986,2022-11-03,2025-12-31,0.7376150688110015,0.16960424352414671,-0.2803224442294322,6,1.5334685598377282,0.0,3.9126984126984126,OK
252,126,EUR-JPY,mt5,986,2022-11-03,2025-12-31,0.525912222175015,0.11339287486667526,-0.3866111384622851,1,0.25557809330628806,0.0,3.9126984126984126,OK
252,63,EUR-JPY,mt5,986,2022-11-03,2025-12-31,0.47577269977791303,0.08770385387357305,-0.3625535897300789,2,0.5111561866125761,0.0,3.9126984126984126,OK
55,27,US30,yahoo,8561,1992-01-02,2025-12-31,0.21464776274900146,0.01704367480818303,-0.9067456840864346,84,2.472608340147179,2.053236987409465,33.97222222222222,OK
55,13,US30,yahoo,8561,1992-01-02,2025-12-31,0.187602729301113,0.012774259840518942,-0.7685745596569018,131,3.856091578086672,0.0,33.97222222222222,OK
100,50,US30,yahoo,8561,1992-01-02,2025-12-31,0.22440304871142566,0.014327939328249162,-0.8502415855907517,46,1.3540474243663123,2.407688965373409,33.97222222222222,OK
100,25,US30,yahoo,8561,1992-01-02,2025-12-31,0.18441933380565545,0.009137243334704559,-0.8947314918675947,74,2.178250204415372,0.0,33.97222222222222,OK
252,126,US30,yahoo,8561,1992-01-02,2025-12-31,0.36196751369530583,0.06526917892571249,-0.9505478742046705,15,0.44153720359771054,2.245962435770384,33.97222222222222,OK
252,63,US30,yahoo,8561,1992-01-02,2025-12-31,0.22601282450317733,0.014575125088652996,-0.8933233771396666,33,0.9713818479149632,0.0,33.97222222222222,OK
55,27,XNG-USD,mt5,965,2022-11-03,2025-12-31,0.5831983080524494,0.16718160644334867,-0.49121043628854477,7,1.827979274611399,0.0,3.8293650793650795,OK
55,13,XNG-USD,mt5,965,2022-11-03,2025-12-31,-0.11694471581924848,-0.09443032976393007,-0.4901234061730716,15,3.9170984455958546,0.0,3.8293650793650795,OK
100,50,XNG-USD,mt5,965,2022-11-03,2025-12-31,0.22479179621373538,0.007244727908679582,-0.5037156949732158,3,0.7834196891191709,0.0,3.8293650793650795,OK
100,25,XNG-USD,mt5,965,2022-11-03,2025-12-31,0.3195038663091561,0.05150965693466625,-0.3727364679146765,5,1.305699481865285,0.0,3.8293650793650795,OK
252,126,XNG-USD,mt5,965,2022-11-03,2025-12-31,-0.08254575247284607,-0.09586926800977491,-0.6006613486198795,1,0.26113989637305696,0.0,3.8293650793650795,OK
252,63,XNG-USD,mt5,965,2022-11-03,2025-12-31,-0.010973446849522195,-0.07074471423854334,-0.5564675737893897,1,0.26113989637305696,0.0,3.8293650793650795,OK
55,27,XTI-USD,yahoo,6365,2000-08-23,2025-12-31,0.060616359317149045,-0.03586996192573322,-0.753233610822627,59,2.335899450117832,0.0,25.25793650793651,OK
55,13,XTI-USD,yahoo,6365,2000-08-23,2025-12-31,0.08842779224177973,-0.016846569588756632,-0.683080265191973,81,3.206912804399057,0.0,25.25793650793651,OK
100,50,XTI-USD,yahoo,6365,2000-08-23,2025-12-31,0.04136374076455142,-0.051546466803151225,-0.9220287758831285,30,1.187745483110762,0.0,25.25793650793651,OK
100,25,XTI-USD,yahoo,6365,2000-08-23,2025-12-31,-0.1365596464715772,-0.0872767304877139,-0.9381483344437519,50,1.979575805184603,0.0,25.25793650793651,OK
252,126,XTI-USD,yahoo,6365,2000-08-23,2025-12-31,0.2988629174994889,-0.003007260294225489,-0.9578720176025485,9,0.35632364493322854,0.0,25.25793650793651,OK
252,63,XTI-USD,yahoo,6365,2000-08-23,2025-12-31,0.14193996790523905,-0.013173007012157067,-0.75819725953721,16,0.633464257659073,0.0,25.25793650793651,OK
55,27,XAG-USD,yahoo,6360,2000-08-30,2025-12-31,0.10994906925834722,-0.04025867299616692,-0.9228706248393445,56,2.218867924528302,0.0,25.238095238095237,OK
55,13,XAG-USD,yahoo,6360,2000-08-30,2025-12-31,0.18804566455320834,0.002576856888831136,-0.8585317650476801,79,3.130188679245283,0.0,25.238095238095237,OK
100,50,XAG-USD,yahoo,6360,2000-08-30,2025-12-31,0.17117916714324516,-0.017429920126047715,-0.9606850187810023,29,1.149056603773585,0.0,25.238095238095237,OK
100,25,XAG-USD,yahoo,6360,2000-08-30,2025-12-31,0.25500184387096997,0.025702900017565256,-0.873910300647436,37,1.4660377358490566,0.0,25.238095238095237,OK
252,126,XAG-USD,yahoo,6360,2000-08-30,2025-12-31,0.5048603786398325,0.13224476054000567,-0.6562694925221567,9,0.3566037735849057,0.0,25.238095238095237,OK
252,63,XAG-USD,yahoo,6360,2000-08-30,2025-12-31,0.3357379565256106,0.05607048848710616,-0.8730908719074313,14,0.5547169811320755,0.0,25.238095238095237,OK
55,27,GBP-JPY,mt5,1595,2020-11-21,2025-12-31,-0.019320488465532824,-0.05011740210440219,-0.6990191413238526,17,2.6858934169279,3.832076336125996,6.329365079365079,OK
55,13,GBP-JPY,mt5,1595,2020-11-21,2025-12-31,0.3489420000925948,0.05824419637471312,-0.5122332793369784,22,3.4758620689655175,0.0,6.329365079365079,OK
100,50,GBP-JPY,mt5,1595,2020-11-21,2025-12-31,0.26667829951285005,0.03479013186385482,-0.43772260426757026,7,1.1059561128526647,2.613805464842457,6.329365079365079,OK
100,25,GBP-JPY,mt5,1595,2020-11-21,2025-12-31,0.17990037994337757,0.012252026684833606,-0.4375771935197391,13,2.053918495297806,0.0,6.329365079365079,OK
252,126,GBP-JPY,mt5,1595,2020-11-21,2025-12-31,0.23439390093414078,0.022400041587205877,-0.52098002178585,3,0.47398119122257054,2.463674281460106,6.329365079365079,OK
252,63,GBP-JPY,mt5,1595,2020-11-21,2025-12-31,0.2433749821098517,0.027140041928403136,-0.48860168361444367,5,0.7899686520376176,2.5835768444254508,6.329365079365079,OK
55,27,XBR-USD,yahoo,4585,2007-07-30,2025-12-31,0.31924566735376153,0.05184865968117114,-0.5947348858610573,34,1.8687022900763361,0.0,18.194444444444443,OK
55,13,XBR-USD,yahoo,4585,2007-07-30,2025-12-31,0.41565327552104936,0.07981643844579289,-0.48974680067570653,48,2.6381679389312978,0.0,18.194444444444443,OK
100,50,XBR-USD,yahoo,4585,2007-07-30,2025-12-31,-0.06550668681221708,-0.08669430974109715,-0.9438272834300991,23,1.2641221374045803,0.0,18.194444444444443,OK
100,25,XBR-USD,yahoo,4585,2007-07-30,2025-12-31,0.05871809065425131,-0.030133795167938793,-0.8053814239116339,28,1.5389312977099239,0.0,18.194444444444443,OK
252,126,XBR-USD,yahoo,4585,2007-07-30,2025-12-31,0.34191370549574496,0.05918699063228017,-0.5245288728331007,5,0.2748091603053435,0.0,18.194444444444443,OK
252,63,XBR-USD,yahoo,4585,2007-07-30,2025-12-31,0.056220142723904326,-0.025305266804390936,-0.5903292226279031,10,0.549618320610687,0.0,18.194444444444443,OK
55,27,UK100,yahoo,9093,1990-01-02,2025-12-31,-0.003687548613987805,-0.04734293983500659,-0.9827283827267865,87,2.41108545034642,0.0,36.083333333333336,OK
55,13,UK100,yahoo,9093,1990-01-02,2025-12-31,0.008355729032344704,-0.03283518608456337,-0.948398988031138,129,3.575057736720554,0.0,36.083333333333336,OK
100,50,UK100,yahoo,9093,1990-01-02,2025-12-31,0.10213834678912062,-0.021864967608860364,-0.9601665073369583,44,1.2193995381062355,0.0,36.083333333333336,OK
100,25,UK100,yahoo,9093,1990-01-02,2025-12-31,0.04780193854621549,-0.02823829340952222,-0.9593886139168573,73,2.023094688221709,0.0,36.083333333333336,OK
252,126,UK100,yahoo,9093,1990-01-02,2025-12-31,0.21595319151098827,0.0007393028855959827,-0.9281042943666759,18,0.4988452655889145,2.8708312019472504,36.083333333333336,OK
252,63,UK100,yahoo,9093,1990-01-02,2025-12-31,0.08113596081096369,-0.032538203419131384,-0.9686088632893117,32,0.8868360277136258,0.0,36.083333333333336,OK
55,27,AGG,14 instruments,70622,1990-01-02,2025-12-31,0.3505540009137314,0.07985142923405804,-0.6772979911294984,658,31.00595931809743,0.0,20.017573696145124,AGG
55,13,AGG,14 instruments,70622,1990-01-02,2025-12-31,0.2784278731878516,0.04477478907144838,-0.63444057689167,1016,49.23499052650097,0.0,20.017573696145124,AGG
100,50,AGG,14 instruments,70622,1990-01-02,2025-12-31,0.3947220023593378,0.07985930876456863,-0.7038720972182959,333,14.859958314160455,0.0,20.017573696145124,AGG
100,25,AGG,14 instruments,70622,1990-01-02,2025-12-31,0.34399277027192854,0.07119107933906835,-0.6681439945379862,553,25.624597470893246,0.0,20.017573696145124,AGG
252,126,AGG,14 instruments,70622,1990-01-02,2025-12-31,0.43701546040072203,0.10080185872338829,-0.6822828400758963,113,5.112188850324557,0.8484860729059545,20.017573696145124,AGG
252,63,AGG,14 instruments,70622,1990-01-02,2025-12-31,0.3594293156338649,0.06905896365849516,-0.6623721632096563,217,8.999382861577233,0.0,20.017573696145124,AGG
